Student,required_hours,total_hours_completed,attendance_rate,hours_completed_ratio,late_count,absent_count,total_tasks_logged,total_task_hours,number_of_distinct_competencies,hours_software_development,hours_machine_learning_engineering,hours_it_related_research,hours_ux_ui_design,hours_information_security_analysis,hours_networking,hours_technical_support,hours_data_analysis,hours_customer_service,hours_data_entry_management,hours_office_work,total_chatbot_queries,chatbot_queries_last_30_days,ojt_progress_ratio,elapsed_days,days_remaining,weekly_progress_grade,narrative_report_grade,coordinator_eval_grade,supervisor_eval_grade,has_weekly_progress_grade,has_narrative_report_grade,has_coordinator_eval_grade,has_supervisor_eval_grade,final_ojt_grade,risk_level
Student_1,486,275.3,98.5,0.566,1,1,76,377.6,6,0.0,64.2,0.0,67.2,121.3,0.0,7.4,0.0,58.4,59.1,0.0,8,3,0.4521,30,37,84.1,73.3,77.3,78.0,1,1,1,1,78.14,MEDIUM
Student_2,300,7.1,10.0,0.024,0,36,2,5.2,0,0.0,0.0,0.0,0.0,0.0,0.0,0.0,0.0,0.0,0.0,0.0,4,1,0.7743,30,10,71.9,70.2,71.4,68.9,1,1,1,1,70.26,HIGH
Student_3,400,21.1,23.6,0.053,0,42,13,46.0,1,0.0,0.0,0.0,0.0,46.0,0.0,0.0,0.0,0.0,0.0,0.0,0,0,0.8484,46,9,68.7,71.3,71.7,72.0,1,1,1,1,71.14,HIGH
Student_4,600,101.8,31.6,0.17,2,54,13,35.3,1,0.0,0.0,0.0,0.0,0.0,0.0,0.0,0.0,0.0,0.0,35.3,4,2,0.5401,42,37,77.6,85.7,77.1,76.4,1,1,1,1,78.64,MEDIUM
Student_5,300,55.0,47.2,0.183,0,19,29,89.5,4,0.0,0.0,0.0,0.0,15.4,0.0,0.0,34.5,20.6,19.0,0.0,2,1,0.1668,6,30,70.7,69.3,74.3,0.0,1,1,1,0,71.43,HIGH
Student_6,600,176.5,59.3,0.294,0,33,31,59.8,6,0.0,0.0,10.6,1.7,0.0,21.4,0.0,4.2,15.9,5.9,0.0,7,3,0.4922,39,42,69.8,83.2,79.4,78.5,1,1,1,1,77.88,MEDIUM
Student_7,486,190.0,56.5,0.391,0,30,39,94.9,9,12.2,0.0,5.1,23.4,9.9,6.2,2.2,19.9,0.0,8.7,7.3,21,10,0.5531,38,31,71.7,67.3,80.0,82.6,1,1,1,1,76.84,MEDIUM
Student_8,300,111.1,57.1,0.37,3,18,13,62.7,4,0.0,4.8,0.0,19.4,0.0,15.1,0.0,0.0,0.0,23.4,0.0,31,13,0.8827,37,5,88.7,82.6,85.7,83.4,1,1,1,1,84.76,MEDIUM
Student_9,400,14.7,17.3,0.037,1,43,9,36.7,2,0.0,0.0,0.0,12.1,0.0,24.6,0.0,0.0,0.0,0.0,0.0,2,0,0.1371,7,45,52.3,67.4,59.6,0.0,1,1,1,0,59.77,HIGH
Student_10,240,122.8,79.3,0.512,0,6,77,327.4,5,125.6,22.1,0.0,66.0,20.1,0.0,0.0,0.0,93.6,0.0,0.0,35,23,0.9964,28,1,86.0,91.9,81.9,81.5,1,1,1,1,84.56,MEDIUM
Student_11,600,66.9,46.9,0.112,2,43,12,19.5,1,0.0,0.0,0.0,0.0,0.0,0.0,19.5,0.0,0.0,0.0,0.0,4,1,0.5066,41,40,59.9,63.0,70.6,0.0,1,1,1,0,64.5,HIGH
Student_12,300,214.8,88.4,0.716,0,5,73,355.1,7,28.5,30.0,39.8,111.4,0.0,0.0,0.0,41.4,25.1,0.0,78.9,5,2,0.3475,14,29,90.4,85.0,87.7,79.6,1,1,1,1,84.46,MEDIUM
Student_13,300,183.2,76.7,0.611,3,10,30,84.0,6,16.2,0.0,19.1,7.8,11.1,22.5,0.0,0.0,7.3,0.0,0.0,8,2,0.9864,42,1,78.1,79.1,71.1,83.1,1,1,1,1,78.9,MEDIUM
Student_14,300,67.9,45.5,0.226,2,24,13,21.0,6,3.6,1.1,0.0,0.0,7.1,0.0,7.1,0.0,0.0,1.2,1.0,23,12,0.7617,33,11,53.0,50.0,53.7,0.0,1,1,1,0,52.23,HIGH
Student_15,240,5.4,13.8,0.023,0,25,8,31.3,3,0.0,0.0,0.0,0.0,0.0,0.0,0.0,9.2,12.1,0.0,9.9,5,2,0.6176,17,12,63.4,70.3,69.3,65.5,1,1,1,1,66.8,HIGH
Student_16,400,32.7,29.8,0.082,1,33,7,24.1,2,0.0,0.0,0.0,0.0,0.0,0.0,0.0,0.0,5.1,19.0,0.0,8,4,0.5296,24,23,60.0,77.1,66.2,63.8,1,1,1,1,66.18,HIGH
Student_17,400,276.2,76.5,0.69,0,12,74,157.5,6,33.6,0.0,45.8,53.7,0.0,0.0,0.0,14.5,0.0,7.0,2.9,5,1,0.9186,46,5,88.4,79.3,84.6,90.8,1,1,1,1,86.78,LOW
Student_18,300,12.6,18.2,0.042,1,36,10,30.6,3,0.0,0.0,2.3,0.0,0.0,0.0,11.6,16.7,0.0,0.0,0.0,3,1,0.0665,2,42,54.5,60.4,59.1,51.7,1,1,1,1,55.48,HIGH
Student_19,600,43.5,20.3,0.072,1,59,13,27.6,2,0.0,0.0,0.0,0.0,16.5,11.1,0.0,0.0,0.0,0.0,0.0,3,1,0.8731,64,10,75.6,74.2,76.9,73.4,1,1,1,1,74.7,HIGH
Student_20,400,181.2,63.6,0.453,1,20,10,26.4,3,0.0,4.3,0.0,0.0,0.0,0.0,0.0,6.5,15.7,0.0,0.0,9,3,0.1718,9,46,73.8,69.2,67.9,80.2,1,1,1,1,74.26,HIGH
Student_21,600,319.1,86.9,0.532,4,11,14,44.5,2,31.5,0.0,0.0,0.0,0.0,0.0,0.0,13.0,0.0,0.0,0.0,5,3,0.8298,69,15,79.8,70.0,69.2,72.7,1,1,1,1,72.88,HIGH
Student_22,400,328.8,95.6,0.822,0,2,58,170.4,10,23.7,26.3,20.3,5.5,11.5,3.2,37.3,0.0,29.6,1.8,11.2,8,4,0.9939,44,1,88.8,81.4,75.9,86.3,1,1,1,1,83.74,MEDIUM
Student_23,486,72.2,37.1,0.149,0,44,12,27.8,2,8.5,0.0,0.0,0.0,0.0,0.0,19.3,0.0,0.0,0.0,0.0,16,8,0.3208,22,48,74.6,79.1,75.1,76.7,1,1,1,1,76.44,MEDIUM
Student_24,600,241.0,75.0,0.402,2,18,28,54.5,6,27.8,0.0,7.0,0.0,0.0,0.0,6.1,0.4,7.8,5.4,0.0,18,10,0.8215,59,13,76.3,71.7,78.2,71.9,1,1,1,1,74.0,HIGH
Student_25,400,235.9,79.2,0.59,3,11,70,182.8,10,11.4,9.7,33.0,2.1,2.8,0.0,22.3,48.1,37.0,10.2,6.2,11,5,0.4602,24,29,85.4,82.8,83.2,89.5,1,1,1,1,86.08,LOW
Student_26,486,339.8,91.4,0.699,5,6,25,73.9,7,2.5,0.0,3.4,21.1,0.0,0.0,8.6,6.6,6.1,25.6,0.0,19,11,0.5747,40,30,95.5,99.6,98.1,98.6,1,1,1,1,98.08,LOW
Student_27,486,255.5,75.4,0.526,3,17,30,148.8,7,9.8,0.4,20.0,27.1,58.9,20.3,0.0,0.0,0.0,12.3,0.0,29,5,0.4788,33,36,90.5,91.0,85.9,83.0,1,1,1,1,86.68,LOW
Student_28,240,17.2,21.9,0.072,0,25,3,8.4,1,0.0,0.0,0.0,0.0,8.4,0.0,0.0,0.0,0.0,0.0,0.0,3,1,0.26,8,24,70.2,77.3,83.4,0.0,1,1,1,0,76.97,MEDIUM
Student_29,486,24.4,19.3,0.05,1,46,8,28.5,2,0.0,11.3,0.0,0.0,0.0,0.0,0.0,0.0,0.0,17.2,0.0,8,2,0.8858,50,7,67.4,62.8,69.3,71.8,1,1,1,1,68.62,HIGH
Student_30,200,2.5,7.7,0.012,0,24,13,46.5,1,0.0,0.0,0.0,0.0,0.0,0.0,0.0,0.0,0.0,46.5,0.0,1,0,0.5834,15,11,65.9,69.4,61.5,67.9,1,1,1,1,66.52,HIGH
Student_31,600,200.7,72.9,0.334,2,19,31,126.3,6,0.0,33.1,16.2,0.0,17.2,0.0,33.8,3.4,0.0,22.5,0.0,14,8,0.1977,13,57,93.3,82.4,78.8,79.7,1,1,1,1,82.78,MEDIUM
Student_32,486,176.6,55.2,0.363,3,30,40,66.2,5,18.5,0.0,0.0,0.0,9.9,0.0,0.0,16.6,4.6,16.6,0.0,12,2,0.5932,39,28,86.0,90.1,79.9,87.3,1,1,1,1,86.12,LOW
Student_33,200,43.1,44.8,0.216,1,16,15,43.7,4,0.0,0.0,7.0,1.9,11.7,0.0,0.0,23.1,0.0,0.0,0.0,9,3,0.9814,28,1,74.2,84.1,84.9,88.6,1,1,1,1,84.08,MEDIUM
Student_34,486,193.6,63.6,0.398,2,24,30,81.1,6,8.1,29.9,0.0,0.0,1.3,0.0,0.0,8.4,18.0,0.0,15.3,15,5,0.986,65,1,77.0,69.8,70.0,73.7,1,1,1,1,72.84,HIGH
Student_35,400,136.5,58.9,0.341,2,23,13,52.5,3,0.0,6.6,0.0,20.2,0.0,0.0,0.0,0.0,0.0,0.0,25.7,5,3,0.5404,30,26,77.7,82.9,76.3,72.4,1,1,1,1,76.34,MEDIUM
Student_36,240,111.4,77.8,0.464,1,6,44,195.6,7,0.0,19.8,0.0,0.0,28.7,9.2,48.9,10.6,31.4,47.0,0.0,5,1,0.3902,10,17,85.8,88.1,95.7,88.4,1,1,1,1,89.28,LOW
Student_37,600,92.5,42.5,0.154,4,42,12,29.8,3,0.0,12.0,15.3,0.0,0.0,0.0,0.0,0.0,0.0,0.0,2.5,15,6,0.8624,62,11,68.3,67.0,72.7,76.5,1,1,1,1,72.2,HIGH
Student_38,486,115.3,56.9,0.237,4,28,22,66.1,3,22.8,0.0,0.0,0.0,0.0,0.0,6.8,0.0,0.0,0.0,36.4,21,8,0.9078,59,6,62.7,70.6,67.7,69.3,1,1,1,1,67.92,HIGH
Student_39,486,29.4,27.0,0.06,2,46,12,42.0,2,0.0,17.3,24.7,0.0,0.0,0.0,0.0,0.0,0.0,0.0,0.0,2,1,0.2069,13,50,59.2,61.9,54.2,63.5,1,1,1,1,60.46,HIGH
Student_40,240,113.3,68.6,0.472,0,11,46,142.5,7,0.0,37.3,0.0,0.0,20.0,15.7,25.2,0.0,22.2,4.7,17.5,6,2,0.704,24,11,84.2,77.6,89.0,79.2,1,1,1,1,81.84,MEDIUM
Student_41,400,129.7,52.0,0.324,0,24,46,141.5,8,39.8,1.6,6.1,9.6,10.7,4.2,0.0,0.0,0.0,27.5,42.1,22,11,0.2695,13,37,75.6,78.8,76.4,78.3,1,1,1,1,77.48,MEDIUM
Student_42,600,312.0,73.9,0.52,3,23,45,126.5,7,2.4,0.0,1.0,0.0,25.8,0.0,11.7,67.5,10.8,0.0,7.4,4,2,0.4054,35,53,100.0,98.2,91.8,91.5,1,1,1,1,94.6,LOW
Student_43,240,67.8,64.5,0.282,2,11,24,65.7,4,23.0,9.2,0.0,0.0,0.0,0.0,0.0,8.0,25.5,0.0,0.0,4,2,0.9309,28,3,79.1,78.1,65.5,69.7,1,1,1,1,72.42,HIGH
Student_44,400,31.9,29.8,0.08,1,40,17,40.7,2,21.1,0.0,0.0,0.0,0.0,0.0,0.0,19.6,0.0,0.0,0.0,10,3,0.9949,56,1,56.2,58.4,50.0,53.1,1,1,1,1,54.16,HIGH
Student_45,200,126.7,70.4,0.634,0,8,31,72.8,4,27.0,0.0,23.5,0.0,12.6,9.7,0.0,0.0,0.0,0.0,0.0,1,0,0.8317,22,5,88.8,87.0,91.5,84.3,1,1,1,1,87.18,LOW
Student_46,400,358.9,98.2,0.897,0,1,67,164.1,7,19.9,0.0,35.1,14.8,6.0,37.0,19.9,0.0,31.4,0.0,0.0,11,2,0.6952,38,17,100.0,99.2,100.0,95.2,1,1,1,1,97.92,LOW
Student_47,486,92.9,38.9,0.191,0,44,11,30.4,6,4.7,0.0,0.0,4.8,7.7,0.0,3.8,0.0,0.0,2.3,7.0,3,0,0.6835,49,23,77.2,72.6,78.8,0.0,1,1,1,0,76.2,MEDIUM
Student_48,240,60.2,55.6,0.251,0,12,50,243.6,8,0.0,22.0,33.2,0.0,35.4,0.0,23.5,64.8,21.0,23.3,20.4,6,2,0.2058,5,22,73.3,65.9,73.2,80.8,1,1,1,1,74.8,HIGH
Student_49,240,46.1,45.7,0.192,0,19,28,102.7,6,21.6,13.8,0.0,13.1,0.0,11.5,10.6,32.2,0.0,0.0,0.0,5,1,0.9567,33,2,83.7,90.6,88.2,0.0,1,1,1,0,87.5,LOW
Student_50,300,22.5,40.0,0.075,3,21,3,9.1,2,4.7,0.0,0.0,0.0,0.0,0.0,0.0,0.0,0.0,0.0,4.4,2,1,0.285,9,26,60.8,69.0,74.1,68.1,1,1,1,1,68.02,HIGH
Student_51,240,35.3,52.9,0.147,1,16,30,71.7,3,0.0,0.0,0.0,0.0,1.5,0.0,0.0,9.4,60.7,0.0,0.0,7,4,0.8958,30,4,79.2,83.5,91.3,83.2,1,1,1,1,84.08,MEDIUM
Student_52,300,45.3,39.5,0.151,3,23,11,48.2,3,0.0,0.0,0.0,0.0,22.2,0.0,9.3,0.0,16.7,0.0,0.0,7,3,0.194,7,31,74.6,63.9,74.4,0.0,1,1,1,0,70.97,HIGH
Student_53,200,118.3,76.9,0.592,0,6,73,122.8,6,0.0,47.8,0.0,0.0,18.3,0.0,0.0,21.0,14.5,4.9,16.3,11,3,0.6623,17,9,86.7,97.8,88.7,85.7,1,1,1,1,88.92,LOW
Student_54,300,97.8,59.5,0.326,0,17,75,294.8,9,0.0,107.4,16.4,5.6,10.5,61.4,42.7,23.1,0.0,20.3,7.4,3,0,0.9673,40,2,88.2,83.8,84.0,87.1,1,1,1,1,86.04,LOW
Student_55,600,442.5,97.6,0.738,0,2,55,137.9,6,0.0,27.5,27.0,22.8,0.0,0.0,11.8,30.0,18.9,0.0,0.0,12,4,0.9589,78,4,100.0,95.3,98.6,96.8,1,1,1,1,97.5,LOW
Student_56,240,111.3,63.6,0.464,0,12,40,151.9,10,19.5,26.5,2.3,27.8,31.2,3.8,20.3,14.7,4.6,1.2,0.0,12,3,0.808,26,7,91.6,87.7,95.4,91.8,1,1,1,1,91.66,LOW
Student_57,240,112.4,85.2,0.468,1,4,60,140.8,9,21.3,13.7,22.1,5.9,4.7,6.0,0.0,0.0,25.9,15.8,25.3,5,1,0.8854,23,4,94.9,84.4,93.3,87.8,1,1,1,1,89.64,LOW
Student_58,400,346.2,86.8,0.865,4,7,57,166.8,7,0.0,34.9,3.0,0.0,41.5,28.6,0.0,0.0,12.7,8.2,37.9,17,11,0.967,51,2,88.0,87.7,76.1,86.3,1,1,1,1,84.88,MEDIUM
Student_59,300,192.5,75.7,0.642,0,9,41,127.4,7,0.0,2.6,6.6,0.0,7.8,73.8,0.0,20.1,13.3,0.0,3.2,7,3,0.7875,29,8,100.0,93.2,86.7,97.3,1,1,1,1,94.9,LOW
Student_60,486,61.5,29.9,0.127,2,47,10,42.1,3,0.0,9.4,0.0,28.6,0.0,0.0,4.1,0.0,0.0,0.0,0.0,13,5,0.3669,24,43,68.1,64.0,69.6,67.4,1,1,1,1,67.3,HIGH
Student_61,300,149.2,83.3,0.497,0,6,78,240.0,8,42.8,45.6,0.0,0.0,29.2,0.0,4.6,29.6,25.1,35.1,28.0,17,7,0.3982,14,22,100.0,96.2,90.5,90.8,1,1,1,1,93.66,LOW
Student_62,486,372.9,93.0,0.767,0,4,41,121.0,9,23.8,35.7,0.4,9.4,4.6,22.4,3.3,0.0,1.0,20.4,0.0,16,9,0.8752,49,8,95.6,93.5,87.3,87.4,1,1,1,1,90.24,LOW
Student_63,600,124.1,52.9,0.207,6,32,73,192.6,10,28.2,32.9,1.1,27.9,3.7,22.5,3.0,0.0,1.7,62.9,8.7,18,6,0.6757,45,23,88.2,68.8,74.6,86.0,1,1,1,1,80.72,MEDIUM
Student_64,600,434.8,91.2,0.725,0,6,62,244.3,8,60.6,24.7,0.0,29.7,5.8,0.0,38.6,38.4,1.5,0.0,45.0,12,3,0.941,63,5,91.6,95.9,86.5,92.0,1,1,1,1,91.6,LOW
Student_65,300,227.0,90.5,0.757,2,4,28,74.9,5,0.0,0.0,43.5,14.8,0.2,0.0,0.0,0.0,4.2,0.0,12.3,7,1,0.8526,35,7,77.7,69.8,71.6,77.4,1,1,1,1,74.78,HIGH
Student_66,600,114.5,44.9,0.191,3,43,9,22.1,1,0.0,0.0,0.0,22.1,0.0,0.0,0.0,0.0,0.0,0.0,0.0,9,5,0.8829,68,10,72.9,81.8,76.3,70.9,1,1,1,1,74.56,HIGH
Student_67,400,138.8,61.5,0.347,0,20,31,67.8,10,4.6,9.1,10.4,10.4,0.0,4.1,5.4,1.5,14.4,0.3,7.5,11,6,0.2989,15,37,79.5,78.7,80.3,84.3,1,1,1,1,81.42,MEDIUM
Student_68,486,10.5,12.1,0.022,0,58,4,9.3,3,2.0,0.0,0.0,4.0,0.0,0.0,0.0,0.0,0.0,0.0,3.3,5,1,0.6643,43,23,58.5,54.0,66.0,54.2,1,1,1,1,57.38,HIGH
Student_69,200,102.7,84.0,0.514,0,4,40,84.3,7,18.6,9.1,0.0,5.1,23.4,11.3,9.8,0.0,0.0,0.0,7.1,3,1,0.7197,17,8,96.8,93.5,88.9,87.9,1,1,1,1,91.0,LOW
Student_70,200,55.8,40.7,0.279,0,16,18,79.6,6,3.8,0.0,36.9,0.0,4.2,0.0,12.4,0.0,7.1,15.2,0.0,6,3,0.4533,12,15,77.5,78.3,82.9,79.8,1,1,1,1,79.66,MEDIUM
Student_71,300,226.7,86.5,0.756,1,5,41,147.0,7,11.8,0.0,17.2,24.5,0.0,14.5,15.9,0.0,0.0,21.2,42.0,13,3,0.4208,15,22,95.1,90.3,81.5,87.6,1,1,1,1,88.42,LOW
Student_72,400,47.7,31.1,0.119,2,31,11,19.4,3,0.0,0.0,10.0,3.6,0.0,0.0,0.0,0.0,0.0,0.0,5.8,4,2,0.2508,11,34,85.3,96.6,86.7,84.8,1,1,1,1,87.64,LOW
Student_73,240,70.7,57.1,0.295,3,15,9,15.9,1,0.0,0.0,0.0,0.0,0.0,15.9,0.0,0.0,0.0,0.0,0.0,7,1,0.486,17,18,74.3,71.6,72.8,71.2,1,1,1,1,72.22,HIGH
Student_74,486,7.7,13.4,0.016,0,58,6,17.0,1,0.0,0.0,0.0,17.0,0.0,0.0,0.0,0.0,0.0,0.0,0.0,4,1,0.1522,10,57,53.9,70.1,71.5,0.0,1,1,1,0,65.17,HIGH
Student_75,600,462.5,95.9,0.771,0,3,47,199.4,6,0.0,27.4,0.0,0.0,9.5,7.8,45.1,50.7,58.8,0.0,0.0,2,0,0.8845,65,9,100.0,95.7,95.1,95.2,1,1,1,1,96.24,LOW
Student_76,200,103.0,76.0,0.515,1,6,25,42.9,8,3.4,8.1,4.3,2.1,4.2,4.8,0.0,0.0,9.9,0.0,6.2,4,1,0.7758,19,6,84.1,80.8,78.2,85.3,1,1,1,1,82.74,MEDIUM
Student_77,486,92.6,45.0,0.191,1,33,13,44.3,2,0.0,0.0,0.0,0.0,0.0,0.0,0.0,28.7,15.6,0.0,0.0,7,2,0.6296,37,23,81.3,90.0,88.0,0.0,1,1,1,0,86.43,LOW
Student_78,200,182.8,100.0,0.914,0,0,42,162.4,8,0.0,0.0,26.6,11.9,5.6,47.9,7.3,6.1,23.2,33.8,0.0,1,0,0.742,21,8,87.7,89.8,93.9,83.8,1,1,1,1,87.8,LOW
Student_79,486,179.2,52.2,0.369,0,33,69,311.9,5,56.5,81.7,82.9,0.0,0.0,0.0,8.9,0.0,81.9,0.0,0.0,2,0,0.8568,59,10,82.7,88.0,94.2,83.9,1,1,1,1,86.54,LOW
Student_80,300,70.8,51.5,0.236,1,16,56,184.8,5,60.3,0.0,30.0,0.0,0.0,0.0,66.1,0.0,0.0,16.8,11.7,12,3,0.6875,22,11,67.7,81.0,75.8,76.5,1,1,1,1,75.5,MEDIUM
Student_81,600,198.8,68.1,0.331,2,22,15,51.4,4,0.0,9.7,0.0,0.0,0.0,15.9,0.0,18.9,6.9,0.0,0.0,5,3,0.8384,57,12,78.1,87.3,77.9,89.2,1,1,1,1,84.34,MEDIUM
Student_82,240,157.9,78.8,0.658,2,7,59,280.7,9,53.6,6.9,21.3,16.8,5.6,0.0,12.3,93.2,36.9,0.0,34.2,26,17,0.406,13,20,97.3,98.7,81.2,85.5,1,1,1,1,89.64,LOW
Student_83,486,238.4,77.3,0.491,0,15,31,74.1,6,1.4,0.0,5.1,0.0,3.4,22.7,12.7,0.0,0.0,28.7,0.0,7,2,0.5759,38,28,92.8,98.7,93.6,89.7,1,1,1,1,92.9,LOW
Student_84,200,105.7,69.0,0.528,0,9,74,327.4,6,0.0,0.0,96.0,0.0,65.1,62.5,58.7,36.4,8.9,0.0,0.0,15,4,0.7666,22,7,81.7,77.2,82.2,81.2,1,1,1,1,80.7,MEDIUM
Student_85,600,178.9,51.3,0.298,0,37,10,34.4,4,0.0,0.0,0.0,9.9,0.0,0.0,0.0,18.2,0.0,5.6,0.6,12,6,0.2912,22,54,74.6,75.7,69.8,69.1,1,1,1,1,71.66,HIGH
Student_86,200,78.0,68.0,0.39,2,8,11,53.8,4,0.0,0.0,2.9,0.0,0.0,0.0,0.0,0.0,37.2,10.6,3.1,30,13,0.6861,17,8,79.6,82.5,83.5,85.4,1,1,1,1,83.28,MEDIUM
Student_87,400,10.7,15.1,0.027,0,45,7,34.9,0,0.0,0.0,0.0,0.0,0.0,0.0,0.0,0.0,0.0,0.0,0.0,6,1,0.2008,10,43,75.7,68.8,61.5,72.6,1,1,1,1,70.24,HIGH
Student_88,200,9.8,22.2,0.049,0,21,11,43.4,3,0.0,0.0,0.0,33.2,0.0,8.8,0.0,1.4,0.0,0.0,0.0,4,1,0.9444,25,2,50.0,54.2,58.8,63.0,1,1,1,1,57.8,HIGH
Student_89,600,33.4,25.9,0.056,3,60,9,22.8,1,0.0,0.0,0.0,0.0,22.8,0.0,0.0,0.0,0.0,0.0,0.0,0,0,0.5422,43,38,50.0,50.0,62.2,60.3,1,1,1,1,56.56,HIGH
Student_90,300,213.4,82.5,0.711,0,7,60,157.1,5,38.7,0.0,0.0,21.2,0.0,30.7,20.3,0.0,0.0,46.2,0.0,14,3,0.4293,17,23,80.9,65.7,66.9,76.5,1,1,1,1,73.3,HIGH
Student_91,300,50.4,36.6,0.168,2,26,19,78.5,6,0.0,11.2,0.0,0.0,3.9,0.0,0.0,18.5,16.5,14.0,14.5,4,2,0.584,23,18,71.3,77.1,69.1,71.6,1,1,1,1,72.14,HIGH
Student_92,300,157.3,63.6,0.524,2,16,31,64.8,2,0.0,0.0,0.0,0.0,0.0,0.0,0.0,25.4,39.4,0.0,0.0,6,4,0.9426,41,3,84.1,74.8,89.1,87.7,1,1,1,1,84.68,MEDIUM
Student_93,400,65.4,47.3,0.164,2,29,16,37.9,6,5.6,0.0,7.0,15.1,0.0,5.6,3.2,0.0,0.0,1.4,0.0,19,10,0.2668,14,41,72.3,81.1,79.0,0.0,1,1,1,0,77.47,MEDIUM
Student_94,300,101.4,61.8,0.338,0,13,76,228.5,5,0.0,0.0,30.2,0.0,133.8,25.3,21.3,18.0,0.0,0.0,0.0,34,23,0.8282,28,6,92.2,87.1,86.1,82.1,1,1,1,1,85.92,LOW
Student_95,400,7.2,20.3,0.018,0,47,3,8.3,1,0.0,0.0,0.0,0.0,8.3,0.0,0.0,0.0,0.0,0.0,0.0,9,3,0.36,21,38,50.0,50.1,50.0,50.0,1,1,1,1,50.02,HIGH
Student_96,240,92.6,61.3,0.386,0,12,19,64.7,2,0.0,0.0,0.0,0.0,0.0,0.0,17.9,0.0,0.0,0.0,46.8,11,3,0.9582,29,2,77.5,79.1,73.9,81.3,1,1,1,1,78.62,MEDIUM
Student_97,600,80.4,35.5,0.134,0,49,18,46.8,5,20.1,0.0,4.1,3.5,4.4,0.0,0.0,0.0,14.6,0.0,0.0,9,2,0.8895,67,9,52.0,64.7,59.6,0.0,1,1,1,0,58.77,HIGH
Student_98,486,305.6,76.6,0.629,4,15,43,81.3,8,6.2,30.0,2.7,7.3,0.0,17.2,6.4,0.0,6.5,0.0,5.2,22,7,0.6016,38,26,90.5,91.3,90.3,88.8,1,1,1,1,89.94,LOW
Student_99,400,310.2,98.2,0.776,3,1,44,163.8,6,0.0,0.0,9.5,59.0,55.0,11.3,0.0,7.5,0.0,0.0,21.5,11,6,0.9828,56,1,92.1,97.4,84.5,89.8,1,1,1,1,90.72,LOW
Student_100,600,56.5,29.7,0.094,3,52,10,24.6,3,0.0,0.0,0.0,18.4,0.0,5.4,0.0,0.0,0.0,0.8,0.0,11,5,0.296,21,53,50.0,50.0,53.2,52.6,1,1,1,1,51.68,HIGH
Student_101,486,23.8,14.9,0.049,0,57,4,12.8,0,0.0,0.0,0.0,0.0,0.0,0.0,0.0,0.0,0.0,0.0,0.0,3,1,0.1796,12,55,62.1,72.7,66.2,74.3,1,1,1,1,69.92,HIGH
Student_102,240,92.3,51.7,0.385,2,14,27,85.4,7,0.0,7.3,11.9,5.0,6.8,0.0,0.0,21.9,23.5,0.0,8.9,6,2,0.7612,22,7,78.1,75.6,84.9,81.2,1,1,1,1,80.2,MEDIUM
Student_103,240,5.2,13.8,0.022,0,25,9,27.9,1,0.0,0.0,27.9,0.0,0.0,0.0,0.0,0.0,0.0,0.0,0.0,2,0,0.1472,4,25,65.9,71.5,75.2,70.0,1,1,1,1,70.52,HIGH
Student_104,240,141.9,70.6,0.591,0,10,27,66.2,3,0.0,18.5,0.0,0.0,3.2,44.5,0.0,0.0,0.0,0.0,0.0,3,1,0.5113,17,17,85.4,69.8,83.3,88.0,1,1,1,1,82.9,MEDIUM
Student_105,240,79.0,62.9,0.329,2,13,10,41.8,3,2.9,0.0,0.0,31.5,0.0,0.0,0.0,0.0,0.0,0.0,7.4,7,3,0.5279,18,17,79.3,82.1,73.9,81.5,1,1,1,1,79.66,MEDIUM
Student_106,300,86.0,44.2,0.287,1,24,28,72.5,4,0.0,0.0,6.0,0.0,0.0,51.4,0.0,0.0,0.0,1.3,13.8,11,3,0.2847,12,31,67.4,75.8,71.5,60.9,1,1,1,1,67.3,HIGH
Student_107,300,118.9,59.5,0.396,0,15,18,86.2,3,56.9,0.0,7.0,22.3,0.0,0.0,0.0,0.0,0.0,0.0,0.0,0,0,0.3105,11,26,77.1,81.1,80.0,70.5,1,1,1,1,75.84,MEDIUM
Student_108,200,1.9,15.4,0.01,0,22,13,21.8,2,0.0,0.0,0.0,7.5,0.0,0.0,14.3,0.0,0.0,0.0,0.0,2,0,0.1596,4,22,66.6,81.7,71.4,66.8,1,1,1,1,70.66,HIGH
Student_109,486,339.2,91.3,0.698,0,6,65,324.0,6,0.0,27.9,40.8,0.0,64.9,42.5,0.0,96.5,51.5,0.0,0.0,16,8,0.4313,29,40,94.9,92.0,91.6,92.1,1,1,1,1,92.54,LOW
Student_110,600,64.6,40.6,0.108,3,41,5,9.8,1,0.0,0.0,0.0,9.8,0.0,0.0,0.0,0.0,0.0,0.0,0.0,9,2,0.3034,20,49,50.0,51.9,51.7,54.1,1,1,1,1,52.36,HIGH
Student_111,240,33.6,41.4,0.14,1,17,3,11.7,2,0.0,0.0,8.9,2.8,0.0,0.0,0.0,0.0,0.0,0.0,0.0,9,2,0.2086,6,23,73.9,75.1,74.6,74.7,1,1,1,1,74.6,HIGH
Student_112,200,26.2,44.0,0.131,0,14,7,29.6,3,0.0,11.6,0.0,0.0,0.0,0.0,0.0,10.5,0.0,7.5,0.0,5,2,0.5908,14,11,58.4,50.7,50.0,50.0,1,1,1,1,51.82,HIGH
Student_113,300,30.7,38.2,0.102,1,21,6,11.8,3,1.1,0.0,0.0,0.0,4.2,0.0,0.0,6.5,0.0,0.0,0.0,3,0,0.4633,15,19,50.0,52.1,58.3,0.0,1,1,1,0,53.47,HIGH
Student_114,300,8.5,17.9,0.028,0,32,9,23.4,2,0.0,0.0,0.0,0.0,0.0,0.0,0.0,16.3,0.0,0.0,7.1,4,2,0.6715,26,13,66.8,67.3,70.7,79.0,1,1,1,1,72.56,HIGH
Student_115,400,335.6,94.9,0.839,2,3,28,83.8,7,13.8,0.0,2.7,0.0,7.8,0.0,15.0,4.2,23.8,0.0,16.5,12,3,0.5949,35,24,98.6,93.7,97.9,90.0,1,1,1,1,94.04,LOW
Student_116,300,78.6,42.5,0.262,1,23,62,256.4,9,31.2,2.9,31.7,0.0,56.3,24.0,46.4,41.4,6.8,15.8,0.0,4,1,0.8104,32,8,73.8,74.0,71.1,79.5,1,1,1,1,75.58,MEDIUM
Student_117,400,327.5,85.2,0.819,0,8,37,119.5,10,0.0,18.6,3.0,13.4,18.1,10.3,23.4,14.5,7.6,2.0,8.7,9,2,0.5964,32,22,84.4,92.9,91.7,85.8,1,1,1,1,88.12,LOW
Student_118,240,10.8,20.0,0.045,0,24,8,35.3,3,0.0,0.0,0.0,0.0,0.0,0.0,0.0,0.0,9.7,20.0,5.6,3,1,0.3449,10,20,68.9,70.5,69.2,0.0,1,1,1,0,69.53,HIGH
Student_119,200,49.5,52.0,0.248,1,12,12,55.7,6,1.0,0.0,0.0,4.9,24.5,0.0,12.2,7.3,0.0,5.9,0.0,5,1,0.2251,5,20,75.5,76.7,70.2,75.0,1,1,1,1,74.48,HIGH
Student_120,200,171.6,96.0,0.858,0,1,28,101.9,10,19.6,3.9,7.3,21.5,16.6,5.0,0.5,10.6,0.0,13.5,3.4,8,2,0.8254,20,5,99.6,88.2,91.8,90.7,1,1,1,1,92.2,LOW
Student_121,200,0.0,0.0,0.0,0,25,5,24.9,1,0.0,0.0,0.0,0.0,0.0,0.0,24.9,0.0,0.0,0.0,0.0,1,0,0.8401,21,4,61.9,65.8,61.9,65.2,1,1,1,1,64.0,HIGH
Student_122,200,47.5,48.1,0.238,1,14,20,66.2,2,0.0,0.0,0.0,57.0,0.0,0.0,0.0,0.0,9.2,0.0,0.0,12,6,0.9086,24,3,65.5,67.5,75.9,0.0,1,1,1,0,69.63,HIGH
Student_123,600,8.2,10.3,0.014,2,61,9,36.9,0,0.0,0.0,0.0,0.0,0.0,0.0,0.0,0.0,0.0,0.0,0.0,8,2,0.16,10,58,63.4,72.3,66.3,76.8,1,1,1,1,71.12,HIGH
Student_124,400,288.6,87.5,0.722,1,6,54,176.0,6,72.7,0.0,0.0,20.3,33.0,6.8,0.0,0.0,0.0,20.9,22.3,8,4,0.8725,41,7,100.0,82.2,98.3,95.4,1,1,1,1,94.26,LOW
Student_125,400,268.1,82.5,0.67,0,10,25,91.4,10,13.9,0.0,8.9,6.4,6.7,0.3,28.1,5.7,3.3,9.1,8.9,12,6,0.9424,53,4,100.0,100.0,98.4,96.7,1,1,1,1,98.36,LOW
Student_126,300,76.3,59.5,0.254,1,15,18,55.2,6,0.0,7.3,0.0,0.0,7.7,0.0,1.8,12.8,0.0,19.5,6.0,2,0,0.5913,21,16,79.2,82.1,77.0,73.8,1,1,1,1,77.18,MEDIUM
Student_127,486,139.5,46.3,0.287,0,36,17,34.5,3,18.1,0.0,0.0,0.0,0.0,0.0,0.0,9.6,0.0,6.9,0.0,11,3,0.5854,39,28,76.3,81.4,79.5,83.5,1,1,1,1,80.84,MEDIUM
Student_128,600,149.2,67.9,0.249,4,25,8,30.2,1,0.0,0.0,0.0,0.0,0.0,0.0,30.2,0.0,0.0,0.0,0.0,4,1,0.2489,19,59,86.3,84.1,92.3,91.4,1,1,1,1,89.1,LOW
Student_129,300,82.9,52.5,0.276,0,19,11,42.7,3,0.0,16.8,0.0,0.0,0.0,0.0,13.7,0.0,0.0,12.2,0.0,3,0,0.9581,38,2,50.0,52.1,50.0,51.1,1,1,1,1,50.86,HIGH
Student_130,240,12.3,25.7,0.051,1,26,10,32.5,1,0.0,32.5,0.0,0.0,0.0,0.0,0.0,0.0,0.0,0.0,0.0,1,0,0.6895,24,11,71.0,75.4,80.9,70.2,1,1,1,1,73.54,HIGH
Student_131,400,154.4,62.7,0.386,1,22,57,215.7,6,0.0,34.5,0.0,19.4,0.0,0.0,21.1,0.0,97.1,30.5,13.2,6,2,0.5625,33,26,80.2,73.6,76.6,78.5,1,1,1,1,77.48,MEDIUM
Student_132,400,39.5,29.8,0.099,2,40,4,7.2,2,0.0,0.0,0.0,0.0,6.9,0.0,0.0,0.0,0.0,0.0,0.3,3,1,0.2098,11,46,59.1,50.0,53.3,57.9,1,1,1,1,55.64,HIGH
Student_133,400,292.1,84.2,0.73,0,9,49,150.2,10,27.6,0.0,1.1,10.3,30.7,7.8,5.2,16.3,29.4,1.7,20.2,2,1,0.7854,44,13,100.0,88.8,94.5,90.2,1,1,1,1,92.74,LOW
Student_134,200,49.6,50.0,0.248,1,13,17,70.0,3,0.0,0.0,0.0,0.0,23.7,31.0,0.0,15.3,0.0,0.0,0.0,9,3,0.6113,15,11,73.9,69.2,77.5,0.0,1,1,1,0,73.53,HIGH
Student_135,600,133.4,46.6,0.222,3,39,31,154.7,4,0.0,96.5,0.0,20.4,0.0,0.0,0.0,0.0,11.0,26.8,0.0,13,8,0.7569,55,18,90.1,81.5,86.9,82.3,1,1,1,1,84.62,MEDIUM
Student_136,300,172.2,89.5,0.574,3,4,28,111.2,6,0.0,4.1,8.6,0.0,0.0,7.4,15.0,21.1,0.0,0.0,55.1,11,5,0.6302,23,15,100.0,98.7,100.0,100.0,1,1,1,1,99.74,LOW
Student_137,486,214.1,65.7,0.441,3,24,59,288.9,8,11.9,106.3,12.1,13.9,17.9,2.4,0.0,20.6,0.0,0.0,103.8,0,0,0.3545,24,46,85.9,92.3,95.1,97.5,1,1,1,1,93.66,LOW
Student_138,200,140.8,79.3,0.704,0,6,44,93.3,9,0.0,2.9,0.0,7.5,2.3,6.0,10.1,9.2,37.1,14.0,4.3,3,1,0.6786,19,10,97.1,97.3,92.7,97.2,1,1,1,1,96.3,LOW
Student_139,300,331.6,95.2,1.105,0,2,37,133.5,9,7.2,31.3,17.0,0.0,1.8,20.3,10.0,0.0,40.6,0.8,4.5,4,1,0.7252,30,12,95.3,93.2,88.5,100.0,1,1,1,1,95.4,LOW
Student_140,240,131.0,93.3,0.546,0,2,65,248.1,7,0.0,0.0,1.2,45.1,15.3,12.7,85.3,29.2,59.3,0.0,0.0,25,5,0.7025,21,9,98.8,94.8,92.9,94.3,1,1,1,1,95.02,LOW
Student_141,300,164.1,79.5,0.547,0,9,51,254.0,9,36.6,12.5,0.0,21.0,18.6,52.7,65.6,8.5,0.0,30.2,8.2,3,1,0.8158,35,9,94.9,87.9,78.2,81.3,1,1,1,1,84.72,MEDIUM
Student_142,240,222.1,97.1,0.925,0,1,39,194.8,6,0.0,0.0,18.6,9.7,0.0,0.0,40.2,42.1,48.7,35.5,0.0,7,4,0.7968,27,7,95.2,89.8,87.1,91.9,1,1,1,1,91.18,LOW
Student_143,400,14.7,23.7,0.037,1,45,1,3.8,1,0.0,0.0,3.8,0.0,0.0,0.0,0.0,0.0,0.0,0.0,0.0,2,1,0.4603,27,32,59.9,68.1,60.1,56.1,1,1,1,1,60.06,HIGH
Student_144,300,181.2,75.0,0.604,0,10,29,106.4,7,20.4,0.0,9.4,25.7,10.3,0.0,15.7,0.0,0.0,5.0,19.9,1,0,0.896,35,5,94.4,91.4,89.4,87.3,1,1,1,1,89.96,LOW
Student_145,300,8.9,14.3,0.03,1,36,9,25.5,1,0.0,0.0,0.0,0.0,0.0,0.0,0.0,0.0,25.5,0.0,0.0,4,2,0.6894,28,14,53.0,58.8,53.1,50.0,1,1,1,1,52.98,HIGH
Student_146,240,0.9,3.4,0.004,0,28,5,16.4,1,0.0,0.0,0.0,16.4,0.0,0.0,0.0,0.0,0.0,0.0,0.0,5,1,0.2091,6,23,51.2,55.4,58.1,60.3,1,1,1,1,57.06,HIGH
Student_147,200,13.4,39.3,0.067,0,17,13,45.9,2,0.0,29.4,0.0,16.5,0.0,0.0,0.0,0.0,0.0,0.0,0.0,3,0,0.2478,6,22,52.0,60.8,56.6,51.0,1,1,1,1,54.28,HIGH
Student_148,400,191.5,78.3,0.479,0,10,29,117.9,8,24.9,16.5,0.0,0.0,1.3,15.5,8.2,0.0,22.5,21.3,7.7,19,9,0.5828,26,20,84.2,99.3,84.6,81.4,1,1,1,1,86.18,LOW
Student_149,240,9.3,14.3,0.039,0,24,8,29.8,2,0.0,0.0,0.0,0.0,0.0,2.3,0.0,0.0,0.0,0.0,27.5,17,9,0.4797,13,15,50.0,50.0,53.4,0.0,1,1,1,0,51.13,HIGH
Student_150,400,139.2,66.7,0.348,2,16,75,219.6,6,13.0,42.2,29.5,0.0,0.0,22.7,86.6,0.0,0.0,25.6,0.0,4,1,0.9865,47,1,84.6,86.6,89.1,93.4,1,1,1,1,89.42,LOW
Student_151,200,31.5,33.3,0.158,1,18,30,99.4,4,31.3,0.0,34.8,0.0,0.0,0.0,0.0,17.0,0.0,16.3,0.0,5,1,0.2358,6,21,82.3,97.6,79.1,83.5,1,1,1,1,85.2,LOW
Student_152,300,149.3,57.1,0.498,1,18,34,147.7,8,10.1,19.6,0.0,39.9,0.0,18.8,13.4,19.6,0.0,8.1,18.1,8,3,0.3512,14,28,98.5,97.3,92.6,90.3,1,1,1,1,93.8,LOW
Student_153,600,59.6,31.7,0.099,0,56,14,60.8,6,0.0,0.0,0.0,10.9,21.1,0.0,1.8,16.3,10.4,0.0,0.3,6,2,0.1398,11,71,72.1,79.5,63.5,71.8,1,1,1,1,71.74,HIGH
Student_154,200,60.6,55.2,0.303,2,13,13,41.7,3,0.0,0.0,23.1,0.0,11.8,0.0,0.0,0.0,0.0,0.0,6.8,3,2,0.1834,5,24,83.8,81.4,82.8,75.3,1,1,1,1,79.72,MEDIUM
Student_155,486,41.1,34.5,0.085,2,38,2,3.4,0,0.0,0.0,0.0,0.0,0.0,0.0,0.0,0.0,0.0,0.0,0.0,4,1,0.1668,9,49,63.7,71.6,69.6,0.0,1,1,1,0,68.3,HIGH
Student_156,486,140.0,56.1,0.288,2,25,22,61.7,4,39.4,0.0,0.0,5.8,0.0,0.0,14.0,0.0,2.6,0.0,0.0,7,2,0.9106,51,6,75.3,66.0,77.3,78.7,1,1,1,1,75.2,MEDIUM
Student_157,300,95.1,65.7,0.317,0,12,22,58.6,2,0.0,33.7,0.0,0.0,0.0,24.9,0.0,0.0,0.0,0.0,0.0,5,2,0.2762,9,26,77.0,88.6,81.0,76.1,1,1,1,1,79.76,MEDIUM
Student_158,240,50.3,46.4,0.21,0,15,11,21.7,5,0.0,4.2,0.0,0.0,0.0,0.0,0.0,6.9,2.1,7.2,1.3,4,1,0.8611,24,4,79.4,73.9,87.1,81.9,1,1,1,1,80.84,MEDIUM
Student_159,240,122.8,92.9,0.512,0,2,69,334.8,10,0.3,14.6,33.0,50.2,45.8,28.1,0.0,47.2,32.6,63.0,20.1,10,5,0.7605,21,7,96.8,100.0,96.1,100.0,1,1,1,1,98.58,LOW
Student_160,486,11.0,19.6,0.023,1,45,5,10.9,0,0.0,0.0,0.0,0.0,0.0,0.0,0.0,0.0,0.0,0.0,0.0,0,0,0.29,16,40,67.6,72.9,72.2,78.5,1,1,1,1,73.94,HIGH
Student_161,486,148.0,51.5,0.305,0,32,17,48.9,3,21.5,0.0,0.0,0.0,16.7,0.0,10.6,0.0,0.0,0.0,0.0,0,0,0.7239,47,19,83.2,78.3,86.2,79.5,1,1,1,1,81.34,MEDIUM
Student_162,240,59.1,52.9,0.246,1,16,17,79.9,6,2.0,10.9,22.6,8.3,22.0,0.0,0.0,14.1,0.0,0.0,0.0,7,2,0.9061,30,4,78.8,68.1,67.9,70.0,1,1,1,1,70.96,HIGH
Student_163,300,53.5,41.2,0.178,0,20,15,39.3,4,14.4,0.0,0.0,7.3,0.0,0.0,4.6,0.0,0.0,13.0,0.0,4,2,0.8903,30,4,74.3,77.9,83.7,76.5,1,1,1,1,77.78,MEDIUM
Student_164,200,63.8,62.1,0.319,1,11,29,119.3,3,0.0,0.0,0.0,0.0,0.0,0.0,31.7,0.0,0.0,38.9,48.7,28,14,0.452,13,16,67.5,71.2,68.5,71.8,1,1,1,1,70.16,HIGH
Student_165,486,84.7,55.0,0.174,0,27,9,15.2,1,0.0,0.0,0.0,0.0,0.0,0.0,0.0,0.0,15.2,0.0,0.0,4,0,0.6522,39,21,73.6,76.9,68.3,0.0,1,1,1,0,72.93,HIGH
Student_166,300,83.0,57.9,0.277,1,16,32,95.6,6,5.3,0.0,2.7,20.0,35.3,0.0,13.7,18.6,0.0,0.0,0.0,11,6,0.5217,19,19,80.9,91.2,79.9,90.4,1,1,1,1,86.56,LOW
Student_167,300,202.1,90.7,0.674,2,4,36,72.5,10,4.5,1.9,7.7,9.6,10.7,4.5,7.7,2.8,0.0,17.2,6.0,6,1,0.619,26,17,89.5,87.0,99.3,92.5,1,1,1,1,92.16,LOW
Student_168,300,111.9,65.7,0.373,0,12,30,98.8,2,0.0,0.0,0.0,93.3,0.0,0.0,0.0,0.0,5.5,0.0,0.0,7,2,0.6597,23,12,81.3,89.8,88.8,85.1,1,1,1,1,86.02,LOW
Student_169,400,31.6,31.2,0.079,0,33,28,79.6,6,0.0,9.3,0.0,5.0,0.0,11.7,0.0,21.3,0.0,17.1,15.1,0,0,0.7285,34,14,59.8,71.1,67.5,0.0,1,1,1,0,66.13,HIGH
Student_170,300,50.7,54.1,0.169,0,17,14,22.8,1,0.0,0.0,0.0,0.0,0.0,0.0,0.0,0.0,22.8,0.0,0.0,11,3,0.9577,35,2,66.6,68.1,71.8,71.4,1,1,1,1,69.86,HIGH
Student_171,600,302.8,79.2,0.505,1,15,10,16.3,6,0.0,2.6,3.9,1.3,0.0,6.1,1.3,1.1,0.0,0.0,0.0,8,5,0.6833,49,23,80.7,69.5,70.2,79.0,1,1,1,1,75.68,MEDIUM
Student_172,200,37.8,34.5,0.189,1,19,21,78.3,3,11.3,0.0,48.7,0.0,18.4,0.0,0.0,0.0,0.0,0.0,0.0,3,1,0.4505,13,16,77.2,80.1,81.0,0.0,1,1,1,0,79.43,MEDIUM
Student_173,240,228.1,96.8,0.95,0,1,39,122.9,9,4.3,7.2,16.6,22.1,1.3,0.0,5.5,1.6,0.0,13.0,51.2,10,4,0.5196,16,15,86.9,83.3,89.9,89.4,1,1,1,1,87.78,LOW
Student_174,600,142.9,72.1,0.238,5,19,12,59.5,1,0.0,0.0,0.0,0.0,0.0,59.5,0.0,0.0,0.0,0.0,0.0,29,11,0.3164,21,47,67.5,66.4,59.8,70.1,1,1,1,1,66.78,HIGH
Student_175,200,33.9,36.0,0.169,0,16,24,75.9,5,0.0,13.4,13.6,0.0,0.0,0.0,23.9,0.0,6.7,0.0,18.3,5,3,0.2577,6,19,65.9,75.8,75.1,77.0,1,1,1,1,74.16,HIGH
Student_176,300,72.9,40.0,0.243,0,24,31,78.5,2,0.0,0.0,20.3,0.0,0.0,0.0,0.0,0.0,58.2,0.0,0.0,5,1,0.6406,25,15,64.2,69.3,64.8,70.5,1,1,1,1,67.86,HIGH
Student_177,200,95.4,76.0,0.477,0,6,22,76.3,3,16.5,0.0,0.0,51.0,0.0,0.0,0.0,8.8,0.0,0.0,0.0,15,3,0.6836,17,8,89.2,95.9,99.4,95.1,1,1,1,1,94.94,LOW
Student_178,240,162.5,76.7,0.677,1,7,72,171.5,10,35.1,9.3,12.4,2.7,15.2,3.0,29.8,16.8,0.0,14.9,32.3,9,2,0.6646,19,11,93.1,98.7,95.3,93.8,1,1,1,1,94.94,LOW
Student_179,600,30.4,23.6,0.051,0,55,9,26.0,1,0.0,0.0,26.0,0.0,0.0,0.0,0.0,0.0,0.0,0.0,0.0,5,1,0.2183,15,57,58.2,56.0,53.4,0.0,1,1,1,0,55.87,HIGH
Student_180,486,144.4,50.0,0.297,1,34,11,49.3,4,17.4,14.1,0.0,13.7,0.0,0.0,4.1,0.0,0.0,0.0,0.0,6,3,0.6074,41,27,77.1,73.3,73.6,73.5,1,1,1,1,74.2,HIGH
Student_181,486,132.8,52.6,0.273,6,27,12,43.5,2,0.0,0.0,0.0,0.0,4.2,0.0,39.3,0.0,0.0,0.0,0.0,8,3,0.3279,18,39,69.6,62.0,65.5,61.5,1,1,1,1,64.02,HIGH
Student_182,300,141.0,76.3,0.47,1,9,25,48.9,6,0.0,6.3,0.0,14.2,0.0,3.5,0.0,0.0,17.7,0.0,7.2,6,3,0.7711,29,9,85.0,87.6,88.4,88.3,1,1,1,1,87.52,LOW
Student_183,486,105.3,47.2,0.217,4,38,21,44.1,6,0.0,0.0,2.2,11.5,0.0,0.0,11.0,12.9,3.1,0.0,3.5,24,11,0.2946,21,51,67.4,72.2,78.1,0.0,1,1,1,0,72.57,HIGH
Student_184,600,206.8,62.9,0.345,2,33,5,10.3,1,0.0,0.0,0.0,0.0,0.0,0.0,0.0,0.0,10.3,0.0,0.0,19,9,0.8192,72,17,76.7,77.7,79.4,83.7,1,1,1,1,80.24,MEDIUM
Student_185,400,89.0,45.5,0.222,2,30,12,56.4,2,0.0,33.5,0.0,0.0,0.0,0.0,0.0,0.0,22.9,0.0,0.0,2,0,0.3052,16,39,69.4,73.4,69.9,0.0,1,1,1,0,70.9,HIGH
Student_186,300,102.2,62.2,0.341,0,14,42,84.3,9,14.7,13.4,3.7,11.9,0.0,1.2,9.0,0.0,6.1,22.2,2.1,5,2,0.9902,36,1,93.1,94.4,94.6,87.1,1,1,1,1,91.26,LOW
Student_187,600,100.5,43.9,0.168,5,46,25,90.4,6,0.0,7.8,6.8,0.0,0.0,36.5,6.6,0.0,0.0,1.0,31.7,5,1,0.5733,47,35,85.4,82.5,77.2,77.1,1,1,1,1,79.86,MEDIUM
Student_188,240,92.8,58.1,0.387,0,13,74,369.7,10,0.0,14.0,26.9,93.1,7.4,55.0,8.8,11.9,38.6,103.5,10.6,23,8,0.7906,24,7,74.8,78.9,72.5,71.3,1,1,1,1,73.76,HIGH
Student_189,240,10.6,27.6,0.044,1,21,1,1.8,2,0.0,0.0,0.0,0.0,0.0,0.0,0.0,0.9,0.9,0.0,0.0,1,0,0.8619,24,5,50.0,52.8,54.0,56.0,1,1,1,1,53.76,HIGH
Student_190,200,9.9,20.0,0.05,0,20,7,11.4,2,0.0,0.0,0.0,0.0,0.0,0.0,0.0,2.9,8.5,0.0,0.0,3,1,0.901,22,3,50.0,53.7,50.0,0.0,1,1,1,0,51.23,HIGH
Student_191,200,7.2,16.0,0.036,0,21,3,10.0,0,0.0,0.0,0.0,0.0,0.0,0.0,0.0,0.0,0.0,0.0,0.0,7,1,0.0847,2,23,59.7,64.9,62.2,70.5,1,1,1,1,65.56,HIGH
Student_192,600,11.1,14.9,0.018,0,63,9,13.8,3,0.0,4.9,4.0,5.0,0.0,0.0,0.0,0.0,0.0,0.0,0.0,0,0,0.5218,38,36,50.0,57.8,50.0,54.7,1,1,1,1,53.44,HIGH
Student_193,240,63.3,41.2,0.264,0,20,26,39.4,6,0.0,0.0,8.6,11.4,0.0,5.2,2.7,3.9,7.4,0.0,0.0,5,1,0.9257,31,3,75.1,87.0,91.1,89.9,1,1,1,1,86.6,LOW
Student_194,200,137.5,92.0,0.688,0,2,60,195.5,9,2.3,18.7,25.6,14.5,24.5,32.0,0.0,17.7,48.2,0.0,12.0,20,9,0.45,11,14,93.6,84.4,90.3,93.0,1,1,1,1,90.86,LOW
Student_195,200,191.0,96.3,0.955,0,1,29,87.1,8,1.3,6.9,14.0,0.0,0.7,0.0,0.0,32.6,9.1,15.5,7.2,11,3,0.7048,19,8,87.0,93.1,86.5,89.1,1,1,1,1,88.96,LOW
Student_196,486,95.1,50.0,0.196,0,28,23,42.7,6,14.8,0.0,4.1,0.0,6.1,0.0,2.6,0.0,0.0,11.3,3.9,10,2,0.4178,23,33,81.9,76.8,76.9,82.0,1,1,1,1,79.92,MEDIUM
Student_197,600,145.4,61.6,0.242,1,28,68,283.7,9,15.0,44.4,19.9,10.1,19.8,70.7,0.0,24.6,0.0,29.9,49.3,17,7,0.5691,41,32,70.6,79.4,77.9,78.9,1,1,1,1,77.14,MEDIUM
Student_198,400,276.7,91.7,0.692,0,4,38,128.2,9,23.1,9.7,33.2,0.0,1.1,10.5,2.7,1.2,11.3,0.0,35.3,9,5,0.8978,43,5,90.5,80.1,79.8,87.5,1,1,1,1,85.08,LOW
Student_199,300,56.3,40.0,0.188,0,24,26,80.8,6,0.0,6.8,12.7,25.7,0.0,11.3,0.0,7.2,0.0,0.0,17.2,3,1,0.8268,33,7,68.9,76.3,78.6,0.0,1,1,1,0,74.6,HIGH
Student_200,400,227.5,71.7,0.569,0,13,46,187.6,7,12.3,7.9,0.0,0.0,63.6,14.8,0.0,0.0,35.5,36.2,17.1,7,2,0.4695,21,25,84.1,86.4,87.0,72.5,1,1,1,1,80.5,MEDIUM
Student_201,200,94.5,68.0,0.472,0,8,19,76.3,3,0.0,43.8,11.0,0.0,0.0,0.0,0.0,0.0,21.5,0.0,0.0,5,2,0.6768,16,9,92.8,92.5,90.9,84.1,1,1,1,1,88.88,LOW
Student_202,486,209.7,70.2,0.431,3,17,23,107.3,5,0.0,11.7,0.0,6.2,0.0,27.9,15.8,0.0,45.7,0.0,0.0,5,2,0.9796,55,2,84.5,73.4,81.6,76.2,1,1,1,1,78.38,MEDIUM
Student_203,240,92.5,69.0,0.385,0,9,30,76.0,5,0.0,0.0,7.2,40.3,15.7,0.0,9.9,0.0,0.0,2.9,0.0,16,5,0.741,21,8,76.8,80.9,68.0,82.1,1,1,1,1,77.98,MEDIUM
Student_204,400,132.4,60.3,0.331,0,23,25,62.6,5,0.0,20.7,0.0,0.0,1.2,0.0,0.0,0.0,16.7,22.1,1.9,2,0,0.6585,38,20,81.9,88.7,75.2,77.9,1,1,1,1,80.32,MEDIUM
Student_205,200,27.6,34.5,0.138,1,19,34,82.3,4,13.4,0.0,7.0,0.0,54.5,0.0,0.0,0.0,0.0,0.0,7.4,8,3,0.8777,25,4,69.8,61.7,74.1,67.0,1,1,1,1,67.92,HIGH
Student_206,400,149.6,67.3,0.374,2,16,26,75.1,2,0.0,0.0,0.0,0.0,0.0,1.9,73.2,0.0,0.0,0.0,0.0,7,2,0.9626,47,2,70.3,82.5,74.5,76.9,1,1,1,1,76.22,MEDIUM
Student_207,600,232.6,71.8,0.388,2,20,70,158.6,6,0.0,0.0,33.8,0.0,34.4,0.0,16.3,23.1,0.0,20.8,30.2,9,2,0.4473,31,40,91.8,84.0,88.8,86.2,1,1,1,1,87.4,LOW
Student_208,240,11.8,19.4,0.049,0,25,10,35.5,3,0.0,0.0,0.0,0.0,0.0,0.0,2.9,0.0,24.0,8.5,0.0,4,0,0.2601,8,23,50.0,51.4,57.9,55.1,1,1,1,1,53.9,HIGH
Student_209,486,122.8,52.4,0.253,2,30,3,8.7,0,0.0,0.0,0.0,0.0,0.0,0.0,0.0,0.0,0.0,0.0,0.0,9,1,0.7056,44,19,83.1,90.8,87.2,80.6,1,1,1,1,84.46,MEDIUM
Student_210,486,99.9,43.7,0.206,0,40,5,20.5,1,0.0,0.0,0.0,0.0,0.0,0.0,0.0,20.5,0.0,0.0,0.0,2,1,0.0676,4,67,59.7,59.3,51.2,0.0,1,1,1,0,56.73,HIGH
Student_211,486,318.1,82.3,0.655,0,11,45,209.6,10,15.6,5.4,0.0,35.6,4.0,38.3,18.7,1.2,5.4,42.4,43.0,1,0,0.3766,23,39,90.7,98.0,88.8,93.1,1,1,1,1,92.74,LOW
Student_212,300,244.2,87.2,0.814,2,5,25,77.0,7,0.0,0.0,6.5,4.7,7.8,0.0,39.7,6.2,0.0,6.2,6.0,16,8,0.7805,30,9,91.6,87.5,75.2,84.1,1,1,1,1,84.5,MEDIUM
Student_213,240,8.3,26.7,0.035,1,22,3,5.3,0,0.0,0.0,0.0,0.0,0.0,0.0,0.0,0.0,0.0,0.0,0.0,6,1,0.7395,22,8,60.5,73.7,63.0,70.7,1,1,1,1,67.72,HIGH
Student_214,240,40.9,50.0,0.17,1,14,27,129.1,4,0.0,27.7,0.0,0.0,0.0,0.0,19.5,30.7,0.0,51.2,0.0,7,4,0.7519,21,7,64.1,66.4,67.8,69.5,1,1,1,1,67.46,HIGH
Student_215,400,114.6,55.6,0.286,1,20,34,156.0,4,0.0,0.0,79.8,0.0,21.0,40.2,0.0,0.0,0.0,0.0,15.0,15,7,0.5782,26,19,85.5,82.7,77.5,81.5,1,1,1,1,81.74,MEDIUM
Student_216,486,99.9,42.1,0.206,0,33,40,167.6,6,41.4,45.6,0.0,6.0,10.1,0.0,45.4,0.0,0.0,19.1,0.0,5,3,0.786,44,13,83.6,84.6,86.5,86.2,1,1,1,1,85.42,LOW
Student_217,600,186.7,51.4,0.311,0,34,12,43.5,4,0.0,0.0,0.0,0.0,0.0,0.0,6.6,15.0,20.0,1.9,0.0,10,6,0.9598,67,3,78.2,83.3,71.8,79.4,1,1,1,1,78.42,MEDIUM
Student_218,400,179.8,65.2,0.45,0,16,23,63.0,5,0.0,11.0,12.4,0.0,0.0,9.2,0.0,0.0,20.3,0.0,10.2,16,9,0.6291,28,18,95.1,81.0,89.3,84.2,1,1,1,1,86.76,LOW
Student_219,600,80.2,34.5,0.134,4,57,12,23.2,3,0.0,0.0,1.6,0.0,0.0,14.4,0.0,0.0,0.0,0.0,7.2,13,8,0.366,31,56,59.1,61.9,59.3,0.0,1,1,1,0,60.1,HIGH
Student_220,240,28.1,33.3,0.117,1,18,9,43.0,3,0.0,29.5,0.0,0.0,0.0,0.0,0.0,11.2,0.0,0.0,2.3,14,7,0.4925,13,14,59.1,58.9,65.7,61.5,1,1,1,1,61.34,HIGH
Student_221,240,52.0,40.7,0.217,0,16,74,353.5,9,26.5,17.7,9.9,49.5,46.8,0.0,62.9,71.2,38.4,30.6,0.0,8,3,0.3296,8,19,69.8,81.4,68.5,83.1,1,1,1,1,77.18,MEDIUM
Student_222,600,58.8,43.4,0.098,6,47,1,4.4,1,0.0,0.0,0.0,0.0,0.0,0.0,0.0,0.0,0.0,0.0,4.4,5,1,0.3236,26,57,73.8,72.1,78.5,0.0,1,1,1,0,74.8,HIGH
Student_223,400,30.4,38.5,0.076,0,32,30,88.2,4,0.0,0.0,8.3,0.0,7.2,60.3,0.0,0.0,12.4,0.0,0.0,3,1,0.4072,21,31,69.3,66.6,66.3,0.0,1,1,1,0,67.4,HIGH
Student_224,200,155.9,88.0,0.78,0,3,53,111.4,6,0.0,6.7,0.0,0.0,0.0,19.5,24.6,11.0,41.5,0.0,8.1,16,5,0.6588,16,9,91.7,86.9,93.0,88.7,1,1,1,1,89.8,LOW
Student_225,240,35.3,43.3,0.147,1,17,13,53.6,2,0.0,0.0,14.6,0.0,0.0,0.0,39.0,0.0,0.0,0.0,0.0,2,0,0.5388,16,14,66.3,66.1,70.7,73.4,1,1,1,1,69.98,HIGH
Student_226,200,173.9,100.0,0.87,1,0,75,330.1,5,11.2,31.5,89.6,0.0,0.0,0.0,0.0,0.0,0.0,107.8,90.0,6,2,0.9835,28,1,91.6,95.7,78.8,86.0,1,1,1,1,87.62,LOW
Student_227,486,143.4,54.7,0.295,2,29,29,113.9,5,70.8,0.0,24.1,0.0,3.8,0.0,7.6,0.0,0.0,7.6,0.0,12,7,0.2832,18,46,80.4,84.0,80.6,88.6,1,1,1,1,84.44,MEDIUM
Student_228,240,67.6,64.7,0.282,1,12,34,109.7,2,0.0,0.0,0.0,0.0,94.5,15.2,0.0,0.0,0.0,0.0,0.0,5,2,0.8379,28,6,75.7,73.5,70.1,86.0,1,1,1,1,78.26,MEDIUM
Student_229,600,9.0,8.2,0.015,1,67,11,25.6,1,25.6,0.0,0.0,0.0,0.0,0.0,0.0,0.0,0.0,0.0,0.0,3,1,0.8484,61,12,50.0,57.1,59.7,59.3,1,1,1,1,57.08,HIGH
Student_230,600,255.1,60.7,0.425,5,33,13,31.6,3,0.0,0.0,7.1,0.0,23.4,0.0,0.0,0.0,0.0,1.1,0.0,11,7,0.2875,24,60,90.3,67.2,71.5,77.1,1,1,1,1,76.64,MEDIUM
Student_231,600,228.5,65.9,0.381,0,29,3,11.8,3,0.0,0.0,0.0,0.0,0.0,0.0,0.0,1.6,3.7,6.5,0.0,9,2,0.206,17,68,86.7,82.7,81.4,77.2,1,1,1,1,81.04,MEDIUM
Student_232,200,6.7,19.2,0.034,0,21,27,91.0,5,15.1,0.0,27.5,0.0,0.0,0.0,14.2,0.0,6.2,28.0,0.0,7,1,0.3456,8,18,55.7,64.2,65.9,52.4,1,1,1,1,58.12,HIGH
Student_233,300,100.6,57.5,0.335,2,17,11,43.6,6,2.5,0.0,17.9,0.0,3.4,0.0,9.3,8.2,2.3,0.0,0.0,12,4,0.3659,14,26,87.0,94.6,81.5,86.3,1,1,1,1,87.14,LOW
Student_234,486,151.9,51.7,0.313,0,28,17,65.1,6,9.7,12.3,0.0,6.4,0.0,12.9,10.6,13.1,0.0,0.0,0.0,8,4,0.9423,54,4,78.9,79.7,85.4,80.9,1,1,1,1,81.16,MEDIUM
Student_235,240,88.9,46.4,0.37,0,15,46,219.5,7,0.0,37.4,13.1,49.8,0.0,33.8,63.7,0.0,8.2,0.0,13.5,25,14,0.6076,17,11,78.1,82.9,86.4,84.2,1,1,1,1,83.16,MEDIUM
Student_236,240,183.0,89.3,0.762,0,3,65,118.9,8,2.6,17.4,22.7,16.0,3.3,0.0,0.0,10.1,0.0,25.7,21.0,5,2,0.6405,17,11,86.7,83.5,82.1,88.5,1,1,1,1,85.86,LOW
Student_237,486,325.5,78.8,0.67,0,14,66,106.1,6,0.0,14.8,0.0,52.3,0.0,0.0,1.8,6.0,7.0,0.0,24.3,16,10,0.6517,43,23,95.2,100.0,100.0,100.0,1,1,1,1,99.04,LOW
Student_238,486,11.9,16.4,0.024,0,56,6,20.0,3,7.3,0.0,0.0,0.0,0.0,7.8,0.0,0.0,4.9,0.0,0.0,10,3,0.4583,30,37,65.3,64.8,59.2,61.0,1,1,1,1,62.26,HIGH
Student_239,486,334.6,84.7,0.688,0,11,46,193.3,5,0.0,23.8,0.0,60.3,0.0,0.0,4.3,0.0,42.9,0.0,62.0,4,1,0.3601,25,47,91.0,99.7,98.4,95.0,1,1,1,1,95.82,LOW
Student_240,400,134.4,53.6,0.336,0,26,3,10.7,3,0.0,0.0,4.8,0.0,0.0,0.0,3.6,0.0,0.0,2.3,0.0,14,7,0.6075,34,22,76.0,84.0,86.4,80.2,1,1,1,1,81.36,MEDIUM
Student_241,486,323.7,100.0,0.666,0,0,40,160.4,8,0.0,0.0,43.0,0.0,20.7,20.5,9.8,11.4,17.8,33.1,4.1,1,0,0.948,54,4,93.3,83.0,79.3,91.1,1,1,1,1,87.56,LOW
Student_242,240,149.9,93.3,0.625,0,2,61,249.5,7,55.2,54.8,3.1,0.0,4.7,67.6,51.3,12.7,0.0,0.0,0.0,25,16,0.6826,20,10,94.4,82.6,89.1,88.9,1,1,1,1,88.78,LOW
Student_243,200,102.8,68.0,0.514,0,8,56,113.3,7,1.1,10.3,0.0,0.0,3.4,0.0,0.0,34.7,16.6,34.4,12.8,17,8,0.5319,13,12,75.6,70.8,76.1,75.8,1,1,1,1,74.82,HIGH
Student_244,486,16.2,17.4,0.033,1,57,0,0.0,2,0.0,0.0,0.0,0.0,0.0,0.0,0.0,0.0,0.0,0.0,0.0,4,2,0.3631,25,44,53.1,67.3,63.9,63.2,1,1,1,1,62.14,HIGH
Student_245,200,51.0,55.2,0.255,1,13,28,139.0,3,0.0,42.5,0.0,0.0,0.0,0.0,0.0,0.0,0.0,6.4,90.1,7,4,0.2476,7,22,92.5,80.8,94.0,92.6,1,1,1,1,90.5,LOW
Student_246,600,527.6,81.4,0.879,1,16,74,289.2,10,46.6,34.0,14.4,1.7,43.2,80.7,5.2,35.6,3.1,0.0,24.7,10,3,0.4916,42,44,79.2,79.6,81.8,88.8,1,1,1,1,83.64,MEDIUM
Student_247,300,99.5,73.5,0.332,0,9,13,31.6,6,8.6,0.0,9.6,5.0,0.0,1.6,0.0,0.0,4.6,2.2,0.0,4,0,0.4912,16,18,84.5,87.7,92.3,81.2,1,1,1,1,85.38,LOW
Student_248,486,400.6,80.3,0.824,0,13,50,170.2,9,9.4,20.6,0.0,29.6,5.6,0.0,41.3,25.7,17.4,1.0,19.6,17,5,0.9068,59,7,91.8,91.2,84.9,90.1,1,1,1,1,89.62,LOW
Student_249,240,160.5,80.0,0.669,0,7,27,41.6,7,0.0,1.5,3.1,4.3,5.3,0.0,0.0,7.7,0.0,6.3,13.4,5,1,0.6098,21,14,85.0,84.8,85.5,86.1,1,1,1,1,85.5,LOW
Student_250,240,151.5,80.6,0.631,1,6,69,222.7,5,0.0,0.0,42.8,33.5,0.0,0.0,52.7,31.4,0.0,0.0,62.4,2,0,0.3456,10,21,89.4,85.6,89.9,88.3,1,1,1,1,88.3,LOW
Student_251,240,184.8,96.4,0.77,0,1,69,342.6,7,22.8,13.8,0.0,14.8,0.0,0.0,0.0,21.3,70.9,139.0,60.1,11,3,0.4865,13,15,96.4,86.0,91.7,95.1,1,1,1,1,92.86,LOW
Student_252,486,45.7,28.8,0.094,3,47,7,22.6,3,0.0,10.1,0.0,0.0,0.0,0.0,0.0,0.0,4.5,0.0,8.0,6,1,0.4525,29,37,55.1,57.1,57.4,52.1,1,1,1,1,54.76,HIGH
Student_253,486,7.1,19.4,0.015,2,54,12,43.3,1,0.0,0.0,0.0,0.0,0.0,0.0,0.0,0.0,0.0,0.0,43.3,12,3,0.3803,25,42,75.5,70.1,75.0,82.6,1,1,1,1,77.16,MEDIUM
Student_254,400,13.3,17.2,0.033,1,48,5,10.5,1,0.0,0.0,0.0,0.0,0.0,0.0,0.0,10.5,0.0,0.0,0.0,4,2,0.5777,33,25,60.7,73.3,66.3,68.0,1,1,1,1,67.26,HIGH
Student_255,240,65.1,64.5,0.271,1,11,27,120.1,4,38.9,0.0,16.4,0.0,0.0,8.5,0.0,56.3,0.0,0.0,0.0,4,0,0.3937,12,19,86.2,79.2,85.3,86.3,1,1,1,1,84.66,MEDIUM
Student_256,400,169.2,67.3,0.423,4,17,23,77.0,6,0.0,10.0,18.6,0.0,0.0,0.0,13.5,0.0,23.4,3.6,8.0,16,6,0.3348,17,35,88.2,82.5,78.7,82.4,1,1,1,1,82.84,MEDIUM
Student_257,200,58.5,68.0,0.292,0,8,42,119.0,8,0.0,9.5,26.6,20.9,12.8,0.0,16.2,2.4,22.6,0.0,7.9,0,0,0.7859,19,6,82.9,78.9,78.5,92.2,1,1,1,1,84.94,MEDIUM
Student_258,240,0.0,0.0,0.0,0,29,9,22.3,2,0.0,9.2,0.0,0.0,0.0,0.0,0.0,0.0,0.0,0.0,13.1,3,1,0.1163,3,26,53.4,68.6,63.9,50.8,1,1,1,1,57.5,HIGH
Student_259,486,3.6,6.8,0.007,0,55,2,8.2,0,0.0,0.0,0.0,0.0,0.0,0.0,0.0,0.0,0.0,0.0,0.0,3,0,0.3414,20,39,64.2,60.2,69.8,67.5,1,1,1,1,65.84,HIGH
Student_260,300,135.8,66.7,0.453,0,14,76,344.8,6,37.2,0.0,24.3,0.0,0.0,0.0,104.8,152.9,0.0,15.4,10.2,13,6,0.4599,19,23,90.5,91.0,93.3,91.1,1,1,1,1,91.4,LOW
Student_261,300,24.0,35.9,0.08,1,25,0,0.0,0,0.0,0.0,0.0,0.0,0.0,0.0,0.0,0.0,0.0,0.0,0.0,11,3,0.2036,7,32,64.7,59.3,59.8,53.2,1,1,1,1,58.04,HIGH
Student_262,600,225.8,61.3,0.376,4,31,50,249.8,10,38.3,7.2,22.6,36.8,40.9,25.6,28.9,18.8,15.9,0.0,14.9,42,15,0.6808,54,26,90.6,94.4,79.7,84.7,1,1,1,1,86.82,LOW
Student_263,486,364.0,79.4,0.749,3,13,28,120.0,6,1.1,33.9,0.0,0.0,7.2,15.4,35.0,27.5,0.0,0.0,0.0,5,2,0.5227,32,31,84.4,86.2,82.4,77.1,1,1,1,1,81.44,MEDIUM
Student_264,240,151.8,84.8,0.633,0,5,30,95.9,5,0.0,38.3,28.4,0.0,0.0,0.0,0.0,8.8,8.5,11.9,0.0,18,7,0.7331,24,9,92.4,93.1,83.5,87.8,1,1,1,1,88.92,LOW
Student_265,200,101.4,71.4,0.507,0,8,30,86.1,8,12.6,7.9,0.0,17.3,0.0,0.0,9.5,16.8,6.2,4.8,11.1,7,4,0.3291,9,19,88.1,71.9,77.8,80.9,1,1,1,1,79.92,MEDIUM
Student_266,300,44.7,48.8,0.149,1,21,11,17.4,2,0.0,0.0,0.0,0.0,3.9,0.0,0.0,0.0,0.0,13.5,0.0,1,0,0.5962,24,17,55.4,53.7,54.1,51.8,1,1,1,1,53.36,HIGH
Student_267,600,76.9,48.1,0.128,6,40,0,0.0,2,0.0,0.0,0.0,0.0,0.0,0.0,0.0,0.0,0.0,0.0,0.0,1,0,0.1206,9,68,60.4,67.4,62.3,0.0,1,1,1,0,63.37,HIGH
Student_268,486,113.5,53.3,0.234,0,28,12,36.1,5,0.0,0.0,0.0,0.0,0.0,15.0,7.9,6.7,4.0,2.6,0.0,2,0,0.3425,20,40,74.3,82.3,83.1,85.2,1,1,1,1,82.02,MEDIUM
Student_269,200,42.2,60.0,0.211,2,10,26,54.9,4,0.0,27.5,7.8,13.9,0.0,0.0,0.0,0.0,0.0,0.0,5.7,4,2,0.7902,19,6,81.0,73.1,73.0,79.3,1,1,1,1,77.14,MEDIUM
Student_270,400,154.2,56.1,0.385,4,25,28,130.8,6,0.0,26.4,3.0,35.1,0.0,0.0,21.5,14.4,30.4,0.0,0.0,0,0,0.6174,35,22,75.1,69.6,74.5,73.1,1,1,1,1,73.08,HIGH
Student_271,400,83.5,37.0,0.209,1,29,34,142.8,6,0.0,0.0,19.0,0.0,47.9,32.4,7.5,0.0,1.6,0.0,34.4,9,2,0.2933,13,33,75.8,88.7,93.8,85.6,1,1,1,1,85.9,LOW
Student_272,600,284.8,72.4,0.475,0,21,29,121.0,3,0.0,0.0,0.0,16.5,0.0,0.0,0.0,31.9,0.0,0.0,72.6,9,4,0.9373,71,5,87.0,89.3,86.4,88.6,1,1,1,1,87.98,LOW
Student_273,240,19.7,26.5,0.082,0,25,32,156.2,6,27.0,46.8,49.9,0.0,10.6,0.0,0.0,0.0,10.0,0.0,12.0,4,2,0.2645,8,26,60.9,67.3,62.3,54.4,1,1,1,1,59.86,HIGH
Student_274,240,163.5,84.8,0.681,0,5,40,177.7,5,0.0,0.0,0.0,0.0,0.0,25.4,42.7,0.0,51.2,24.5,34.0,4,1,0.5673,18,15,94.9,83.0,100.0,93.5,1,1,1,1,92.98,LOW
Student_275,240,59.6,51.4,0.248,0,17,34,102.7,2,0.0,0.0,0.0,0.0,0.0,0.0,83.5,0.0,0.0,19.2,0.0,11,7,0.3472,12,23,71.3,71.1,75.8,70.7,1,1,1,1,71.92,HIGH
Student_276,486,202.0,47.8,0.416,0,36,57,155.1,6,64.8,15.0,0.0,0.0,40.9,0.0,0.0,9.5,0.0,18.3,6.6,15,5,0.394,27,42,79.4,91.0,84.4,84.8,1,1,1,1,84.88,MEDIUM
Student_277,486,312.3,72.7,0.643,0,18,79,162.1,8,3.4,9.9,27.0,20.2,0.0,3.9,0.0,36.6,12.0,49.0,0.0,1,0,0.9621,63,3,85.0,84.1,93.5,89.3,1,1,1,1,88.24,LOW
Student_278,400,153.1,62.5,0.383,1,21,29,73.3,5,0.0,48.5,0.0,4.4,0.0,0.0,0.0,10.6,4.8,0.0,5.0,4,1,0.2226,12,44,77.9,73.7,78.6,84.7,1,1,1,1,79.92,MEDIUM
Student_279,486,290.7,72.9,0.598,0,19,16,50.6,4,0.0,16.5,0.0,0.0,8.6,0.0,17.4,0.0,0.0,8.1,0.0,24,7,0.5168,36,34,90.2,89.3,84.7,92.2,1,1,1,1,89.72,LOW
Student_280,300,19.3,30.0,0.064,2,28,24,118.1,3,0.0,0.0,9.4,0.0,0.0,35.5,0.0,0.0,0.0,0.0,73.2,6,3,0.6855,27,13,63.1,57.0,63.5,69.0,1,1,1,1,64.32,HIGH
Student_281,486,112.9,52.3,0.232,3,31,13,39.5,6,0.0,3.5,0.0,0.0,7.6,0.0,1.5,6.2,18.0,2.6,0.0,4,2,0.5549,36,29,64.4,79.4,76.2,65.3,1,1,1,1,70.12,HIGH
Student_282,600,7.2,14.3,0.012,3,60,13,51.3,3,0.0,0.0,0.0,0.0,3.1,0.0,0.0,45.6,0.0,0.0,2.6,6,3,0.6036,42,28,56.7,61.6,59.1,64.9,1,1,1,1,61.44,HIGH
Student_283,200,92.4,76.0,0.462,0,6,33,121.2,7,17.5,48.0,0.0,0.0,0.0,6.5,18.0,0.0,0.5,21.5,9.2,5,2,0.5515,13,12,90.2,84.0,86.2,88.8,1,1,1,1,87.6,LOW
Student_284,200,112.1,72.0,0.56,0,7,33,118.0,10,14.9,6.1,10.7,13.4,38.0,10.1,2.1,2.6,9.3,11.0,0.0,39,18,0.9698,24,1,84.6,98.0,76.7,90.1,1,1,1,1,87.9,LOW
Student_285,200,121.2,80.8,0.606,0,5,77,255.7,7,32.6,9.8,56.1,0.0,42.8,47.9,6.2,0.0,60.2,0.0,0.0,1,0,0.5176,13,13,100.0,100.0,100.0,92.2,1,1,1,1,96.88,LOW
Student_286,400,76.5,45.1,0.191,1,28,13,60.8,3,0.0,0.0,14.4,0.0,37.7,0.0,0.0,0.0,0.0,8.7,0.0,10,5,0.9222,47,4,55.2,50.0,64.7,59.2,1,1,1,1,57.66,HIGH
Student_287,400,120.2,48.0,0.3,0,26,26,40.7,5,8.3,0.0,0.0,0.0,0.0,11.5,4.6,2.1,0.0,14.2,0.0,11,3,0.5778,28,22,79.5,83.9,91.6,88.8,1,1,1,1,86.52,LOW
Student_288,400,71.6,40.0,0.179,3,27,29,98.6,6,0.0,0.0,0.0,0.0,18.2,9.9,14.2,32.3,14.6,0.0,9.4,10,4,0.5021,22,23,89.8,88.8,88.2,88.8,1,1,1,1,88.88,LOW
Student_289,400,142.2,58.3,0.356,2,20,19,76.8,4,0.0,11.8,29.0,0.0,0.0,0.0,0.0,17.0,0.0,19.0,0.0,5,2,0.5925,28,20,80.9,87.0,80.7,84.0,1,1,1,1,83.32,MEDIUM
Student_290,486,34.1,23.7,0.07,1,45,12,55.1,1,0.0,0.0,0.0,0.0,0.0,0.0,0.0,55.1,0.0,0.0,0.0,4,1,0.9785,57,2,50.0,50.0,50.0,53.5,1,1,1,1,51.4,HIGH
Student_291,200,25.3,40.0,0.126,1,15,8,26.6,1,0.0,0.0,0.0,0.0,0.0,0.0,0.0,0.0,0.0,0.0,26.6,5,3,0.8554,21,4,56.0,57.7,60.1,63.4,1,1,1,1,60.12,HIGH
Student_292,300,8.4,11.6,0.028,0,38,14,50.9,2,0.0,0.0,0.0,0.0,0.0,5.3,45.6,0.0,0.0,0.0,0.0,3,1,0.7705,33,10,56.0,56.3,59.8,0.0,1,1,1,0,57.37,HIGH
Student_293,240,45.5,41.9,0.19,0,18,41,129.0,5,0.0,0.0,16.8,30.4,0.0,0.0,59.1,0.0,0.0,7.7,15.0,10,5,0.8643,26,5,71.7,74.8,77.0,70.9,1,1,1,1,73.06,HIGH
Student_294,240,41.5,35.7,0.173,0,18,16,41.4,6,0.0,0.0,3.5,0.7,0.0,0.0,4.8,4.3,15.3,0.0,12.7,6,2,0.3297,9,19,71.3,71.2,70.7,79.4,1,1,1,1,74.4,HIGH
Student_295,600,216.5,53.9,0.361,4,41,63,187.4,10,15.4,21.5,33.9,41.2,4.0,14.8,8.3,24.5,4.5,19.2,0.0,4,2,0.248,22,67,73.4,73.4,69.6,73.4,1,1,1,1,72.64,HIGH
Student_296,200,65.0,52.0,0.325,1,12,70,217.5,9,12.2,69.4,0.0,11.5,3.6,4.2,13.3,0.0,30.1,31.7,41.5,4,1,0.4205,10,15,76.9,82.6,79.9,80.8,1,1,1,1,80.2,MEDIUM
Student_297,400,118.9,55.4,0.297,1,25,26,46.2,4,0.0,0.0,0.3,0.0,0.0,0.0,1.8,0.0,40.3,3.8,0.0,3,1,0.2249,12,44,70.3,70.0,71.4,75.2,1,1,1,1,72.42,HIGH
Student_298,300,35.5,24.4,0.118,0,31,11,22.0,0,0.0,0.0,0.0,0.0,0.0,0.0,0.0,0.0,0.0,0.0,0.0,5,1,0.5079,20,21,77.5,72.7,61.5,77.6,1,1,1,1,73.38,HIGH
Student_299,486,341.0,84.5,0.702,0,11,68,243.9,10,19.2,0.0,4.9,23.0,48.1,17.0,41.1,8.3,45.4,11.0,25.8,3,0,0.8467,60,11,100.0,99.5,96.0,91.8,1,1,1,1,95.82,LOW
Student_300,486,369.7,84.8,0.761,0,10,63,148.6,8,26.1,0.0,25.5,0.0,7.2,29.1,23.1,11.4,1.9,24.3,0.0,6,1,0.9407,62,4,84.6,84.2,80.3,87.4,1,1,1,1,84.78,MEDIUM
Student_301,486,97.9,53.6,0.201,4,32,24,82.4,6,0.0,0.0,0.0,31.5,0.0,4.6,2.6,0.0,18.8,17.6,7.2,20,5,0.1753,12,57,80.1,99.4,95.7,84.0,1,1,1,1,88.64,LOW
Student_302,400,146.0,72.3,0.365,0,13,33,151.0,4,24.0,0.0,0.0,0.0,0.0,0.0,94.8,8.9,0.0,23.3,0.0,5,3,0.9998,46,1,75.4,76.1,81.0,84.0,1,1,1,1,80.1,MEDIUM
Student_303,600,396.5,84.6,0.661,0,12,22,69.6,5,16.5,0.0,28.0,0.0,16.1,0.0,2.0,0.0,7.0,0.0,0.0,18,5,0.1633,12,66,87.6,80.6,72.8,73.3,1,1,1,1,77.52,MEDIUM
Student_304,486,133.5,47.4,0.275,2,30,31,102.1,5,45.3,0.0,11.5,6.5,0.0,11.8,0.0,0.0,0.0,0.0,27.0,5,3,0.5701,32,25,81.1,81.3,83.2,82.6,1,1,1,1,82.16,MEDIUM
Student_305,400,7.0,16.3,0.018,0,41,5,13.1,3,0.0,0.0,0.0,0.0,7.7,0.0,0.0,3.8,0.0,1.6,0.0,1,0,0.2728,13,36,50.0,59.0,52.7,56.9,1,1,1,1,55.1,HIGH
Student_306,486,0.0,0.0,0.0,0,55,11,47.4,3,0.0,0.0,0.0,0.0,5.5,35.5,6.4,0.0,0.0,0.0,0.0,5,1,0.8454,46,9,63.4,76.7,78.8,71.0,1,1,1,1,72.18,HIGH
Student_307,486,130.9,63.0,0.269,1,20,13,56.2,2,0.0,0.0,0.0,0.0,28.0,0.0,0.0,0.0,0.0,28.2,0.0,4,0,0.1795,9,45,72.3,73.3,77.0,84.9,1,1,1,1,78.48,MEDIUM
Student_308,200,60.7,53.6,0.304,1,13,75,320.1,6,0.0,5.9,0.0,86.5,0.0,70.9,0.0,22.2,0.0,41.3,93.3,9,4,0.8999,25,3,76.7,73.5,83.8,72.6,1,1,1,1,75.84,MEDIUM
Student_309,400,118.5,68.1,0.296,0,15,0,0.0,1,0.0,0.0,0.0,0.0,0.0,0.0,0.0,0.0,0.0,0.0,0.0,18,4,0.403,18,29,61.6,51.6,55.3,57.3,1,1,1,1,56.62,HIGH
Student_310,486,189.4,51.6,0.39,0,31,51,209.8,9,22.8,24.5,46.6,21.9,0.0,4.7,26.8,43.7,3.9,15.0,0.0,6,1,0.5133,32,32,78.4,77.3,80.7,86.4,1,1,1,1,81.84,MEDIUM
Student_311,300,59.9,45.0,0.2,2,22,8,33.4,3,0.0,0.0,0.0,10.5,0.0,0.0,0.0,5.9,0.0,0.0,17.0,0,0,0.3109,12,28,73.6,75.4,81.9,76.5,1,1,1,1,76.78,MEDIUM
Student_312,600,277.7,67.9,0.463,4,25,27,72.3,2,0.0,0.0,5.0,0.0,0.0,0.0,0.0,0.0,0.0,67.3,0.0,0,0,0.5061,39,39,84.3,86.9,92.0,86.3,1,1,1,1,87.16,LOW
Student_313,300,63.4,48.6,0.211,0,18,33,62.3,5,0.0,19.0,11.6,7.5,0.0,17.0,7.2,0.0,0.0,0.0,0.0,4,1,0.9417,32,3,76.4,81.3,70.9,69.5,1,1,1,1,73.52,HIGH
Student_314,300,3.4,13.9,0.011,1,31,5,14.9,3,0.0,0.0,0.0,0.0,0.0,10.1,0.0,0.0,0.0,3.1,1.7,2,0,0.1507,5,31,69.5,70.5,73.1,0.0,1,1,1,0,71.03,HIGH
Student_315,400,153.3,58.2,0.383,3,23,10,25.8,1,25.8,0.0,0.0,0.0,0.0,0.0,0.0,0.0,0.0,0.0,0.0,3,2,0.5456,30,25,87.4,85.0,91.2,84.8,1,1,1,1,86.64,LOW
Student_316,240,98.9,61.8,0.412,3,13,14,38.3,5,0.0,0.2,0.0,0.0,4.1,0.0,0.0,6.3,10.5,17.1,0.0,2,1,0.2339,7,27,78.9,73.5,68.3,73.2,1,1,1,1,73.42,HIGH
Student_317,200,129.5,100.0,0.648,0,0,27,130.9,5,23.0,8.1,0.0,40.4,45.7,0.0,0.0,13.6,0.0,0.0,0.0,9,3,0.5449,14,12,100.0,88.6,95.5,88.4,1,1,1,1,92.18,LOW
Student_318,600,254.6,71.4,0.424,4,22,77,156.4,5,56.2,0.0,0.0,11.1,12.8,30.6,0.0,0.0,45.7,0.0,0.0,9,2,0.3468,26,51,96.1,95.1,89.5,78.6,1,1,1,1,87.58,LOW
Student_319,200,37.9,52.0,0.19,1,12,27,55.2,5,6.3,0.0,9.0,11.0,0.0,0.0,0.0,0.0,12.1,0.0,16.8,23,14,0.8706,21,4,50.5,50.9,57.7,57.1,1,1,1,1,54.66,HIGH
Student_320,200,206.9,100.0,1.034,0,0,57,229.3,7,13.9,0.0,25.3,0.0,38.2,19.4,0.0,48.5,0.0,50.4,33.5,16,7,0.947,27,2,100.0,97.5,99.8,95.7,1,1,1,1,97.74,LOW
Student_321,240,180.9,88.2,0.754,0,4,52,173.9,10,2.6,10.0,6.1,0.0,24.0,36.8,13.7,13.4,20.6,8.0,38.7,2,1,0.7948,27,7,82.0,83.1,81.5,85.2,1,1,1,1,83.4,MEDIUM
Student_322,300,155.4,73.2,0.518,0,11,74,239.6,8,0.0,16.0,45.3,10.1,0.0,27.9,46.1,66.1,20.4,7.6,0.0,11,7,0.4835,19,22,90.8,86.0,81.4,85.3,1,1,1,1,85.76,LOW
Student_323,300,48.3,43.2,0.161,1,25,9,23.5,2,0.0,0.0,0.0,0.0,0.0,0.0,0.0,8.6,0.0,14.9,0.0,10,5,0.2379,10,34,67.9,72.3,57.6,71.8,1,1,1,1,68.28,HIGH
Student_324,600,127.0,44.6,0.212,0,46,27,108.4,4,0.0,0.0,4.6,87.7,0.0,0.0,3.4,12.7,0.0,0.0,0.0,3,1,0.8732,72,11,76.4,74.4,61.7,0.0,1,1,1,0,70.83,HIGH
Student_325,240,30.8,39.4,0.128,2,20,5,20.9,3,0.0,0.0,0.0,4.7,0.0,0.0,0.0,0.0,14.7,1.5,0.0,8,4,0.6131,20,13,69.9,76.0,78.1,0.0,1,1,1,0,74.67,HIGH
Student_326,600,191.9,58.0,0.32,1,29,23,35.2,4,5.8,16.5,12.2,0.0,0.0,0.0,0.0,0.0,0.0,0.8,0.0,4,1,0.418,28,41,81.3,77.3,73.8,76.0,1,1,1,1,76.88,MEDIUM
Student_327,486,241.9,73.5,0.498,4,18,55,124.5,8,6.5,13.8,21.0,10.8,45.8,0.0,0.0,0.0,18.0,1.4,7.2,3,1,0.4113,27,41,80.7,82.2,80.7,78.7,1,1,1,1,80.2,MEDIUM
Student_328,300,138.1,80.0,0.46,0,7,33,69.5,4,0.0,17.7,10.4,0.0,0.0,0.0,0.0,0.0,0.0,13.4,28.1,26,10,0.6683,23,12,82.2,70.8,77.3,75.3,1,1,1,1,76.18,MEDIUM
Student_329,240,11.4,17.9,0.048,0,23,24,103.7,4,21.8,36.9,0.0,8.9,0.0,0.0,0.0,0.0,36.2,0.0,0.0,4,2,0.2394,6,22,50.0,59.2,50.0,0.0,1,1,1,0,53.07,HIGH
Student_330,300,212.8,84.1,0.709,0,7,73,243.3,8,36.1,28.6,30.0,0.0,106.1,3.6,6.8,17.2,0.0,14.9,0.0,4,1,0.5347,23,21,80.0,77.2,77.1,80.9,1,1,1,1,79.22,MEDIUM
Student_331,240,24.3,31.4,0.101,2,24,7,33.3,2,0.0,0.0,0.0,0.0,0.0,23.6,0.0,0.0,0.0,9.7,0.0,5,3,0.5271,18,17,62.6,64.8,60.0,65.4,1,1,1,1,63.64,HIGH
Student_332,486,110.4,58.2,0.227,0,28,6,17.1,2,0.0,0.0,0.0,0.0,0.0,8.4,0.0,0.0,8.7,0.0,0.0,3,1,0.387,25,42,75.5,65.2,73.5,70.5,1,1,1,1,71.04,HIGH
Student_333,400,2.8,5.7,0.007,0,50,6,19.6,0,0.0,0.0,0.0,0.0,0.0,0.0,0.0,0.0,0.0,0.0,0.0,4,2,0.4225,22,31,50.0,50.1,59.3,53.5,1,1,1,1,53.28,HIGH
Student_334,486,217.4,80.0,0.447,3,11,46,218.2,8,15.6,0.0,27.0,0.0,38.8,0.0,11.7,73.3,6.0,20.3,25.5,7,4,0.2382,13,42,84.9,75.1,84.2,73.2,1,1,1,1,78.12,MEDIUM
Student_335,200,151.8,72.4,0.759,0,8,33,87.9,7,0.0,8.3,19.7,0.0,13.0,0.0,0.0,16.5,2.1,14.7,13.6,2,0,0.6958,20,9,91.8,95.6,89.6,90.2,1,1,1,1,91.48,LOW
Student_336,200,101.1,70.4,0.505,0,8,26,83.4,3,0.0,0.0,0.0,0.0,0.0,7.7,36.2,0.0,0.0,39.5,0.0,8,3,0.1945,5,22,87.3,88.8,82.6,82.2,1,1,1,1,84.62,MEDIUM
Student_337,400,17.3,23.9,0.043,2,35,13,43.3,0,0.0,0.0,0.0,0.0,0.0,0.0,0.0,0.0,0.0,0.0,0.0,1,0,0.6864,31,15,55.0,60.8,60.3,61.2,1,1,1,1,59.7,HIGH
Student_338,240,37.3,28.1,0.155,1,23,33,148.4,6,26.8,0.0,0.0,25.6,51.9,0.0,0.0,12.1,0.0,23.8,8.1,2,0,0.4508,14,18,68.7,76.3,74.7,76.7,1,1,1,1,74.62,HIGH
Student_339,600,29.5,17.0,0.049,3,73,10,50.0,2,0.0,0.0,46.3,3.7,0.0,0.0,0.0,0.0,0.0,0.0,0.0,2,0,0.5527,48,40,50.0,61.4,63.5,56.4,1,1,1,1,57.54,HIGH
Student_340,400,88.1,55.8,0.22,2,23,23,47.9,3,0.0,0.0,0.0,28.0,0.0,1.2,0.0,18.7,0.0,0.0,0.0,6,1,0.1645,8,44,74.6,75.1,78.3,0.0,1,1,1,0,76.0,MEDIUM
Student_341,400,224.8,70.2,0.562,1,17,31,148.4,6,8.1,46.8,28.8,0.0,23.0,11.2,0.0,0.0,0.0,0.0,30.5,2,1,0.3717,21,36,85.3,77.3,84.8,87.2,1,1,1,1,84.36,MEDIUM
Student_342,300,167.4,86.5,0.558,2,5,11,44.9,5,18.4,7.0,0.0,0.0,15.0,0.0,3.3,0.0,1.1,0.0,0.0,7,3,0.7377,27,10,79.4,76.6,78.7,70.8,1,1,1,1,75.26,MEDIUM
Student_343,200,85.9,60.0,0.43,0,10,23,57.0,3,0.0,17.2,0.0,0.0,29.4,0.0,10.4,0.0,0.0,0.0,0.0,10,4,0.8843,22,3,81.6,73.9,83.6,80.8,1,1,1,1,80.14,MEDIUM
Student_344,400,239.0,84.4,0.598,0,7,22,82.6,6,0.0,12.2,5.0,0.0,37.2,0.0,0.0,6.7,5.2,16.2,0.0,11,4,0.9482,42,3,85.9,91.0,90.6,86.3,1,1,1,1,88.02,LOW
Student_345,600,206.2,59.8,0.344,0,33,30,141.6,4,0.0,8.7,0.0,31.6,66.2,0.0,0.0,35.1,0.0,0.0,0.0,8,2,0.7382,60,22,82.3,78.1,72.5,82.5,1,1,1,1,79.58,MEDIUM
Student_346,300,55.1,42.5,0.184,2,23,21,34.5,6,0.0,12.0,4.4,0.6,0.0,6.5,0.6,0.0,0.0,10.4,0.0,3,1,0.1685,6,34,81.7,75.9,83.1,0.0,1,1,1,0,80.23,MEDIUM
Student_347,240,151.3,77.1,0.63,0,8,28,95.6,6,0.0,0.0,35.4,3.8,13.1,33.9,0.5,0.0,0.0,0.0,9.0,18,9,0.4597,16,19,92.4,89.1,83.9,92.2,1,1,1,1,89.96,LOW
Student_348,200,9.9,24.1,0.05,0,22,30,75.5,6,22.9,0.0,0.0,9.5,0.0,22.6,2.1,0.0,0.0,5.7,12.7,7,4,0.7202,20,9,63.4,67.0,76.5,67.4,1,1,1,1,68.34,HIGH
Student_349,400,212.3,70.2,0.531,1,17,42,85.7,7,6.7,5.5,0.0,12.8,0.0,4.8,0.0,0.0,4.1,18.7,33.3,11,3,0.3907,22,35,93.4,98.7,96.6,95.2,1,1,1,1,95.82,LOW
Student_350,486,65.6,45.5,0.135,3,30,9,31.5,3,0.0,0.0,0.0,7.1,0.0,0.0,4.5,0.0,0.0,19.9,0.0,5,1,0.8875,48,7,50.0,52.6,50.9,55.4,1,1,1,1,52.86,HIGH
Student_351,200,73.9,57.1,0.37,0,12,32,50.9,6,6.1,0.0,0.0,3.2,9.5,0.0,0.0,0.0,1.4,3.2,27.4,15,9,0.5136,14,14,93.6,90.1,94.3,94.3,1,1,1,1,93.32,LOW
Student_352,200,196.3,92.6,0.982,0,2,31,106.0,5,0.0,0.0,0.0,25.5,0.0,31.3,23.6,0.0,0.0,3.7,22.0,6,3,0.9459,25,2,82.2,88.5,92.3,84.7,1,1,1,1,86.48,LOW
Student_353,486,19.2,24.6,0.04,3,46,6,13.7,0,0.0,0.0,0.0,0.0,0.0,0.0,0.0,0.0,0.0,0.0,0.0,10,2,0.9865,60,1,58.3,71.9,66.4,62.9,1,1,1,1,64.48,HIGH
Student_354,400,292.2,87.2,0.73,0,6,37,171.8,10,10.1,3.1,33.7,16.7,5.5,16.9,11.1,28.1,0.0,40.7,6.0,5,1,0.7873,37,10,98.0,92.8,100.0,99.6,1,1,1,1,98.0,LOW
Student_355,400,357.8,84.5,0.895,1,9,60,271.0,5,109.8,4.4,34.3,0.0,0.0,0.0,60.3,0.0,62.2,0.0,0.0,5,1,0.7124,41,17,93.8,95.7,87.2,92.7,1,1,1,1,92.42,LOW
Student_356,200,143.0,82.8,0.715,0,5,79,281.1,6,41.6,25.9,37.9,0.0,44.1,0.0,91.0,0.0,40.5,0.0,0.0,11,5,0.9537,27,2,87.5,88.5,82.6,76.2,1,1,1,1,82.2,MEDIUM
Student_357,240,68.0,57.1,0.283,1,12,16,77.6,4,0.0,8.0,9.8,0.0,0.0,0.0,0.0,24.9,0.0,0.0,34.9,2,1,0.1856,5,23,87.4,87.5,82.0,87.7,1,1,1,1,86.46,LOW
Student_358,486,68.6,32.7,0.141,2,37,13,31.3,4,10.0,0.0,12.0,0.0,0.0,0.0,3.9,0.0,0.0,0.0,5.4,7,2,0.66,36,19,65.7,65.3,81.0,73.9,1,1,1,1,71.96,HIGH
Student_359,486,104.2,43.5,0.214,3,39,18,88.7,3,51.9,0.0,0.0,0.0,0.0,0.0,0.0,12.9,0.0,23.9,0.0,2,0,0.8262,57,12,81.2,77.4,81.0,71.0,1,1,1,1,76.32,MEDIUM
Student_360,200,195.2,93.1,0.976,0,2,69,225.5,9,40.3,18.0,0.0,31.6,22.2,0.0,20.1,73.6,10.4,5.1,4.0,45,9,0.5538,16,13,92.4,82.2,80.9,84.6,1,1,1,1,84.94,MEDIUM
Student_361,600,103.8,42.5,0.173,1,42,47,219.1,7,0.0,34.2,57.2,47.6,0.0,45.9,19.0,13.4,1.8,0.0,0.0,3,1,0.515,37,36,84.2,88.9,89.8,0.0,1,1,1,0,87.63,LOW
Student_362,400,232.4,84.2,0.581,1,9,37,104.3,8,31.4,3.7,23.5,0.0,10.7,3.6,4.2,0.0,9.8,17.4,0.0,6,2,0.4069,23,34,80.6,67.4,68.1,80.3,1,1,1,1,75.34,MEDIUM
Student_363,240,187.2,100.0,0.78,0,0,71,340.7,10,18.0,35.1,21.4,38.8,3.2,0.0,89.9,53.9,33.2,22.1,25.2,15,10,0.9966,29,1,86.6,84.8,77.8,88.3,1,1,1,1,85.16,LOW
Student_364,200,80.5,64.0,0.402,0,9,56,119.2,7,0.0,0.0,0.0,0.8,14.7,5.3,29.6,2.1,31.8,0.0,35.0,6,2,0.5,12,13,70.2,80.3,65.6,73.3,1,1,1,1,72.54,HIGH
Student_365,600,571.0,86.2,0.952,0,11,53,243.5,8,13.0,148.0,0.0,8.4,0.0,33.1,9.0,0.0,4.4,10.4,17.3,5,2,0.9402,75,5,83.4,78.9,79.5,71.4,1,1,1,1,76.92,MEDIUM
Student_366,240,185.0,96.3,0.771,1,1,49,221.7,9,29.2,0.0,5.6,8.0,5.2,50.1,49.5,14.1,0.0,34.6,25.3,5,3,0.5623,15,12,84.2,90.3,76.6,80.5,1,1,1,1,82.42,MEDIUM
Student_367,486,0.0,0.0,0.0,0,60,3,9.0,0,0.0,0.0,0.0,0.0,0.0,0.0,0.0,0.0,0.0,0.0,0.0,1,0,0.7479,44,16,55.5,58.1,70.1,0.0,1,1,1,0,61.23,HIGH
Student_368,600,420.6,84.5,0.701,0,11,49,224.3,10,45.1,46.2,24.5,19.7,2.5,15.0,0.1,0.0,17.3,34.3,19.7,26,9,0.3496,24,47,93.3,88.2,94.0,85.1,1,1,1,1,89.14,LOW
Student_369,300,57.1,46.5,0.19,1,23,15,26.1,4,6.4,0.0,0.0,14.8,2.6,0.0,0.0,0.0,0.0,0.0,2.4,7,1,0.5791,24,19,73.2,70.4,73.3,74.9,1,1,1,1,73.34,HIGH
Student_370,400,63.0,44.0,0.158,1,28,15,41.9,4,0.0,0.0,5.0,0.0,32.7,3.2,0.0,0.0,1.0,0.0,0.0,6,2,0.5755,28,22,69.2,75.8,70.6,76.3,1,1,1,1,73.64,HIGH
Student_371,240,116.2,78.1,0.484,1,7,79,133.6,7,2.6,12.1,0.0,12.1,26.9,35.8,0.0,8.2,0.0,35.9,0.0,9,6,0.8117,25,7,97.4,92.4,97.6,100.0,1,1,1,1,97.48,LOW
Student_372,600,69.8,33.3,0.116,4,54,34,128.8,4,73.0,21.6,0.0,0.0,0.0,23.4,0.0,0.0,0.0,10.8,0.0,4,1,0.3858,31,50,56.9,64.3,58.7,50.9,1,1,1,1,56.34,HIGH
Student_373,300,234.3,83.7,0.781,1,7,58,186.3,5,0.0,0.0,13.8,0.0,15.9,0.0,126.0,0.0,15.7,14.9,0.0,8,4,0.4192,18,25,98.0,98.2,78.8,94.5,1,1,1,1,92.8,LOW
Student_374,240,242.1,100.0,1.009,0,0,58,156.3,5,0.0,0.0,0.0,0.0,32.6,69.7,0.0,27.1,0.0,5.7,21.2,4,1,0.5032,16,16,87.9,93.8,70.6,87.2,1,1,1,1,85.34,LOW
Student_375,600,425.8,77.5,0.71,0,20,37,94.0,7,10.2,0.0,26.9,0.0,1.8,0.0,0.0,18.5,9.0,16.4,11.1,23,10,0.8897,79,10,83.3,86.4,86.0,88.7,1,1,1,1,86.62,LOW
Student_376,240,3.5,12.9,0.015,0,27,9,27.3,1,0.0,0.0,0.0,27.3,0.0,0.0,0.0,0.0,0.0,0.0,0.0,4,2,0.9129,28,3,52.4,53.0,57.0,60.4,1,1,1,1,56.64,HIGH
Student_377,600,189.1,61.7,0.315,3,31,12,43.2,3,0.0,0.0,0.0,34.5,2.4,0.0,0.0,0.0,0.0,6.3,0.0,17,10,0.7935,64,17,75.1,88.0,83.2,92.3,1,1,1,1,86.18,LOW
Student_378,200,111.7,68.0,0.558,0,8,30,102.7,8,15.2,3.8,10.1,0.0,23.4,0.0,5.0,20.1,16.9,8.2,0.0,4,1,0.9162,22,3,95.9,100.0,96.4,100.0,1,1,1,1,98.46,LOW
Student_379,486,15.4,12.1,0.032,0,58,3,9.8,3,0.0,0.0,0.0,0.0,0.0,6.3,0.8,0.0,0.0,2.7,0.0,2,0,0.9386,61,5,71.1,68.5,70.0,64.2,1,1,1,1,67.6,HIGH
Student_380,486,92.3,35.7,0.19,3,45,11,19.2,6,2.5,1.1,0.0,9.4,0.0,0.0,2.4,0.0,0.0,1.7,2.2,4,2,0.4711,32,38,73.7,72.1,80.5,76.4,1,1,1,1,75.82,MEDIUM
Student_381,240,185.6,100.0,0.773,0,0,75,272.1,9,7.1,31.9,0.0,53.7,21.5,15.7,0.0,58.8,29.4,20.8,33.1,17,3,0.3619,9,18,100.0,96.1,89.9,93.0,1,1,1,1,94.4,LOW
Student_382,300,281.4,90.2,0.938,4,4,64,303.9,9,0.0,41.9,13.5,37.0,21.6,60.0,0.0,8.0,7.6,17.4,96.9,17,6,0.4292,17,24,99.8,89.2,89.9,90.2,1,1,1,1,91.86,LOW
Student_383,600,50.7,30.6,0.084,0,50,3,11.6,3,0.0,0.9,7.2,0.0,0.0,0.0,0.0,3.5,0.0,0.0,0.0,8,3,0.6607,47,25,50.3,57.1,56.0,0.0,1,1,1,0,54.47,HIGH
Student_384,486,277.6,78.2,0.571,1,12,52,192.9,5,50.7,42.5,21.3,0.0,55.3,0.0,0.0,0.0,0.0,23.0,0.0,3,1,0.4189,23,32,100.0,92.0,92.6,91.3,1,1,1,1,93.44,LOW
Student_385,486,317.6,74.1,0.653,0,15,64,252.8,10,13.8,37.5,14.0,43.4,8.1,1.7,21.0,0.0,50.5,28.3,34.5,6,3,0.9827,56,2,100.0,82.8,90.4,89.5,1,1,1,1,90.44,LOW
Student_386,600,19.1,17.8,0.032,0,60,0,0.0,3,0.0,0.0,0.0,0.0,0.0,0.0,0.0,0.0,0.0,0.0,0.0,1,0,0.6492,47,26,76.4,67.4,74.2,0.0,1,1,1,0,72.67,HIGH
Student_387,200,44.4,51.9,0.222,0,13,10,33.8,6,4.5,0.0,0.0,7.2,0.0,2.4,1.6,0.0,7.1,11.1,0.0,3,1,0.1583,4,23,84.7,85.9,77.9,76.7,1,1,1,1,80.38,MEDIUM
Student_388,300,199.4,83.3,0.665,0,6,69,257.6,5,112.2,22.8,0.0,0.0,9.7,0.0,91.9,0.0,0.0,0.0,21.0,7,3,0.9909,35,1,82.3,79.9,89.8,81.1,1,1,1,1,82.84,MEDIUM
Student_389,486,46.4,30.0,0.095,1,49,0,0.0,2,0.0,0.0,0.0,0.0,0.0,0.0,0.0,0.0,0.0,0.0,0.0,6,2,0.5339,37,33,75.7,68.7,67.8,72.3,1,1,1,1,71.36,HIGH
Student_390,300,4.5,14.3,0.015,0,30,2,5.4,2,0.0,0.0,0.0,3.2,0.0,0.0,0.0,0.0,2.2,0.0,0.0,2,0,0.6597,23,12,55.1,50.0,63.8,50.0,1,1,1,1,53.78,HIGH
Student_391,300,149.4,67.5,0.498,0,13,69,190.2,7,18.6,0.0,73.6,30.5,23.6,0.0,0.0,13.9,9.3,20.6,0.0,4,2,0.7702,30,10,90.7,81.7,86.5,80.2,1,1,1,1,83.86,MEDIUM
Student_392,240,107.2,76.7,0.447,3,7,32,55.3,10,19.3,4.8,1.0,6.7,9.2,0.1,3.0,0.0,0.5,2.6,8.1,8,3,0.9557,28,2,86.0,85.3,96.3,81.4,1,1,1,1,86.08,LOW
Student_393,300,40.6,40.0,0.135,1,24,0,0.0,3,0.0,0.0,0.0,0.0,0.0,0.0,0.0,0.0,0.0,0.0,0.0,4,1,0.9084,36,4,78.9,73.4,88.5,83.0,1,1,1,1,81.36,MEDIUM
Student_394,400,275.1,93.3,0.688,0,3,40,188.9,5,5.8,46.0,36.7,0.0,20.3,80.2,0.0,0.0,0.0,0.0,0.0,4,2,0.9328,41,4,100.0,96.8,92.6,86.7,1,1,1,1,92.56,LOW
Student_395,400,228.0,67.2,0.57,1,19,64,273.5,7,0.0,31.8,42.4,88.3,0.0,8.7,0.0,31.9,26.4,0.0,44.0,29,9,0.8667,50,8,84.1,88.9,92.6,85.1,1,1,1,1,87.16,LOW
Student_396,200,180.5,88.9,0.902,0,3,31,137.5,9,42.2,9.3,0.0,6.1,5.6,12.5,0.0,15.5,9.6,23.2,13.6,8,4,0.9118,24,3,91.1,78.0,92.6,91.3,1,1,1,1,88.86,LOW
Student_397,400,151.3,67.4,0.378,0,15,13,21.6,6,0.0,13.0,0.4,0.8,0.0,3.4,0.0,2.8,1.2,0.0,0.0,7,3,0.2226,10,36,83.4,81.6,72.2,84.2,1,1,1,1,81.12,MEDIUM
Student_398,240,66.7,60.0,0.278,0,14,24,119.9,6,0.0,7.3,28.8,0.0,0.0,19.0,0.0,0.0,29.4,25.1,10.3,2,1,0.9153,32,3,77.2,73.6,76.5,76.0,1,1,1,1,75.86,MEDIUM
Student_399,200,5.2,11.5,0.026,0,23,10,30.8,1,0.0,0.0,0.0,0.0,30.8,0.0,0.0,0.0,0.0,0.0,0.0,19,6,0.336,8,18,50.9,56.2,66.5,66.0,1,1,1,1,61.12,HIGH
Student_400,400,86.3,42.9,0.216,2,32,25,57.7,4,6.2,0.0,0.0,14.2,0.0,0.0,30.5,0.0,0.0,0.0,6.8,3,1,0.2924,16,40,62.0,66.6,58.8,64.3,1,1,1,1,63.2,HIGH
Student_401,600,330.6,71.1,0.551,1,24,59,263.8,6,0.0,0.0,0.0,0.0,30.0,71.0,0.0,42.0,14.6,60.3,45.9,4,1,0.7011,58,25,99.6,95.2,100.0,99.2,1,1,1,1,98.64,LOW
Student_402,400,117.5,57.7,0.294,2,22,14,55.0,6,6.0,13.0,0.0,0.0,0.0,14.3,13.8,6.4,0.0,1.5,0.0,4,2,0.6367,33,19,83.4,94.7,80.1,87.4,1,1,1,1,86.6,LOW
Student_403,486,186.5,60.6,0.384,1,28,14,21.9,5,0.0,4.0,7.5,0.0,0.0,0.0,0.0,0.0,4.7,5.1,0.6,4,0,0.7238,51,20,87.9,88.3,85.4,81.2,1,1,1,1,84.8,MEDIUM
Student_404,300,40.0,30.0,0.133,2,28,23,39.9,3,0.0,18.1,11.7,0.0,0.0,0.0,0.0,10.0,0.0,0.0,0.0,3,0,0.695,27,13,69.3,79.7,72.1,0.0,1,1,1,0,73.7,HIGH
Student_405,240,53.8,51.9,0.224,0,13,18,32.7,3,0.0,0.0,0.0,0.0,0.0,7.2,0.0,0.0,0.0,13.7,11.9,22,5,0.4886,13,14,78.4,90.5,76.8,0.0,1,1,1,0,81.9,MEDIUM
Student_406,200,39.5,44.0,0.198,1,14,24,92.7,5,0.0,0.0,0.0,0.0,10.9,7.1,38.1,0.0,0.0,22.1,14.5,1,0,0.2756,6,19,85.2,88.9,86.5,81.2,1,1,1,1,84.6,MEDIUM
Student_407,486,19.4,19.4,0.04,2,54,11,30.2,3,0.0,5.5,0.0,0.0,1.1,0.0,0.0,23.7,0.0,0.0,0.0,4,1,0.4184,28,39,50.0,54.8,56.6,0.0,1,1,1,0,53.8,HIGH
Student_408,200,37.9,50.0,0.19,0,13,4,11.8,0,0.0,0.0,0.0,0.0,0.0,0.0,0.0,0.0,0.0,0.0,0.0,2,0,0.2311,6,20,76.7,78.8,79.8,78.6,1,1,1,1,78.5,MEDIUM
Student_409,240,210.6,88.6,0.878,1,4,65,151.6,7,19.9,0.0,34.9,12.5,13.7,28.5,0.0,0.0,0.0,37.5,4.6,15,3,0.7734,27,8,100.0,98.7,83.5,99.4,1,1,1,1,96.2,LOW
Student_410,400,107.1,50.0,0.268,2,29,12,20.8,5,0.0,2.0,0.0,5.0,0.0,1.9,0.0,8.5,0.0,3.4,0.0,6,3,0.3434,19,39,69.7,74.2,67.5,69.9,1,1,1,1,70.24,HIGH
Student_411,300,88.1,53.8,0.294,0,18,42,78.4,9,0.0,2.9,28.9,0.0,4.5,15.0,5.3,1.5,11.1,4.9,4.4,4,1,0.8197,31,8,78.2,77.4,82.0,77.8,1,1,1,1,78.64,MEDIUM
Student_412,486,36.8,26.5,0.076,1,50,0,0.0,0,0.0,0.0,0.0,0.0,0.0,0.0,0.0,0.0,0.0,0.0,0.0,4,1,0.2615,17,51,50.0,51.8,51.7,50.0,1,1,1,1,50.7,HIGH
Student_413,200,3.1,17.2,0.016,0,24,9,29.4,2,0.0,0.0,0.0,0.0,0.0,0.0,0.0,0.0,0.0,15.8,13.6,3,0,0.149,4,25,60.0,67.7,75.3,63.8,1,1,1,1,66.12,HIGH
Student_414,240,161.5,73.3,0.673,0,8,66,278.9,10,30.7,65.2,0.0,6.1,19.8,17.6,23.5,49.7,10.0,23.4,32.9,10,3,0.973,29,1,97.3,87.4,89.0,90.6,1,1,1,1,90.98,LOW
Student_415,300,35.0,37.8,0.117,1,23,5,18.9,0,0.0,0.0,0.0,0.0,0.0,0.0,0.0,0.0,0.0,0.0,0.0,4,0,0.8641,31,6,66.5,73.1,63.8,63.5,1,1,1,1,66.08,HIGH
Student_416,486,59.3,32.3,0.122,2,44,14,57.8,0,0.0,0.0,0.0,0.0,0.0,0.0,0.0,0.0,0.0,0.0,0.0,8,1,0.4011,26,39,69.0,64.5,60.0,64.8,1,1,1,1,64.62,HIGH
Student_417,200,51.3,44.0,0.256,0,14,11,53.1,5,6.0,0.0,10.5,0.0,0.0,4.3,0.0,0.0,0.0,11.8,20.5,24,12,0.5483,13,12,81.3,81.4,74.8,76.9,1,1,1,1,78.26,MEDIUM
Student_418,400,4.9,13.8,0.012,0,50,10,29.2,2,0.0,20.4,8.8,0.0,0.0,0.0,0.0,0.0,0.0,0.0,0.0,2,0,0.1174,6,52,50.7,61.6,58.4,0.0,1,1,1,0,56.9,HIGH
Student_419,300,40.2,39.0,0.134,2,25,13,32.8,2,0.0,0.0,23.0,0.0,9.8,0.0,0.0,0.0,0.0,0.0,0.0,14,6,0.5667,23,18,81.2,80.7,72.3,77.8,1,1,1,1,77.96,MEDIUM
Student_420,300,46.1,37.2,0.154,1,27,10,24.7,4,6.2,0.0,0.0,5.0,0.0,8.1,5.5,0.0,0.0,0.0,0.0,9,5,0.1998,8,35,62.8,64.9,75.0,0.0,1,1,1,0,67.57,HIGH
Student_421,486,244.2,59.7,0.502,0,25,39,121.9,9,9.6,1.0,24.9,0.0,18.5,16.2,0.0,16.3,9.2,8.9,17.3,12,3,0.6551,40,22,83.3,78.9,90.6,87.0,1,1,1,1,85.36,LOW
Student_422,400,41.6,37.8,0.104,1,28,8,16.6,3,0.0,0.0,0.0,0.0,0.0,0.0,7.9,0.0,0.0,4.7,4.0,1,0,0.7381,33,12,57.3,50.0,51.2,60.9,1,1,1,1,56.06,HIGH
Student_423,600,145.2,59.5,0.242,4,34,71,239.6,7,23.3,44.7,10.8,17.3,0.0,95.1,0.0,27.5,0.0,20.8,0.0,4,1,0.1524,12,72,88.3,81.7,96.9,82.8,1,1,1,1,86.5,LOW
Student_424,600,178.4,54.5,0.297,11,40,11,37.8,3,12.3,0.0,0.0,0.0,0.0,0.0,16.5,9.0,0.0,0.0,0.0,10,6,0.9293,81,7,66.6,70.5,77.8,70.0,1,1,1,1,70.98,HIGH
Student_425,300,102.2,59.5,0.341,2,17,34,64.7,4,21.3,0.0,22.4,0.0,0.0,7.0,0.0,14.0,0.0,0.0,0.0,1,0,0.2699,11,31,80.4,71.9,89.1,89.4,1,1,1,1,84.04,MEDIUM
Student_426,200,57.2,46.4,0.286,0,15,32,52.5,3,15.2,23.5,0.0,13.8,0.0,0.0,0.0,0.0,0.0,0.0,0.0,4,2,0.4178,11,17,72.7,80.6,69.6,74.7,1,1,1,1,74.46,HIGH
Student_427,300,131.5,79.4,0.438,0,7,25,73.2,8,4.0,0.0,6.3,7.0,20.7,12.7,0.0,0.0,7.7,0.7,14.0,5,1,0.8711,29,5,95.5,81.7,88.4,83.1,1,1,1,1,86.36,LOW
Student_428,300,281.5,94.9,0.938,1,2,27,64.2,7,0.0,0.0,2.9,9.9,11.0,10.1,0.0,5.1,4.7,0.0,20.5,4,1,0.6504,25,14,96.7,100.0,96.8,100.0,1,1,1,1,98.7,LOW
Student_429,240,136.7,76.5,0.57,1,8,10,47.2,3,0.0,16.1,0.0,0.0,9.3,0.0,0.0,0.0,21.8,0.0,0.0,6,3,0.8813,29,5,70.6,71.8,71.8,72.4,1,1,1,1,71.8,HIGH
Student_430,240,251.8,100.0,1.049,0,0,67,120.4,10,25.4,3.0,38.2,8.3,4.4,9.8,5.7,2.5,6.5,0.0,16.5,5,3,0.8415,28,6,100.0,94.9,98.5,97.6,1,1,1,1,97.72,LOW
Student_431,486,381.2,75.8,0.784,0,15,62,107.9,5,7.9,17.5,2.1,0.0,0.0,0.0,0.0,24.5,55.9,0.0,0.0,5,2,0.8365,51,11,83.8,86.8,86.2,86.3,1,1,1,1,85.88,LOW
Student_432,486,142.9,60.0,0.294,2,22,18,52.7,5,3.8,0.0,20.0,0.0,10.5,0.0,2.6,15.8,0.0,0.0,0.0,17,11,0.2778,15,40,69.6,75.3,79.2,77.9,1,1,1,1,75.98,MEDIUM
Student_433,400,90.7,36.7,0.227,1,31,31,67.0,6,17.6,10.9,3.3,0.0,0.0,0.0,4.5,0.0,5.4,25.2,0.0,11,7,0.3509,17,32,75.2,75.9,72.5,75.5,1,1,1,1,74.92,HIGH
Student_434,300,110.2,55.8,0.367,1,19,55,223.4,9,32.8,14.2,4.3,0.1,0.0,0.0,41.3,13.3,36.7,62.6,18.1,5,1,0.7732,33,10,74.0,73.8,71.4,83.2,1,1,1,1,77.12,MEDIUM
Student_435,400,357.5,93.6,0.894,0,3,47,123.1,7,8.1,38.6,8.4,21.9,0.0,0.0,15.7,27.6,0.0,0.0,2.7,12,7,0.7445,34,13,90.9,87.7,88.8,87.8,1,1,1,1,88.6,LOW
Student_436,486,436.0,96.4,0.897,1,2,59,163.0,9,25.2,0.0,14.7,0.0,11.7,31.9,15.4,16.2,18.8,8.2,20.8,11,6,0.7512,42,14,99.1,91.8,97.6,90.3,1,1,1,1,93.82,LOW
Student_437,240,180.7,89.3,0.753,0,3,75,351.7,6,67.1,0.0,21.8,121.5,0.0,16.0,0.0,108.2,0.0,0.0,17.1,16,3,0.9312,26,2,95.3,76.0,84.2,82.0,1,1,1,1,83.9,MEDIUM
Student_438,200,87.1,72.4,0.436,0,8,24,55.4,5,0.0,0.6,0.0,0.0,0.0,0.0,0.3,22.3,0.0,16.6,15.6,12,5,0.8949,25,4,61.1,70.0,72.1,71.5,1,1,1,1,69.24,HIGH
Student_439,240,6.9,12.9,0.029,0,27,5,23.7,2,22.5,0.0,0.0,0.0,0.0,0.0,0.0,0.0,0.0,0.0,1.2,0,0,0.137,4,27,55.6,62.5,63.5,0.0,1,1,1,0,60.53,HIGH
Student_440,486,209.4,67.8,0.431,0,19,69,279.5,10,4.1,83.4,27.9,38.7,6.7,17.1,7.8,20.7,70.7,0.0,2.3,15,4,0.7157,42,17,83.7,94.7,92.8,83.0,1,1,1,1,87.44,LOW
Student_441,486,352.8,100.0,0.726,0,0,28,57.7,7,1.1,12.5,1.2,0.0,10.5,0.0,24.0,0.0,3.4,0.0,4.9,3,1,0.9788,62,2,99.2,99.1,91.4,99.8,1,1,1,1,97.86,LOW
Student_442,300,80.9,45.0,0.27,1,22,12,48.9,6,5.4,0.0,0.5,0.0,0.0,0.0,14.8,13.5,3.6,11.0,0.0,28,7,0.2378,9,31,75.9,75.3,69.5,70.5,1,1,1,1,72.34,HIGH
Student_443,240,22.8,34.5,0.095,0,19,4,8.6,2,0.0,1.2,0.0,7.4,0.0,0.0,0.0,0.0,0.0,0.0,0.0,6,2,0.705,20,9,69.0,69.3,76.0,74.1,1,1,1,1,72.5,HIGH
Student_444,400,40.3,30.0,0.101,1,35,11,35.3,3,0.0,0.0,0.0,0.0,12.8,0.0,0.0,0.0,4.5,18.0,0.0,1,0,0.8602,43,7,78.3,86.8,82.1,82.1,1,1,1,1,82.28,MEDIUM
Student_445,400,97.0,53.3,0.242,0,21,39,140.5,9,24.8,3.9,0.0,6.6,40.2,0.0,19.7,1.8,13.4,6.9,23.1,13,3,0.3512,15,30,73.3,77.1,71.9,0.0,1,1,1,0,74.1,HIGH
Student_446,486,95.5,44.3,0.197,3,34,13,21.9,4,0.0,9.3,0.0,0.0,0.0,0.0,4.2,6.2,0.0,2.3,0.0,6,3,0.1708,10,51,86.9,97.0,89.8,78.1,1,1,1,1,85.98,LOW
Student_447,200,47.5,48.0,0.238,0,13,49,206.5,6,23.4,0.0,0.0,33.5,50.9,0.0,0.0,14.5,0.0,78.4,5.8,4,1,0.8795,21,4,80.5,81.3,67.4,74.5,1,1,1,1,75.64,MEDIUM
Student_448,600,403.4,81.7,0.672,0,15,78,204.0,5,29.3,51.5,0.0,6.2,28.6,88.6,0.0,0.0,0.0,0.0,0.0,6,3,0.7114,58,24,84.7,76.2,92.4,86.9,1,1,1,1,85.42,LOW
Student_449,300,82.8,56.1,0.276,2,18,2,5.6,1,0.0,0.0,0.0,0.0,0.0,5.6,0.0,0.0,0.0,0.0,0.0,11,2,0.7367,30,11,77.6,73.4,69.2,74.9,1,1,1,1,74.0,HIGH
Student_450,400,136.2,55.6,0.34,2,24,14,29.9,3,0.0,0.0,0.0,7.9,0.0,18.8,3.2,0.0,0.0,0.0,0.0,11,3,0.9225,49,5,87.0,91.6,83.0,90.3,1,1,1,1,88.44,LOW
Student_451,300,119.2,58.1,0.397,0,18,19,74.6,3,0.0,0.0,0.0,26.1,0.0,0.0,0.0,0.0,16.4,32.1,0.0,1,0,0.6194,26,17,69.0,69.8,76.3,79.0,1,1,1,1,74.62,HIGH
Student_452,200,3.4,13.8,0.017,0,25,13,38.9,3,0.0,9.4,0.0,0.0,0.0,11.3,18.2,0.0,0.0,0.0,0.0,5,2,0.6495,18,11,67.8,63.9,66.3,0.0,1,1,1,0,66.0,HIGH
Student_453,300,97.1,47.7,0.324,0,23,19,38.4,2,0.0,0.0,20.4,0.0,0.0,0.0,0.0,0.0,0.0,0.0,18.0,6,1,0.5804,25,19,84.1,80.0,80.9,84.0,1,1,1,1,82.6,MEDIUM
Student_454,400,420.9,100.0,1.052,0,0,29,75.8,5,0.0,34.9,4.3,4.3,0.0,26.6,5.7,0.0,0.0,0.0,0.0,2,0,0.5586,31,25,86.8,91.9,87.7,91.5,1,1,1,1,89.88,LOW
Student_455,300,184.2,65.9,0.614,0,15,32,140.8,5,28.2,0.0,0.0,41.8,0.0,0.0,0.0,0.0,35.5,13.7,21.6,5,1,0.3349,14,30,96.7,93.3,94.4,94.8,1,1,1,1,94.8,LOW
Student_456,486,112.7,42.0,0.232,2,40,11,18.7,3,4.0,0.0,0.0,0.0,0.0,0.0,0.0,1.0,13.7,0.0,0.0,3,1,0.5153,35,34,76.5,88.2,84.5,0.0,1,1,1,0,83.07,MEDIUM
Student_457,240,54.2,43.3,0.226,0,17,12,48.9,2,0.0,0.0,0.0,27.3,0.0,0.0,0.0,0.0,0.0,21.6,0.0,4,1,0.7939,23,7,60.7,69.5,63.8,62.6,1,1,1,1,63.84,HIGH
Student_458,240,73.0,56.7,0.304,0,13,28,94.5,10,13.3,15.4,4.4,1.2,0.0,18.0,8.9,11.3,4.1,4.1,13.7,3,1,0.5446,16,14,80.4,74.1,72.4,79.4,1,1,1,1,77.14,MEDIUM
Student_459,300,74.0,41.5,0.247,1,24,28,56.1,2,12.3,0.0,0.0,0.0,0.0,0.0,43.8,0.0,0.0,0.0,0.0,3,1,0.4634,19,22,66.8,80.2,74.6,0.0,1,1,1,0,73.87,HIGH
Student_460,300,129.1,64.9,0.43,2,13,63,197.5,6,25.4,13.8,29.1,0.0,13.3,0.0,74.1,0.0,0.0,41.8,0.0,20,6,0.4477,16,21,74.3,78.3,75.7,74.4,1,1,1,1,75.42,MEDIUM
Student_461,600,436.6,88.2,0.728,0,9,62,152.1,5,48.0,0.0,15.6,0.0,0.0,15.0,0.0,0.0,20.1,0.0,53.4,1,0,0.3256,24,52,90.3,87.9,84.1,90.5,1,1,1,1,88.66,LOW
Student_462,240,208.3,100.0,0.868,0,0,43,163.3,6,10.7,30.2,0.0,0.0,27.5,0.0,10.4,0.0,36.0,48.4,0.0,5,2,0.6539,18,10,100.0,90.3,83.8,84.8,1,1,1,1,88.74,LOW
Student_463,600,191.9,55.7,0.32,2,31,23,65.6,4,11.7,0.0,16.4,26.6,0.0,0.0,0.0,0.0,0.0,10.9,0.0,13,7,0.4173,29,41,79.7,83.5,77.5,81.8,1,1,1,1,80.86,MEDIUM
Student_464,400,4.0,7.1,0.01,0,52,14,40.8,0,0.0,0.0,0.0,0.0,0.0,0.0,0.0,0.0,0.0,0.0,0.0,2,0,0.5117,28,28,58.9,65.7,67.8,0.0,1,1,1,0,64.13,HIGH
Student_465,600,134.4,39.7,0.224,0,47,14,46.9,3,0.0,0.0,4.0,0.0,0.0,0.0,0.0,0.0,28.7,14.2,0.0,3,1,0.2033,15,63,83.2,87.7,85.7,0.0,1,1,1,0,85.53,LOW
Student_466,600,369.8,93.8,0.616,0,5,30,59.0,5,8.4,0.0,0.0,0.0,2.1,11.7,0.0,0.0,2.6,0.0,34.3,7,4,0.3975,31,49,94.0,94.6,80.4,90.6,1,1,1,1,90.04,LOW
Student_467,486,433.9,92.9,0.893,0,5,78,382.0,10,0.0,16.5,7.1,24.0,34.8,32.6,72.7,105.9,21.3,66.7,0.4,7,1,0.6111,42,28,90.1,95.0,85.6,85.8,1,1,1,1,88.46,LOW
Student_468,400,61.2,41.3,0.153,0,27,17,26.1,5,0.0,0.0,0.0,0.0,11.7,0.0,5.3,3.0,0.0,5.5,0.5,14,3,0.6861,31,15,78.4,79.7,73.7,0.0,1,1,1,0,77.27,MEDIUM
Student_469,200,49.4,42.3,0.247,0,15,18,86.7,6,34.0,7.7,8.3,0.0,0.0,0.0,14.7,1.3,0.0,20.6,0.0,2,1,0.5474,14,12,81.7,86.9,84.6,0.0,1,1,1,0,84.4,MEDIUM
Student_470,400,191.9,76.8,0.48,0,13,10,40.5,5,0.0,18.1,0.0,2.2,8.6,0.0,0.0,0.0,0.0,2.0,9.6,4,1,0.7893,44,12,82.7,78.8,82.0,77.5,1,1,1,1,79.7,MEDIUM
Student_471,486,89.2,36.1,0.184,4,46,13,42.3,5,7.2,0.0,1.7,0.0,0.0,0.0,0.0,4.0,16.5,0.0,13.0,7,1,0.4608,33,39,69.2,82.3,71.0,0.0,1,1,1,0,74.17,HIGH
Student_472,400,425.3,89.5,1.063,0,6,73,246.5,10,40.9,85.9,5.3,11.5,0.0,20.9,22.1,20.5,2.9,24.7,11.9,3,0,0.5275,30,27,100.0,96.1,92.8,92.5,1,1,1,1,94.78,LOW
Student_473,600,53.3,34.5,0.089,1,57,10,17.5,2,0.0,0.0,5.9,0.0,0.0,0.0,0.0,0.0,11.6,0.0,0.0,8,4,0.4141,36,51,61.9,66.4,60.7,0.0,1,1,1,0,63.0,HIGH
Student_474,200,139.9,88.9,0.7,0,3,73,213.0,5,0.0,54.9,86.7,28.7,0.0,0.0,27.3,0.0,0.0,0.0,15.5,8,2,0.4501,12,15,92.9,89.3,92.7,88.6,1,1,1,1,90.42,LOW
Student_475,200,62.2,56.0,0.311,1,11,29,59.1,2,23.1,0.0,0.0,0.0,0.0,0.0,36.0,0.0,0.0,0.0,0.0,4,2,0.2167,5,20,92.3,87.6,94.5,84.6,1,1,1,1,88.72,LOW
Student_476,240,0.0,0.0,0.0,0,31,10,43.4,0,0.0,0.0,0.0,0.0,0.0,0.0,0.0,0.0,0.0,0.0,0.0,7,4,0.7249,22,9,50.0,50.0,50.0,58.2,1,1,1,1,53.28,HIGH
Student_477,400,39.8,29.1,0.099,1,39,10,25.8,3,0.0,0.0,0.0,0.0,0.0,0.0,0.0,0.0,17.3,2.7,5.8,2,1,0.8773,48,7,50.0,52.0,50.0,54.3,1,1,1,1,52.12,HIGH
Student_478,400,18.9,26.3,0.047,1,42,25,68.3,3,0.0,0.0,6.8,0.0,0.0,5.3,56.2,0.0,0.0,0.0,0.0,0,0,0.5966,34,23,50.0,53.0,55.5,54.9,1,1,1,1,53.66,HIGH
Student_479,240,52.9,43.8,0.22,0,18,54,253.5,5,0.0,58.0,88.3,0.0,0.0,5.1,0.0,31.2,70.9,0.0,0.0,10,2,0.5243,16,16,76.5,84.4,82.1,0.0,1,1,1,0,81.0,MEDIUM
Student_480,300,44.4,42.9,0.148,0,20,9,14.9,0,0.0,0.0,0.0,0.0,0.0,0.0,0.0,0.0,0.0,0.0,0.0,7,2,0.3427,11,24,74.7,70.7,79.7,82.8,1,1,1,1,78.14,MEDIUM
Student_481,400,54.3,31.2,0.136,0,33,17,34.7,6,7.6,0.0,0.0,4.3,12.6,6.7,1.7,0.0,0.0,1.8,0.0,1,0,0.5461,26,22,69.8,70.5,75.6,0.0,1,1,1,0,71.97,HIGH
Student_482,486,400.4,76.8,0.824,0,16,62,147.4,10,1.6,7.9,12.5,9.0,13.7,21.9,8.0,25.7,0.0,31.4,15.8,2,1,0.9138,63,6,87.8,89.6,87.7,100.0,1,1,1,1,93.02,LOW
Student_483,600,317.9,71.0,0.53,1,20,44,201.9,5,0.0,15.2,0.0,0.0,0.0,57.8,66.1,20.0,0.0,42.9,0.0,15,8,0.4438,30,39,90.7,91.6,90.4,91.7,1,1,1,1,91.22,LOW
Student_484,486,146.1,62.5,0.301,2,24,26,101.4,2,0.0,64.3,0.0,0.0,0.0,0.0,0.0,0.0,37.1,0.0,0.0,5,2,0.6303,40,24,75.9,69.9,68.6,72.8,1,1,1,1,72.0,HIGH
Student_485,600,187.6,53.2,0.313,1,36,28,49.7,8,9.2,0.9,2.6,6.8,0.0,0.0,8.2,6.8,0.0,8.3,6.9,9,4,0.3976,30,47,88.6,90.8,86.5,89.7,1,1,1,1,89.06,LOW
Student_486,200,164.6,88.9,0.823,1,3,41,91.8,8,7.5,0.0,17.6,0.0,1.6,0.0,12.8,6.3,4.0,24.7,17.3,16,9,0.7026,18,9,94.6,82.2,84.2,85.9,1,1,1,1,86.56,LOW
Student_487,300,163.1,65.9,0.544,0,15,34,67.5,4,0.0,0.0,7.5,0.0,0.0,0.0,33.5,0.0,0.0,21.7,4.8,5,1,0.8825,38,6,89.2,87.9,89.7,81.6,1,1,1,1,86.0,LOW
Student_488,240,38.2,51.7,0.159,2,14,10,36.9,4,0.0,0.0,0.0,10.9,0.0,0.0,0.0,6.8,6.7,0.0,12.5,5,3,0.752,21,8,91.7,87.2,74.8,88.1,1,1,1,1,85.98,LOW
Student_489,240,118.5,79.3,0.494,0,6,31,61.5,8,3.0,6.5,1.6,6.3,16.5,9.4,0.0,0.0,14.8,0.0,3.5,10,6,0.8953,25,4,98.3,98.6,100.0,97.5,1,1,1,1,98.38,LOW
Student_490,486,108.7,37.1,0.224,4,44,26,66.0,2,33.1,0.0,0.0,0.0,0.0,0.0,0.0,32.9,0.0,0.0,0.0,3,2,0.8702,60,10,70.3,70.6,70.8,71.4,1,1,1,1,70.9,HIGH
Student_491,600,14.7,11.5,0.024,0,77,8,19.9,3,0.0,0.0,0.0,0.0,0.0,13.3,0.0,3.6,0.0,2.9,0.0,3,1,0.2096,18,69,56.0,68.3,63.8,64.6,1,1,1,1,63.46,HIGH
Student_492,486,158.3,64.1,0.326,5,23,21,95.1,5,6.8,17.7,5.1,22.5,0.0,0.0,43.0,0.0,0.0,0.0,0.0,1,0,0.6346,40,24,72.8,74.2,86.5,78.2,1,1,1,1,77.98,MEDIUM
Student_493,600,83.4,35.5,0.139,1,49,18,66.5,2,0.0,0.0,0.0,34.6,0.0,31.9,0.0,0.0,0.0,0.0,0.0,9,6,0.663,50,26,51.7,61.9,58.2,59.8,1,1,1,1,58.28,HIGH
Student_494,400,356.8,95.7,0.892,0,2,63,186.9,9,17.7,9.1,14.1,0.0,44.0,10.0,0.5,53.2,23.5,14.8,0.0,68,13,0.8568,40,7,90.6,85.9,89.0,79.6,1,1,1,1,84.94,MEDIUM
Student_495,200,64.0,60.0,0.32,0,10,61,204.2,9,13.6,14.7,17.2,8.1,0.0,0.0,9.0,47.1,14.0,67.8,12.7,5,2,0.7392,18,7,78.1,73.8,79.6,76.2,1,1,1,1,76.78,MEDIUM
Student_496,400,288.0,85.7,0.72,0,8,53,85.8,8,1.0,17.4,7.7,23.3,3.4,15.1,0.0,0.0,0.0,14.3,3.6,5,2,0.3527,19,37,100.0,92.8,93.2,93.3,1,1,1,1,94.52,LOW
Student_497,300,94.9,57.1,0.316,1,15,25,71.8,3,0.0,0.0,21.8,0.0,0.0,0.0,0.0,3.7,0.0,0.0,46.3,5,2,0.2963,10,25,79.5,83.0,75.9,72.6,1,1,1,1,76.72,MEDIUM
Student_498,486,266.4,68.1,0.548,1,23,79,296.1,10,5.7,22.0,55.3,2.8,61.8,38.3,65.8,11.3,0.0,16.9,16.1,7,4,0.6314,45,27,83.2,84.8,89.6,76.4,1,1,1,1,82.08,MEDIUM
Student_499,240,42.5,41.9,0.177,0,18,16,54.6,3,0.0,0.0,0.0,0.0,0.0,7.7,0.0,21.8,0.0,25.1,0.0,8,4,0.1866,5,26,51.7,50.0,55.0,0.0,1,1,1,0,52.23,HIGH
Student_500,400,0.0,0.0,0.0,0,54,1,3.8,3,0.0,0.0,0.0,0.0,0.0,0.0,0.0,1.2,0.6,0.0,1.9,4,1,0.915,49,5,50.0,64.7,61.0,0.0,1,1,1,0,58.57,HIGH
Student_501,240,104.6,78.1,0.436,2,7,29,81.6,5,0.0,0.0,13.7,22.3,0.0,21.9,12.1,0.0,11.5,0.0,0.0,14,5,0.4693,15,17,74.1,73.0,78.6,72.0,1,1,1,1,73.94,HIGH
Student_502,300,232.4,80.5,0.775,0,8,40,146.4,8,0.0,37.2,8.3,15.6,0.0,69.1,8.2,1.7,0.0,5.8,0.6,4,1,0.9515,39,2,96.6,85.6,88.1,93.3,1,1,1,1,91.38,LOW
Student_503,486,110.1,40.8,0.227,3,42,12,34.3,5,4.1,4.4,0.0,0.0,0.0,0.0,23.5,0.3,0.0,1.9,0.0,1,0,0.6409,45,26,69.1,67.5,81.1,0.0,1,1,1,0,72.57,HIGH
Student_504,400,52.2,40.4,0.13,2,31,29,61.4,6,0.0,0.0,34.8,5.5,2.7,0.0,0.0,7.4,7.7,0.0,3.3,4,2,0.6794,35,17,53.1,65.5,55.3,0.0,1,1,1,0,57.97,HIGH
Student_505,400,13.2,9.8,0.033,0,46,10,44.9,1,0.0,0.0,0.0,0.0,0.0,0.0,0.0,0.0,0.0,44.9,0.0,9,5,0.5144,26,25,57.8,63.0,69.2,69.6,1,1,1,1,65.84,HIGH
Student_506,486,47.9,28.1,0.099,0,46,9,31.6,2,0.0,24.3,0.0,0.0,0.0,0.0,0.0,0.0,0.0,7.3,0.0,2,0,0.1842,11,53,62.0,57.5,59.0,62.6,1,1,1,1,60.74,HIGH
Student_507,300,31.3,22.5,0.104,0,31,7,22.4,1,0.0,0.0,0.0,0.0,0.0,0.0,0.0,22.4,0.0,0.0,0.0,5,1,0.9666,38,2,80.3,88.7,87.1,79.9,1,1,1,1,83.18,MEDIUM
Student_508,200,26.2,30.8,0.131,0,18,11,37.2,3,12.5,0.0,0.0,0.0,0.0,0.0,8.8,0.0,15.9,0.0,0.0,28,6,0.1678,4,22,74.2,78.3,61.2,70.9,1,1,1,1,71.1,HIGH
Student_509,200,15.4,40.0,0.077,1,15,10,36.5,1,0.0,0.0,0.0,0.0,0.0,0.0,0.0,0.0,0.0,0.0,36.5,10,3,0.7164,17,8,50.0,53.4,56.7,0.0,1,1,1,0,53.37,HIGH
Student_510,240,6.6,15.2,0.028,0,28,12,31.1,0,0.0,0.0,0.0,0.0,0.0,0.0,0.0,0.0,0.0,0.0,0.0,4,1,0.8058,26,7,50.0,56.9,57.6,51.5,1,1,1,1,53.5,HIGH
Student_511,600,513.5,97.6,0.856,0,2,31,129.3,6,0.0,10.8,0.0,5.5,0.0,4.9,8.9,0.0,82.0,17.2,0.0,13,3,0.4471,37,47,96.4,91.2,83.1,89.1,1,1,1,1,89.78,LOW
Student_512,240,88.4,50.0,0.368,1,16,30,138.7,6,36.9,0.0,0.0,34.0,0.0,13.7,0.0,13.7,0.0,25.0,15.4,9,3,0.3265,10,22,91.3,88.0,89.6,90.1,1,1,1,1,89.82,LOW
Student_513,486,89.5,45.3,0.184,5,35,22,49.9,4,0.0,0.0,0.0,7.8,3.2,0.0,0.0,0.0,21.2,17.8,0.0,10,4,0.4876,31,33,76.8,83.8,92.9,89.6,1,1,1,1,86.54,LOW
Student_514,600,237.5,73.9,0.396,4,18,69,341.5,10,28.8,23.6,73.0,63.1,20.7,3.1,22.4,10.3,47.9,48.5,0.0,12,6,0.8162,56,13,91.7,87.1,86.1,93.6,1,1,1,1,90.42,LOW
Student_515,200,84.5,53.6,0.422,0,13,21,87.6,6,11.8,0.0,42.1,1.4,0.0,19.2,0.0,7.3,5.7,0.0,0.0,8,4,0.2047,5,23,86.4,87.3,79.5,84.3,1,1,1,1,84.36,MEDIUM
Student_516,600,76.8,38.5,0.128,0,48,0,0.0,2,0.0,0.0,0.0,0.0,0.0,0.0,0.0,0.0,0.0,0.0,0.0,3,1,0.4997,38,40,57.5,63.2,52.6,57.0,1,1,1,1,57.46,HIGH
Student_517,486,431.6,95.8,0.888,0,3,29,130.0,7,13.3,8.7,42.0,8.2,0.0,0.0,20.5,10.5,0.0,0.0,26.8,15,5,0.8924,63,8,99.1,96.4,93.1,100.0,1,1,1,1,97.72,LOW
Student_518,240,154.1,74.2,0.642,0,8,18,36.3,2,0.0,0.0,0.0,11.8,0.0,0.0,24.5,0.0,0.0,0.0,0.0,6,3,0.8929,27,4,89.6,90.1,89.5,79.5,1,1,1,1,85.64,LOW
Student_519,600,37.6,18.6,0.063,0,70,1,4.3,2,0.0,0.0,0.5,0.0,0.0,0.0,0.0,0.0,3.8,0.0,0.0,6,1,0.6476,55,31,55.6,56.9,58.5,60.4,1,1,1,1,58.36,HIGH
Student_520,600,515.2,89.5,0.859,0,9,30,118.0,9,16.3,0.0,3.6,3.8,13.9,11.4,19.9,19.3,0.0,5.2,24.6,15,6,0.5361,46,40,100.0,90.4,96.2,94.8,1,1,1,1,95.24,LOW
Student_521,600,171.7,55.7,0.286,1,31,16,70.3,2,43.5,0.0,0.0,26.8,0.0,0.0,0.0,0.0,0.0,0.0,0.0,6,3,0.6888,48,22,76.3,78.5,71.7,76.8,1,1,1,1,76.02,MEDIUM
Student_522,200,46.8,41.4,0.234,0,17,41,74.4,6,15.9,0.0,15.1,19.2,0.0,0.0,16.9,0.0,2.8,4.5,0.0,6,1,0.4482,12,17,70.3,67.5,75.5,0.0,1,1,1,0,71.1,HIGH
Student_523,400,38.8,31.4,0.097,2,35,8,28.8,3,5.8,0.0,0.0,9.5,13.5,0.0,0.0,0.0,0.0,0.0,0.0,12,2,0.3448,17,34,58.4,51.7,52.8,0.0,1,1,1,0,54.3,HIGH
Student_524,200,64.7,57.1,0.324,1,12,16,56.8,5,23.4,3.7,0.0,0.0,11.8,7.0,10.8,0.0,0.0,0.0,0.0,19,3,0.719,20,8,78.8,71.0,75.0,78.9,1,1,1,1,76.52,MEDIUM
Student_525,240,43.5,36.7,0.181,0,19,27,83.4,4,0.0,20.7,0.0,0.0,24.8,29.1,0.0,0.0,8.8,0.0,0.0,14,6,0.7014,21,9,85.4,86.1,77.3,0.0,1,1,1,0,82.93,MEDIUM
Student_526,300,57.9,55.9,0.193,0,15,34,116.4,2,12.8,0.0,0.0,0.0,0.0,0.0,0.0,0.0,0.0,0.0,103.6,6,2,0.7475,25,9,87.0,68.6,91.7,81.2,1,1,1,1,81.94,MEDIUM
Student_527,400,8.9,17.4,0.022,2,38,2,5.8,0,0.0,0.0,0.0,0.0,0.0,0.0,0.0,0.0,0.0,0.0,0.0,5,2,0.9261,42,4,55.7,70.4,62.5,53.1,1,1,1,1,58.96,HIGH
Student_528,300,223.2,97.5,0.744,0,1,37,101.2,9,1.3,3.2,1.9,0.0,8.9,19.4,20.7,14.6,0.0,3.2,28.0,2,0,0.9548,38,2,93.3,85.1,88.9,83.5,1,1,1,1,86.86,LOW
Student_529,400,141.6,67.3,0.354,3,16,78,297.6,10,33.2,3.3,0.0,15.3,56.0,7.5,56.2,39.8,22.0,10.2,54.0,37,10,0.6699,32,17,83.7,75.2,74.4,74.9,1,1,1,1,76.62,MEDIUM
Student_530,400,312.5,71.2,0.781,3,17,60,90.6,6,33.1,0.0,0.0,0.0,17.2,5.0,14.1,0.0,1.5,0.0,19.6,12,3,0.8724,51,8,89.1,100.0,100.0,89.1,1,1,1,1,93.46,LOW
Student_531,240,114.6,65.7,0.478,1,12,32,135.4,5,0.0,67.8,14.5,0.0,23.9,0.0,0.0,21.7,0.0,7.4,0.0,16,5,0.3825,13,22,74.3,76.6,65.1,75.7,1,1,1,1,73.48,HIGH
Student_532,486,336.5,78.6,0.692,0,12,75,132.9,5,0.0,0.0,0.0,0.0,11.1,51.0,0.0,40.2,23.8,0.0,6.9,14,5,0.7517,42,14,88.9,83.0,85.1,87.7,1,1,1,1,86.48,LOW
Student_533,400,174.6,70.9,0.436,3,16,15,39.2,5,19.3,0.0,0.0,1.2,6.2,0.9,0.0,0.0,0.0,0.0,11.6,4,1,0.5189,28,27,80.4,67.6,72.8,77.5,1,1,1,1,75.16,MEDIUM
Student_534,600,432.3,74.1,0.72,0,22,49,183.1,10,44.1,17.8,20.3,9.3,34.3,5.0,0.0,18.9,10.7,9.6,13.2,9,4,0.3469,29,56,100.0,94.6,99.8,96.9,1,1,1,1,97.64,LOW
Student_535,600,51.2,28.1,0.085,2,64,9,42.1,3,0.0,0.0,0.0,0.0,5.8,0.0,0.0,14.4,21.9,0.0,0.0,4,1,0.6921,61,28,51.2,51.4,54.0,0.0,1,1,1,0,52.2,HIGH
Student_536,400,115.1,61.1,0.288,5,21,32,86.4,5,8.8,0.0,0.0,2.6,0.0,0.0,0.0,37.0,0.0,22.5,15.5,6,2,0.9412,50,4,92.5,88.1,75.8,82.0,1,1,1,1,84.08,MEDIUM
Student_537,600,317.6,84.7,0.529,1,13,49,140.2,9,8.3,8.4,23.9,0.0,16.8,11.7,11.2,16.1,0.0,35.6,8.1,26,16,0.8774,74,11,95.3,89.4,92.9,93.2,1,1,1,1,92.8,LOW
Student_538,486,291.7,80.0,0.6,1,12,30,138.6,7,0.0,10.1,0.0,20.6,19.2,0.0,27.0,5.7,0.0,7.5,48.5,10,2,0.6814,40,20,99.4,97.2,100.0,100.0,1,1,1,1,99.32,LOW
Student_539,600,129.1,55.7,0.215,5,31,16,27.4,5,0.0,2.1,0.0,0.0,0.0,0.0,8.6,7.3,0.0,3.4,5.9,6,2,0.4103,28,42,67.4,74.0,73.5,75.2,1,1,1,1,73.06,HIGH
Student_540,300,49.1,41.7,0.164,1,21,13,33.6,2,0.0,0.0,0.0,0.0,0.0,0.0,15.8,0.0,0.0,17.8,0.0,2,1,0.2026,7,29,71.2,80.1,79.2,63.7,1,1,1,1,71.58,HIGH
Student_541,300,158.4,82.9,0.528,2,7,34,102.1,7,26.2,0.0,2.6,15.9,0.0,0.0,17.1,0.0,14.1,5.9,20.3,5,2,0.651,26,15,93.0,89.9,87.9,86.0,1,1,1,1,88.56,LOW
Student_542,300,188.8,76.5,0.629,1,8,29,128.8,9,11.0,6.1,6.1,0.0,5.9,25.2,0.0,16.0,30.1,16.8,11.8,17,9,0.6981,23,11,87.6,92.1,93.2,93.3,1,1,1,1,91.9,LOW
Student_543,400,222.5,91.1,0.556,0,4,55,244.5,6,0.0,4.5,12.5,0.0,32.5,110.8,68.5,0.0,0.0,15.7,0.0,9,2,0.7983,35,10,96.6,92.4,94.0,97.7,1,1,1,1,95.68,LOW
Student_544,240,59.5,54.5,0.248,0,15,24,94.9,4,0.0,34.2,0.0,0.0,36.2,0.0,0.0,14.7,9.8,0.0,0.0,5,2,0.6772,22,11,74.0,67.3,72.7,0.0,1,1,1,0,71.33,HIGH
Student_545,400,246.8,89.6,0.617,1,5,34,123.0,6,27.6,12.2,4.6,0.0,7.1,0.0,41.7,0.0,0.0,0.0,29.8,5,3,0.6017,28,20,87.1,89.1,91.4,88.6,1,1,1,1,88.96,LOW
Student_546,400,46.0,26.7,0.115,0,33,20,52.6,5,0.0,3.2,0.0,0.0,11.2,0.0,18.4,0.0,8.8,0.0,10.9,3,1,0.4669,21,24,51.8,52.6,53.5,0.0,1,1,1,0,52.63,HIGH
Student_547,486,159.0,58.6,0.327,0,29,39,125.6,9,0.0,2.2,15.1,0.0,15.8,26.3,28.2,0.4,6.8,15.0,15.8,2,1,0.6744,47,23,81.2,85.1,72.4,85.2,1,1,1,1,81.82,MEDIUM
Student_548,300,3.7,5.4,0.012,0,35,8,19.4,1,0.0,0.0,0.0,0.0,0.0,0.0,19.4,0.0,0.0,0.0,0.0,3,1,0.0677,2,35,56.4,65.7,66.6,57.4,1,1,1,1,60.7,HIGH
Student_549,600,208.4,60.0,0.347,0,32,13,24.3,4,0.0,0.0,0.0,3.7,0.0,0.0,7.0,0.0,0.0,2.1,11.5,5,2,0.8608,68,12,83.8,79.3,73.0,86.3,1,1,1,1,81.74,MEDIUM
Student_550,200,98.2,75.0,0.491,0,7,69,189.0,5,10.7,0.0,0.0,0.0,15.6,0.0,54.0,0.0,21.6,0.0,87.1,6,3,0.5141,14,14,87.7,87.9,92.3,86.2,1,1,1,1,88.06,LOW
Student_551,240,117.3,85.7,0.489,2,4,77,289.5,7,47.7,68.3,0.0,0.0,58.2,22.7,0.0,0.0,32.9,52.7,7.1,10,4,0.4124,11,17,88.5,84.6,85.2,80.3,1,1,1,1,83.78,MEDIUM
Student_552,300,100.8,52.4,0.336,2,20,21,35.0,2,0.0,0.0,0.0,0.0,0.0,0.0,0.0,0.0,24.3,0.0,10.7,3,0,0.2827,11,31,90.1,79.0,91.0,86.0,1,1,1,1,86.42,LOW
Student_553,200,26.7,30.8,0.134,0,18,26,88.7,4,0.0,0.0,6.4,0.0,17.3,0.0,19.4,0.0,0.0,45.6,0.0,7,4,0.5123,13,13,77.1,69.7,70.6,78.5,1,1,1,1,74.88,HIGH
Student_554,486,516.1,94.3,1.062,0,4,26,91.8,10,22.6,11.8,4.2,4.1,0.0,3.7,12.9,1.8,8.5,6.2,16.0,22,5,0.3969,27,43,98.3,79.6,85.3,89.2,1,1,1,1,88.32,LOW
Student_555,200,51.0,48.3,0.255,0,15,1,1.9,0,0.0,0.0,0.0,0.0,0.0,0.0,0.0,0.0,0.0,0.0,0.0,3,0,0.2325,6,23,50.0,50.0,52.0,52.2,1,1,1,1,51.28,HIGH
Student_556,300,50.0,47.1,0.167,0,18,30,91.1,2,0.0,0.0,0.0,0.0,0.0,0.0,24.6,0.0,66.5,0.0,0.0,6,1,0.9055,30,4,70.6,71.1,63.3,0.0,1,1,1,0,68.33,HIGH
Student_557,200,73.9,58.6,0.37,0,12,19,89.4,3,0.0,0.0,0.0,0.0,0.0,0.0,28.6,52.0,0.0,0.0,8.7,20,12,0.963,27,2,73.1,77.5,79.4,67.3,1,1,1,1,72.92,HIGH
Student_558,400,223.5,67.8,0.559,1,19,77,178.9,9,0.0,39.2,24.5,9.6,14.1,11.7,45.8,18.4,0.0,10.4,5.2,6,3,0.9406,55,4,95.4,94.3,100.0,98.3,1,1,1,1,97.26,LOW
Student_559,486,363.1,79.4,0.747,0,14,61,260.6,8,40.2,15.8,30.5,22.4,0.0,31.2,0.0,35.4,29.0,0.0,56.2,7,3,0.6445,43,25,84.3,79.9,100.0,98.8,1,1,1,1,92.36,LOW
Student_560,600,220.9,51.4,0.368,0,36,75,179.4,8,0.0,1.6,3.3,13.8,23.5,0.0,20.7,43.9,0.0,41.6,31.0,4,1,0.2996,22,52,84.7,83.5,87.0,88.7,1,1,1,1,86.52,LOW
Student_561,600,503.8,84.1,0.84,0,14,58,143.0,7,6.2,13.5,29.0,26.6,0.0,10.2,0.0,47.4,0.0,0.0,10.0,5,3,0.8957,78,10,92.9,100.0,98.7,97.8,1,1,1,1,97.44,LOW
Student_562,600,124.3,57.6,0.207,0,36,14,68.6,2,0.0,0.0,0.0,0.0,0.0,52.2,0.0,16.4,0.0,0.0,0.0,1,0,0.7062,60,25,69.4,67.5,66.4,59.1,1,1,1,1,64.3,HIGH
Student_563,400,9.8,21.7,0.024,0,36,30,87.8,4,22.1,27.7,0.0,17.8,0.0,20.2,0.0,0.0,0.0,0.0,0.0,5,2,0.6601,30,16,50.0,51.4,52.0,0.0,1,1,1,0,51.13,HIGH
Student_564,300,49.2,38.9,0.164,1,22,33,145.5,6,0.0,25.9,63.5,13.0,2.5,8.2,0.0,0.0,0.0,32.3,0.0,2,1,0.1228,4,32,53.8,55.7,60.5,0.0,1,1,1,0,56.67,HIGH
Student_565,486,382.6,96.7,0.787,0,2,77,117.6,5,0.0,0.0,0.0,0.0,26.6,9.4,17.1,0.0,0.0,44.3,20.3,10,2,0.5359,32,29,97.0,92.6,100.0,97.0,1,1,1,1,96.72,LOW
Student_566,400,125.1,58.7,0.313,1,19,10,21.9,4,0.0,7.1,1.2,0.0,3.7,0.0,0.0,0.0,0.0,0.0,9.9,9,3,0.2456,11,35,90.0,88.1,85.8,88.0,1,1,1,1,87.98,LOW
Student_567,200,34.3,38.5,0.172,1,16,14,24.6,2,7.8,16.8,0.0,0.0,0.0,0.0,0.0,0.0,0.0,0.0,0.0,11,6,0.8256,21,5,78.4,80.4,78.6,80.8,1,1,1,1,79.8,MEDIUM
Student_568,300,43.6,38.9,0.145,0,22,22,77.2,3,0.0,0.0,8.9,57.2,0.0,0.0,0.0,0.0,0.0,11.2,0.0,1,0,0.3172,11,25,74.7,73.8,73.8,73.6,1,1,1,1,73.9,HIGH
Student_569,200,52.8,64.0,0.264,0,9,31,134.5,2,0.0,0.0,0.0,0.0,0.0,0.0,58.6,0.0,0.0,0.0,75.9,13,3,0.5332,13,12,83.5,85.5,94.4,75.8,1,1,1,1,83.0,MEDIUM
Student_570,240,20.4,21.2,0.085,0,26,12,26.4,2,0.0,0.0,0.0,0.0,0.0,19.4,0.0,0.0,0.0,7.0,0.0,13,4,0.6556,21,12,72.7,82.8,77.9,76.6,1,1,1,1,77.32,MEDIUM
Student_571,300,234.6,88.2,0.782,0,4,32,82.7,5,0.0,30.1,0.0,20.2,0.0,1.1,0.0,0.0,1.8,0.0,29.5,27,9,0.3688,12,22,92.8,92.9,85.9,91.0,1,1,1,1,90.72,LOW
Student_572,486,290.8,91.5,0.598,3,6,33,51.9,3,30.9,0.0,0.0,0.0,0.0,0.0,17.9,0.0,0.0,0.0,3.0,4,2,0.8102,57,14,84.0,81.5,85.1,83.5,1,1,1,1,83.52,MEDIUM
Student_573,300,24.5,28.6,0.082,0,25,14,59.1,3,0.0,14.6,0.0,0.0,15.9,0.0,0.0,0.0,0.0,0.0,28.7,7,3,0.6005,21,14,51.4,55.8,50.0,54.5,1,1,1,1,53.24,HIGH
Student_574,400,292.1,83.0,0.73,0,9,38,99.1,9,6.9,21.5,23.0,12.8,19.9,5.1,0.0,1.8,0.0,5.8,2.3,5,3,0.5265,27,26,96.2,92.4,98.2,95.4,1,1,1,1,95.52,LOW
Student_575,200,29.5,36.0,0.148,1,16,30,67.2,3,10.0,0.0,11.7,0.0,0.0,0.0,0.0,0.0,0.0,45.5,0.0,3,0,0.3515,8,17,76.5,86.3,87.8,0.0,1,1,1,0,83.53,MEDIUM
Student_576,240,11.5,28.6,0.048,0,20,9,22.8,0,0.0,0.0,0.0,0.0,0.0,0.0,0.0,0.0,0.0,0.0,0.0,2,1,0.8014,22,6,53.8,52.4,50.6,0.0,1,1,1,0,52.27,HIGH
Student_577,600,223.2,69.1,0.372,1,21,58,276.8,7,0.0,1.7,0.0,56.1,85.0,43.7,34.7,0.0,7.7,47.8,0.0,20,11,0.5901,40,28,86.9,93.2,92.9,87.7,1,1,1,1,89.68,LOW
Student_578,486,71.3,52.5,0.147,2,29,28,99.3,2,21.6,0.0,0.0,0.0,0.0,0.0,0.0,77.7,0.0,0.0,0.0,2,1,0.5127,31,30,80.7,79.5,79.7,86.5,1,1,1,1,82.58,MEDIUM
Student_579,200,37.9,36.0,0.19,0,16,34,153.1,5,0.0,0.0,81.3,12.5,0.0,0.0,14.1,26.6,0.0,0.0,18.6,4,0,0.8606,21,4,90.4,88.4,83.5,83.1,1,1,1,1,85.7,LOW
Student_580,200,64.3,60.0,0.322,0,10,2,7.7,1,0.0,0.0,7.7,0.0,0.0,0.0,0.0,0.0,0.0,0.0,0.0,6,2,0.5411,13,12,75.5,75.5,87.1,74.8,1,1,1,1,77.54,MEDIUM
Student_581,200,43.4,50.0,0.217,0,13,29,49.9,5,11.3,5.2,7.4,0.0,24.1,0.0,0.0,0.0,0.0,2.0,0.0,8,5,0.3762,9,17,75.3,81.7,81.5,79.1,1,1,1,1,79.34,MEDIUM
Student_582,300,147.3,61.5,0.491,0,15,32,133.1,4,0.0,0.0,80.8,26.1,0.0,13.4,0.0,0.0,0.0,0.0,12.8,5,1,0.6111,23,16,90.7,95.4,82.1,90.3,1,1,1,1,89.76,LOW
Student_583,240,4.0,5.7,0.017,0,33,10,28.4,4,0.0,5.0,5.4,5.1,0.0,0.0,0.0,0.0,0.0,12.8,0.0,4,2,0.6057,21,14,67.5,66.1,74.6,0.0,1,1,1,0,69.4,HIGH
Student_584,486,1.9,1.5,0.004,0,64,12,34.2,0,0.0,0.0,0.0,0.0,0.0,0.0,0.0,0.0,0.0,0.0,0.0,4,2,0.4318,28,37,50.0,56.9,52.5,55.2,1,1,1,1,53.96,HIGH
Student_585,400,7.9,17.8,0.02,1,37,6,25.5,0,0.0,0.0,0.0,0.0,0.0,0.0,0.0,0.0,0.0,0.0,0.0,10,4,0.1386,6,39,53.2,50.9,52.8,52.0,1,1,1,1,52.18,HIGH
Student_586,486,198.9,71.2,0.409,1,17,29,68.8,3,7.4,0.0,0.0,40.3,0.0,0.0,21.1,0.0,0.0,0.0,0.0,9,4,0.9991,58,1,80.6,83.4,86.5,82.1,1,1,1,1,82.94,MEDIUM
Student_587,240,48.9,56.2,0.204,0,14,19,88.0,3,38.5,0.0,0.0,0.0,28.1,21.4,0.0,0.0,0.0,0.0,0.0,6,2,0.4462,14,18,95.4,93.9,89.9,0.0,1,1,1,0,93.07,LOW
Student_588,486,121.6,59.4,0.25,5,28,11,50.5,5,8.1,0.0,0.0,1.9,6.1,8.5,0.0,25.8,0.0,0.0,0.0,3,1,0.6378,44,25,79.4,81.6,82.7,81.0,1,1,1,1,81.14,MEDIUM
Student_589,486,266.1,73.7,0.548,1,15,43,116.8,9,2.5,19.4,2.8,21.5,0.0,2.8,0.0,26.1,24.6,11.2,5.9,13,7,0.9614,54,3,99.0,96.9,98.6,99.6,1,1,1,1,98.74,LOW
Student_590,600,379.2,65.8,0.632,0,26,76,135.0,8,15.9,0.0,5.6,12.4,31.5,10.9,3.5,0.0,22.1,33.2,0.0,7,4,0.6825,51,25,93.3,88.8,90.5,97.8,1,1,1,1,93.64,LOW
Student_591,486,183.3,57.6,0.377,0,28,74,211.1,10,11.6,37.7,49.7,0.0,20.1,8.3,15.5,19.2,19.6,17.7,11.7,13,2,0.9764,64,2,83.9,85.2,88.0,88.0,1,1,1,1,86.62,LOW
Student_592,400,99.0,50.0,0.248,5,29,6,21.7,2,0.0,11.4,0.0,0.0,0.0,0.0,0.0,10.3,0.0,0.0,0.0,5,1,0.7541,43,15,58.4,62.8,56.9,0.0,1,1,1,0,59.37,HIGH
Student_593,200,60.0,48.1,0.3,0,14,21,83.9,3,0.0,0.0,36.6,0.0,0.0,7.1,40.1,0.0,0.0,0.0,0.0,3,1,0.3451,9,18,78.1,83.6,81.2,75.0,1,1,1,1,78.58,MEDIUM
Student_594,400,19.6,20.4,0.049,0,43,11,31.5,3,0.0,15.7,0.0,0.0,0.0,0.0,0.0,0.0,0.0,1.1,14.7,5,1,0.9648,52,2,50.0,56.8,55.9,0.0,1,1,1,0,54.23,HIGH
Student_595,240,8.4,20.0,0.035,0,28,0,0.0,3,0.0,0.0,0.0,0.0,0.0,0.0,0.0,0.0,0.0,0.0,0.0,4,2,0.1645,5,30,55.1,58.5,65.4,57.7,1,1,1,1,58.88,HIGH
Student_596,200,103.6,88.0,0.518,0,3,58,227.2,9,30.3,29.0,0.0,14.0,20.4,28.8,52.3,18.6,0.0,31.5,2.4,3,1,0.452,11,14,95.8,100.0,97.7,97.4,1,1,1,1,97.66,LOW
Student_597,600,449.1,86.3,0.748,1,10,39,122.0,10,10.2,8.5,9.5,7.9,28.3,17.2,0.0,4.1,11.2,9.1,16.0,15,8,0.5656,41,32,88.3,86.5,93.4,88.4,1,1,1,1,89.0,LOW
Student_598,600,259.7,75.0,0.433,1,18,14,55.1,5,0.0,6.9,0.0,0.0,35.5,7.2,0.0,0.0,2.4,0.0,3.1,10,2,0.8452,60,12,84.7,72.7,79.1,76.5,1,1,1,1,77.9,MEDIUM
Student_599,200,94.6,65.4,0.473,1,9,19,67.1,4,21.5,0.0,0.0,16.6,0.0,0.0,0.0,0.0,0.0,21.1,8.0,8,1,0.8024,20,6,78.8,74.5,88.0,77.3,1,1,1,1,79.18,MEDIUM
Student_600,200,7.7,16.0,0.038,0,21,0,0.0,3,0.0,0.0,0.0,0.0,0.0,0.0,0.0,0.0,0.0,0.0,0.0,3,0,0.6218,15,10,74.3,73.2,81.1,70.8,1,1,1,1,74.04,HIGH
Student_601,200,143.4,88.9,0.717,0,3,34,94.0,5,0.0,0.0,10.5,4.5,0.0,31.3,12.2,0.0,0.0,0.0,35.5,9,4,0.3843,10,17,95.1,99.1,94.7,92.9,1,1,1,1,94.94,LOW
Student_602,486,268.0,75.4,0.551,1,15,64,133.1,9,7.5,5.1,2.7,5.0,29.3,24.2,2.9,55.3,0.0,1.2,0.0,9,4,0.7501,45,16,92.4,89.2,89.5,96.7,1,1,1,1,92.9,LOW
Student_603,300,83.2,51.4,0.277,1,18,21,101.7,2,0.0,78.9,0.0,0.0,0.0,0.0,22.8,0.0,0.0,0.0,0.0,12,8,0.6924,25,12,70.0,66.8,72.0,76.6,1,1,1,1,72.4,HIGH
Student_604,200,133.7,85.2,0.668,1,4,32,132.5,6,25.8,0.0,20.2,0.0,36.4,0.0,0.0,14.3,19.2,0.0,16.6,12,4,0.3536,9,18,95.7,95.5,86.8,90.3,1,1,1,1,91.72,LOW
Student_605,240,85.9,58.1,0.358,0,13,26,126.8,5,3.7,0.0,0.0,0.0,7.3,52.5,0.0,0.0,5.0,58.2,0.0,18,8,0.9349,28,3,79.8,68.8,78.7,79.2,1,1,1,1,77.14,MEDIUM
Student_606,600,33.9,11.8,0.056,1,67,20,31.6,2,0.0,0.0,0.0,22.7,0.0,0.0,0.0,0.0,0.0,8.9,0.0,4,1,0.5696,43,33,50.0,62.3,64.6,57.6,1,1,1,1,58.42,HIGH
Student_607,240,127.3,58.6,0.53,1,12,65,263.3,5,8.6,116.4,0.0,0.0,0.0,0.0,57.2,28.4,52.7,0.0,0.0,17,6,0.985,28,1,82.3,91.3,87.6,81.6,1,1,1,1,84.88,MEDIUM
Student_608,240,108.6,78.6,0.452,0,6,66,265.0,5,0.0,0.0,83.4,0.0,29.0,0.0,0.0,98.6,0.0,45.1,8.9,16,4,0.9921,27,1,82.9,92.8,89.8,81.3,1,1,1,1,85.62,LOW
Student_609,200,54.2,40.0,0.271,0,15,26,44.0,5,1.0,0.0,4.0,0.0,22.5,0.0,0.0,0.0,0.0,10.9,5.6,3,1,0.674,16,9,81.9,73.0,95.8,89.6,1,1,1,1,85.98,LOW
Student_610,240,34.8,34.4,0.145,0,21,14,44.0,5,0.0,0.0,17.2,1.4,0.0,12.4,0.0,0.0,6.9,0.0,6.1,5,2,0.5966,19,13,87.8,82.1,86.3,91.3,1,1,1,1,87.76,LOW
Student_611,400,397.7,100.0,0.994,0,0,61,162.2,9,0.0,18.6,35.0,12.2,34.7,9.7,0.0,10.5,2.3,27.3,11.9,54,34,0.9703,49,2,90.7,81.2,84.6,89.7,1,1,1,1,87.18,LOW
Student_612,600,207.3,62.3,0.346,1,29,13,46.2,3,19.2,0.0,0.0,0.0,0.0,0.0,16.7,0.0,10.3,0.0,0.0,2,1,0.1874,14,63,82.3,86.0,83.0,80.0,1,1,1,1,82.26,MEDIUM
Student_613,240,6.0,15.6,0.025,0,27,8,18.7,0,0.0,0.0,0.0,0.0,0.0,0.0,0.0,0.0,0.0,0.0,0.0,3,1,0.83,26,6,57.6,62.0,53.6,67.0,1,1,1,1,61.44,HIGH
Student_614,486,59.8,41.7,0.123,2,35,20,91.8,4,0.0,0.0,21.9,0.0,0.0,27.4,4.2,0.0,0.0,38.3,0.0,5,2,0.7962,47,13,55.1,64.6,52.1,59.4,1,1,1,1,58.12,HIGH
Student_615,300,25.0,30.8,0.083,0,27,24,39.0,2,0.0,34.1,0.0,0.0,4.9,0.0,0.0,0.0,0.0,0.0,0.0,9,2,0.3599,14,25,74.1,73.3,77.1,77.7,1,1,1,1,75.98,MEDIUM
Student_616,400,145.8,52.9,0.365,1,24,33,151.2,2,0.0,0.0,0.0,0.0,0.0,66.9,0.0,0.0,0.0,84.3,0.0,12,4,0.9491,48,3,78.8,81.5,82.6,82.5,1,1,1,1,81.58,MEDIUM
Student_617,400,43.9,41.3,0.11,2,27,14,46.9,1,0.0,0.0,0.0,0.0,0.0,0.0,46.9,0.0,0.0,0.0,0.0,5,1,0.5125,23,23,63.2,69.2,73.8,0.0,1,1,1,0,68.73,HIGH
Student_618,400,92.1,51.8,0.23,0,27,32,72.3,4,0.0,0.0,8.3,8.7,0.0,0.0,0.0,42.3,0.0,13.1,0.0,4,2,0.4639,25,31,69.5,74.8,73.1,79.1,1,1,1,1,75.12,MEDIUM
Student_619,240,41.3,55.6,0.172,2,12,0,0.0,0,0.0,0.0,0.0,0.0,0.0,0.0,0.0,0.0,0.0,0.0,0.0,1,0,0.9287,25,2,64.9,59.1,68.4,68.4,1,1,1,1,65.84,HIGH
Student_620,600,394.4,81.4,0.657,0,13,75,370.2,8,88.5,0.0,44.3,13.7,77.4,43.4,6.8,0.0,36.9,0.0,59.2,6,3,0.7701,53,17,94.5,94.2,79.1,89.0,1,1,1,1,89.16,LOW
Student_621,300,8.3,14.6,0.028,0,35,5,8.9,1,0.0,0.0,0.0,0.0,0.0,0.0,0.0,8.9,0.0,0.0,0.0,4,1,0.2369,9,32,50.0,52.6,66.1,50.6,1,1,1,1,53.98,HIGH
Student_622,600,296.1,62.5,0.494,1,30,74,188.5,7,41.0,15.3,0.0,9.1,70.2,7.5,0.0,0.0,24.9,20.5,0.0,12,7,0.7596,60,20,85.9,90.0,87.4,87.3,1,1,1,1,87.58,LOW
Student_623,300,20.9,19.0,0.07,1,34,13,39.8,2,0.0,0.0,6.0,0.0,0.0,0.0,0.0,0.0,0.0,0.0,33.8,3,1,0.788,33,9,62.3,68.6,65.6,71.9,1,1,1,1,68.06,HIGH
Student_624,200,117.5,76.0,0.588,1,6,67,173.8,5,0.0,0.0,0.0,71.0,0.0,6.3,0.0,48.4,27.5,20.6,0.0,5,1,0.8753,21,4,91.5,95.8,97.8,100.0,1,1,1,1,97.02,LOW
Student_625,200,189.6,86.2,0.948,1,4,43,169.7,6,0.0,8.4,0.0,0.0,0.0,57.4,15.0,8.3,0.0,45.3,35.3,6,2,0.9665,28,1,98.1,90.7,92.0,95.4,1,1,1,1,94.32,LOW
Student_626,400,190.9,74.5,0.477,0,12,20,32.3,3,0.0,0.0,0.0,12.6,0.0,4.5,0.0,0.0,0.0,0.0,15.2,9,5,0.9502,44,3,76.2,75.3,74.7,77.2,1,1,1,1,76.12,MEDIUM
Student_627,400,196.4,76.5,0.491,2,12,28,135.6,4,0.0,0.0,0.0,0.0,33.9,50.9,0.0,0.0,2.1,0.0,48.7,15,5,0.7551,38,13,91.6,82.1,85.0,87.9,1,1,1,1,86.9,LOW
Student_628,240,36.0,37.9,0.15,0,18,16,77.8,6,14.2,2.6,52.2,2.9,0.0,4.2,0.0,0.0,0.0,1.7,0.0,8,3,0.8507,24,5,74.7,68.6,69.0,74.0,1,1,1,1,72.06,HIGH
Student_629,486,55.6,36.2,0.114,1,37,13,25.7,4,2.2,4.8,0.0,0.0,6.7,0.0,0.0,12.0,0.0,0.0,0.0,5,1,0.4728,27,31,50.0,50.0,50.0,56.0,1,1,1,1,52.4,HIGH
Student_630,600,140.3,49.4,0.234,1,44,20,34.5,5,0.0,0.0,2.5,0.4,13.1,0.0,0.0,5.0,13.4,0.0,0.0,7,2,0.7371,64,23,70.8,73.4,64.1,0.0,1,1,1,0,69.43,HIGH
Student_631,240,29.1,37.9,0.121,0,18,13,42.3,2,0.0,0.0,18.9,0.0,23.4,0.0,0.0,0.0,0.0,0.0,0.0,11,5,0.4504,13,16,66.8,73.3,75.8,60.0,1,1,1,1,67.18,HIGH
Student_632,240,69.6,57.1,0.29,1,15,21,86.5,3,0.0,0.0,0.0,0.0,0.0,0.0,0.0,4.2,63.3,19.0,0.0,18,8,0.7737,27,8,73.2,68.3,69.1,74.7,1,1,1,1,72.0,HIGH
Student_633,400,218.8,80.9,0.547,0,9,28,67.2,7,22.3,0.0,0.0,2.2,15.8,4.5,4.3,14.4,0.0,3.6,0.0,11,5,0.5667,26,21,85.7,80.9,84.0,90.5,1,1,1,1,86.32,LOW
Student_634,200,15.3,22.2,0.076,0,21,17,32.9,6,7.7,6.1,2.4,2.1,4.5,10.1,0.0,0.0,0.0,0.0,0.0,4,2,0.6095,16,11,71.8,78.5,68.6,76.7,1,1,1,1,74.46,HIGH
Student_635,300,0.0,0.0,0.0,0,37,8,24.4,0,0.0,0.0,0.0,0.0,0.0,0.0,0.0,0.0,0.0,0.0,0.0,10,6,0.8326,30,7,50.0,50.2,53.1,52.8,1,1,1,1,51.78,HIGH
Student_636,400,136.9,47.9,0.342,0,25,64,313.2,7,0.0,74.5,40.4,74.5,0.0,79.7,0.0,15.4,0.0,20.6,8.1,3,1,0.8585,41,7,88.5,88.2,91.0,90.1,1,1,1,1,89.58,LOW
Student_637,240,115.5,69.0,0.481,0,9,47,190.7,6,30.6,0.0,15.8,17.8,0.0,0.0,55.3,0.0,33.2,0.0,38.0,16,6,0.7941,23,6,86.8,86.7,80.5,88.0,1,1,1,1,86.0,LOW
Student_638,486,46.6,36.9,0.096,3,41,3,14.6,3,0.0,1.8,0.0,5.4,0.0,0.0,0.0,0.0,7.4,0.0,0.0,6,4,0.2302,14,51,68.5,70.7,83.0,0.0,1,1,1,0,74.07,HIGH
Student_639,486,95.1,50.0,0.196,0,28,9,41.3,1,41.3,0.0,0.0,0.0,0.0,0.0,0.0,0.0,0.0,0.0,0.0,5,2,0.5796,32,24,71.0,71.3,65.6,72.9,1,1,1,1,70.74,HIGH
Student_640,200,26.0,48.0,0.13,1,13,12,56.3,0,0.0,0.0,0.0,0.0,0.0,0.0,0.0,0.0,0.0,0.0,0.0,8,2,0.6211,15,10,65.3,67.8,69.6,0.0,1,1,1,0,67.57,HIGH
Student_641,240,120.6,70.0,0.502,0,9,6,13.4,2,0.0,0.5,0.0,0.0,12.9,0.0,0.0,0.0,0.0,0.0,0.0,7,4,0.4321,12,18,89.9,86.3,87.9,83.5,1,1,1,1,86.22,LOW
Student_642,200,156.9,88.0,0.784,0,3,56,124.9,7,42.8,0.0,11.4,0.0,0.0,30.1,4.0,15.9,16.4,0.0,4.3,10,2,0.8592,21,4,95.3,89.0,90.5,92.4,1,1,1,1,91.92,LOW
Student_643,486,232.1,63.3,0.478,2,22,58,184.6,10,25.5,56.8,16.6,34.1,2.1,5.8,17.0,3.7,0.0,19.4,3.3,6,4,0.6493,38,22,91.4,94.4,91.1,93.1,1,1,1,1,92.62,LOW
Student_644,400,186.9,75.5,0.467,6,13,2,5.9,0,0.0,0.0,0.0,0.0,0.0,0.0,0.0,0.0,0.0,0.0,0.0,1,0,0.5958,31,22,50.0,50.5,51.8,59.8,1,1,1,1,54.38,HIGH
Student_645,300,44.4,36.8,0.148,3,24,4,19.1,2,0.0,0.0,13.8,0.0,5.3,0.0,0.0,0.0,0.0,0.0,0.0,3,2,0.4971,18,20,65.5,76.2,73.0,71.8,1,1,1,1,71.66,HIGH
Student_646,400,67.4,43.5,0.168,2,26,28,126.2,5,0.0,0.0,0.0,31.7,16.8,0.0,47.2,0.0,20.1,10.4,0.0,1,0,0.5002,23,23,82.9,79.6,88.8,91.5,1,1,1,1,86.86,LOW
Student_647,200,24.4,40.0,0.122,2,15,7,24.1,3,0.0,0.0,0.0,0.0,0.0,0.0,7.9,5.2,0.0,11.0,0.0,2,0,0.618,15,10,50.0,50.0,54.5,50.0,1,1,1,1,50.9,HIGH
Student_648,600,43.4,26.5,0.072,0,50,0,0.0,2,0.0,0.0,0.0,0.0,0.0,0.0,0.0,0.0,0.0,0.0,0.0,9,5,0.1427,9,59,67.2,69.0,74.9,0.0,1,1,1,0,70.37,HIGH
Student_649,400,32.1,36.7,0.08,1,31,18,56.9,3,0.0,0.0,0.0,0.0,0.0,11.6,0.0,0.0,32.9,0.0,12.4,2,0,0.137,6,43,80.6,71.3,76.4,72.8,1,1,1,1,74.78,HIGH
Student_650,400,33.6,31.5,0.084,2,37,10,43.3,1,0.0,0.0,0.0,0.0,0.0,0.0,0.0,0.0,0.0,43.3,0.0,9,5,0.7863,42,12,56.0,66.8,53.3,51.2,1,1,1,1,55.7,HIGH
Student_651,300,288.9,100.0,0.963,0,0,41,119.2,5,0.0,22.8,0.0,0.0,30.9,0.0,13.8,33.3,0.0,0.0,18.5,30,15,0.968,41,2,88.1,69.2,91.5,85.4,1,1,1,1,83.92,MEDIUM
Student_652,200,4.8,12.0,0.024,0,22,2,9.5,2,0.0,0.0,0.0,0.0,0.0,0.0,5.8,3.7,0.0,0.0,0.0,6,1,0.1446,3,22,50.0,64.1,58.1,54.5,1,1,1,1,56.24,HIGH
Student_653,200,33.5,44.0,0.168,1,14,12,35.6,4,13.8,0.0,8.1,0.0,0.0,11.8,0.0,0.0,0.0,0.0,1.9,10,2,0.4872,12,13,58.6,67.1,62.9,62.8,1,1,1,1,62.84,HIGH
Student_654,400,219.5,75.5,0.549,0,12,24,92.4,3,0.0,17.1,0.0,0.0,0.0,0.0,8.3,0.0,0.0,67.0,0.0,13,7,0.5388,26,23,70.8,83.8,70.6,70.5,1,1,1,1,73.24,HIGH
Student_655,400,4.4,11.1,0.011,0,40,9,26.2,2,0.0,0.0,2.5,0.0,0.0,0.0,23.7,0.0,0.0,0.0,0.0,6,2,0.4312,19,26,56.6,69.2,51.5,54.4,1,1,1,1,57.22,HIGH
Student_656,300,20.0,25.6,0.067,2,32,7,19.5,0,0.0,0.0,0.0,0.0,0.0,0.0,0.0,0.0,0.0,0.0,0.0,0,0,0.5277,22,21,50.0,51.0,63.6,55.8,1,1,1,1,55.24,HIGH
Student_657,486,86.9,39.1,0.179,3,42,22,79.4,2,0.0,74.5,0.0,0.0,0.0,0.0,4.9,0.0,0.0,0.0,0.0,5,1,0.8327,57,12,74.5,80.8,72.8,0.0,1,1,1,0,76.03,MEDIUM
Student_658,200,52.3,51.7,0.262,1,14,32,64.0,5,4.3,0.0,25.4,0.0,0.0,5.4,17.2,0.0,0.0,0.0,11.7,1,0,0.8452,24,5,60.6,68.0,67.8,60.5,1,1,1,1,63.48,HIGH
Student_659,400,256.5,100.0,0.641,1,0,30,59.1,10,8.1,7.2,2.1,4.5,8.1,14.5,3.4,1.8,0.0,5.1,4.3,4,0,0.4525,20,26,97.9,100.0,95.1,94.8,1,1,1,1,96.52,LOW
Student_660,600,20.7,12.2,0.034,0,65,7,24.4,2,15.3,0.0,0.0,0.0,0.0,0.0,9.1,0.0,0.0,0.0,0.0,3,1,0.7389,54,20,74.9,71.8,72.1,75.7,1,1,1,1,74.04,HIGH
Student_661,200,118.0,69.0,0.59,2,9,19,52.0,5,0.5,27.1,0.0,0.0,5.0,0.0,15.6,0.0,3.9,0.0,0.0,6,3,0.6699,19,10,88.1,95.6,89.0,87.5,1,1,1,1,89.54,LOW
Student_662,600,12.3,10.4,0.02,0,69,4,13.8,0,0.0,0.0,0.0,0.0,0.0,0.0,0.0,0.0,0.0,0.0,0.0,4,2,0.266,20,57,66.4,75.8,76.4,74.1,1,1,1,1,73.36,HIGH
Student_663,200,14.7,28.0,0.074,0,18,4,10.9,3,0.0,5.9,0.0,0.0,0.0,0.0,2.6,0.0,0.0,2.4,0.0,4,2,0.759,18,7,55.8,50.3,62.6,50.0,1,1,1,1,53.74,HIGH
Student_664,400,4.2,8.2,0.01,0,45,13,57.8,2,0.0,0.0,0.0,26.4,0.0,0.0,31.4,0.0,0.0,0.0,0.0,0,0,0.5588,27,22,63.4,66.3,64.3,64.7,1,1,1,1,64.68,HIGH
Student_665,486,351.5,85.7,0.723,0,8,79,360.8,8,10.8,18.4,75.0,15.9,34.0,36.4,93.7,0.0,76.6,0.0,0.0,2,0,0.5122,28,28,88.9,91.8,90.7,92.3,1,1,1,1,91.2,LOW
Student_666,400,293.8,85.7,0.734,0,8,39,172.9,6,0.0,8.7,0.0,47.1,0.0,0.0,21.6,50.0,0.0,11.2,34.4,4,1,0.7097,39,17,94.6,95.1,85.1,93.7,1,1,1,1,92.44,LOW
Student_667,400,77.4,37.7,0.194,2,33,18,62.4,5,17.2,0.0,0.0,7.4,0.0,0.0,12.2,0.0,5.6,0.0,20.0,3,1,0.2354,12,41,74.8,75.8,77.8,81.7,1,1,1,1,78.36,MEDIUM
Student_668,600,287.2,61.2,0.479,0,33,26,127.6,9,38.7,14.5,13.8,32.6,6.6,4.7,0.5,0.0,9.4,6.8,0.0,7,1,0.7178,61,24,84.3,84.7,79.5,88.2,1,1,1,1,84.98,MEDIUM
Student_669,600,183.3,52.1,0.306,2,34,14,40.3,4,0.0,14.7,0.0,0.0,0.0,13.3,0.0,11.6,0.0,0.0,0.6,16,10,0.8454,60,11,81.1,83.3,77.3,83.2,1,1,1,1,81.62,MEDIUM
Student_670,400,113.3,55.3,0.283,2,21,25,103.9,4,21.5,34.4,0.0,47.0,0.0,1.0,0.0,0.0,0.0,0.0,0.0,4,2,0.3761,17,30,91.1,95.8,78.5,95.9,1,1,1,1,91.44,LOW
Student_671,600,9.1,8.5,0.015,1,75,7,28.1,3,0.0,0.0,5.5,0.0,9.4,0.0,0.0,0.0,0.0,13.2,0.0,2,0,0.7968,65,17,59.9,52.6,65.3,68.0,1,1,1,1,62.76,HIGH
Student_672,200,26.6,28.0,0.133,1,18,13,39.6,2,0.0,0.0,17.3,0.0,0.0,0.0,0.0,22.3,0.0,0.0,0.0,4,1,0.4333,10,15,79.8,77.7,78.1,0.0,1,1,1,0,78.53,MEDIUM
Student_673,240,4.9,14.8,0.02,0,23,2,5.1,0,0.0,0.0,0.0,0.0,0.0,0.0,0.0,0.0,0.0,0.0,0.0,2,0,0.5606,15,12,64.5,70.5,68.1,69.3,1,1,1,1,68.34,HIGH
Student_674,486,175.1,58.2,0.36,2,28,30,138.7,3,0.0,0.0,79.9,0.0,36.1,0.0,0.0,0.0,0.0,0.0,22.8,17,5,0.1532,10,57,87.8,87.1,88.7,93.1,1,1,1,1,89.96,LOW
Student_675,486,383.2,91.3,0.788,0,6,62,233.2,8,0.0,53.4,0.0,0.8,98.5,28.9,0.0,12.6,19.9,9.4,9.8,5,3,0.4568,31,38,96.6,99.9,97.2,84.8,1,1,1,1,92.66,LOW
Student_676,240,69.6,59.3,0.29,0,11,26,99.8,6,4.3,0.0,0.0,6.2,0.0,0.0,17.8,0.0,21.2,15.2,35.1,5,2,0.9606,25,2,88.8,86.6,83.3,82.2,1,1,1,1,84.62,MEDIUM
Student_677,200,115.5,88.0,0.578,0,3,52,108.0,5,0.0,0.0,0.0,0.0,14.7,0.0,15.6,0.0,12.7,20.8,44.2,12,5,0.5993,14,11,81.4,85.1,70.2,83.2,1,1,1,1,80.62,MEDIUM
Student_678,486,235.7,67.2,0.485,1,20,59,261.0,9,22.8,2.4,12.2,96.7,0.0,7.6,0.0,5.2,61.7,25.1,27.4,14,5,0.5189,31,30,80.3,79.2,87.4,80.9,1,1,1,1,81.74,MEDIUM
Student_679,486,56.9,35.2,0.117,3,35,7,28.2,1,0.0,0.0,0.0,0.0,28.2,0.0,0.0,0.0,0.0,0.0,0.0,14,4,0.7342,39,15,53.8,57.6,50.0,0.0,1,1,1,0,53.8,HIGH
Student_680,200,116.8,88.0,0.584,0,3,30,95.9,10,9.2,5.8,14.8,8.1,6.5,11.1,0.0,20.0,9.3,8.6,2.5,5,2,0.8591,21,4,100.0,99.8,88.9,86.0,1,1,1,1,92.14,LOW
Student_681,200,57.1,56.0,0.286,0,11,17,48.3,2,0.0,37.6,10.7,0.0,0.0,0.0,0.0,0.0,0.0,0.0,0.0,35,23,0.9279,23,2,75.6,84.0,91.5,82.0,1,1,1,1,83.02,MEDIUM
Student_682,300,35.6,29.4,0.119,0,24,31,154.1,3,0.0,0.0,0.0,15.7,53.6,0.0,0.0,0.0,0.0,0.0,84.8,7,2,0.7381,25,9,58.4,66.5,53.5,53.4,1,1,1,1,57.04,HIGH
Student_683,486,92.6,40.0,0.191,1,39,25,83.5,6,6.1,0.0,0.0,0.0,12.1,29.2,0.0,16.6,11.2,8.4,0.0,11,2,0.2166,14,51,64.1,70.4,72.7,71.4,1,1,1,1,70.0,HIGH
Student_684,600,378.6,92.0,0.631,2,7,35,114.6,10,5.6,12.1,9.8,2.4,17.1,2.6,28.3,13.9,10.4,12.4,0.0,8,4,0.7742,68,20,93.1,99.6,97.3,91.7,1,1,1,1,94.68,LOW
Student_685,400,11.6,17.4,0.029,1,38,5,13.5,0,0.0,0.0,0.0,0.0,0.0,0.0,0.0,0.0,0.0,0.0,0.0,6,1,0.494,22,24,71.3,67.0,70.2,71.2,1,1,1,1,70.18,HIGH
Student_686,300,205.4,84.2,0.685,0,6,60,229.5,8,36.6,34.4,23.1,3.0,0.0,13.0,46.5,0.0,54.7,0.0,18.2,13,5,0.6207,23,15,82.5,80.6,88.1,82.3,1,1,1,1,83.16,MEDIUM
Student_687,400,69.6,40.8,0.174,3,29,28,114.8,4,0.0,35.2,0.0,0.0,43.7,0.0,0.0,0.0,20.6,0.0,15.2,9,3,0.3555,17,32,76.2,74.0,79.7,81.1,1,1,1,1,78.42,MEDIUM
Student_688,600,178.4,50.6,0.297,4,38,13,28.6,6,0.0,5.9,6.4,1.0,11.0,0.0,0.0,1.6,2.7,0.0,0.0,6,1,0.7962,61,16,80.6,81.7,82.1,80.9,1,1,1,1,81.24,MEDIUM
Student_689,200,149.6,82.8,0.748,0,5,21,90.1,3,0.0,0.0,64.3,0.0,0.0,0.0,20.8,0.0,0.0,5.0,0.0,7,2,0.423,12,17,92.5,83.6,83.9,84.2,1,1,1,1,85.68,LOW
Student_690,200,72.2,51.9,0.361,0,13,29,134.0,5,0.0,0.0,0.0,15.3,24.3,0.0,45.6,0.0,35.6,13.2,0.0,3,1,0.7752,20,7,81.4,85.2,76.2,82.5,1,1,1,1,81.56,MEDIUM
Student_691,240,25.6,27.3,0.107,1,24,10,29.2,3,0.0,0.0,0.0,9.7,11.3,0.0,0.0,8.3,0.0,0.0,0.0,12,4,0.1317,4,29,61.5,68.5,62.7,60.6,1,1,1,1,62.78,HIGH
Student_692,400,68.8,41.8,0.172,1,32,30,47.7,2,0.0,0.0,0.0,45.3,0.0,0.0,0.0,0.0,0.0,2.4,0.0,2,1,0.2269,12,43,86.1,87.3,87.3,0.0,1,1,1,0,86.9,LOW
Student_693,300,113.8,56.4,0.379,2,17,52,162.0,10,27.0,0.0,27.7,11.5,36.5,16.8,17.0,6.4,10.7,2.5,6.0,1,0,0.5581,21,18,81.7,83.5,81.0,83.9,1,1,1,1,82.8,MEDIUM
Student_694,240,1.0,7.1,0.004,0,26,2,5.4,1,0.0,5.4,0.0,0.0,0.0,0.0,0.0,0.0,0.0,0.0,0.0,4,2,0.9087,25,3,70.2,79.6,74.0,73.5,1,1,1,1,74.16,HIGH
Student_695,240,31.3,36.4,0.13,0,21,12,51.3,1,0.0,0.0,0.0,0.0,0.0,0.0,0.0,0.0,0.0,0.0,51.3,2,0,0.3381,11,22,70.9,68.5,59.4,59.8,1,1,1,1,63.68,HIGH
Student_696,200,100.3,71.4,0.501,0,8,62,256.1,7,32.5,0.0,0.0,96.7,16.9,0.0,0.0,21.9,60.8,14.4,12.9,3,0,0.7572,21,7,96.2,95.1,79.8,95.2,1,1,1,1,92.3,LOW
Student_697,240,75.9,50.0,0.316,1,17,26,63.9,2,0.0,0.0,0.0,31.9,0.0,0.0,0.0,32.0,0.0,0.0,0.0,4,0,0.4787,16,18,88.1,77.5,77.0,78.1,1,1,1,1,79.76,MEDIUM
Student_698,300,137.4,72.7,0.458,1,9,10,26.1,5,4.0,0.0,10.7,0.0,0.0,2.8,0.0,7.1,1.6,0.0,0.0,0,0,0.9996,32,1,88.6,80.7,72.7,90.9,1,1,1,1,84.76,MEDIUM
Student_699,240,78.8,63.0,0.328,1,10,27,129.0,5,0.0,15.3,0.0,0.0,0.0,4.0,9.2,0.0,92.8,7.7,0.0,10,4,0.9348,25,2,75.7,72.4,92.2,86.8,1,1,1,1,82.78,MEDIUM
Student_700,486,314.3,89.6,0.647,0,7,43,136.3,5,0.7,40.7,50.6,0.0,1.1,0.0,43.2,0.0,0.0,0.0,0.0,8,5,0.6437,43,24,84.0,79.6,86.9,87.5,1,1,1,1,85.1,LOW
Student_701,486,138.8,58.2,0.286,5,28,26,39.7,2,0.0,0.0,0.0,16.6,0.0,0.0,0.0,0.0,0.0,23.1,0.0,3,2,0.5654,37,30,71.9,70.4,70.6,68.4,1,1,1,1,69.94,HIGH
Student_702,486,272.7,70.8,0.561,0,21,27,67.4,8,1.9,11.3,0.0,18.3,2.7,3.1,0.0,20.4,0.0,8.6,1.1,2,0,0.9304,66,6,76.3,73.9,79.4,75.4,1,1,1,1,76.08,MEDIUM
Student_703,600,76.2,46.2,0.127,3,42,24,95.9,5,10.5,0.0,5.1,45.5,8.9,0.0,25.9,0.0,0.0,0.0,0.0,4,1,0.098,7,71,68.1,66.3,53.1,70.8,1,1,1,1,65.82,HIGH
Student_704,240,65.3,51.9,0.272,1,13,10,32.0,4,6.1,0.0,12.0,0.0,0.0,0.0,0.0,2.3,0.0,0.0,11.6,9,1,0.5722,15,12,80.3,85.5,74.7,76.4,1,1,1,1,78.66,MEDIUM
Student_705,240,2.6,16.7,0.011,0,25,8,14.5,0,0.0,0.0,0.0,0.0,0.0,0.0,0.0,0.0,0.0,0.0,0.0,3,0,0.3852,11,19,58.7,62.5,66.9,68.1,1,1,1,1,64.86,HIGH
Student_706,200,120.3,81.5,0.602,0,5,52,183.7,9,11.1,22.5,26.5,14.4,31.8,17.7,0.0,21.5,16.9,21.4,0.0,8,3,0.4148,11,16,89.2,89.6,91.0,88.0,1,1,1,1,89.16,LOW
Student_707,600,423.5,81.9,0.706,0,13,67,142.6,5,0.0,0.0,56.4,2.3,13.1,0.0,29.6,0.0,41.2,0.0,0.0,5,1,0.5829,41,31,84.9,83.6,85.3,85.4,1,1,1,1,84.92,MEDIUM
Student_708,300,153.2,77.5,0.511,2,9,34,162.4,5,15.3,63.6,0.0,0.0,60.8,0.0,0.0,11.2,0.0,11.6,0.0,5,2,0.4417,17,23,96.6,95.7,97.4,95.8,1,1,1,1,96.26,LOW
Student_709,400,72.1,47.1,0.18,0,27,3,5.3,2,0.0,0.0,0.0,1.7,3.6,0.0,0.0,0.0,0.0,0.0,0.0,8,2,0.6996,35,16,55.7,53.4,53.8,58.5,1,1,1,1,55.98,HIGH
Student_710,600,33.5,22.7,0.056,1,68,7,14.7,2,0.0,0.0,0.0,11.2,0.0,0.0,0.0,3.5,0.0,0.0,0.0,7,4,0.8523,75,13,63.0,78.1,71.5,0.0,1,1,1,0,70.87,HIGH
Student_711,200,25.0,39.3,0.125,1,17,32,64.4,3,0.0,31.1,0.0,0.0,0.0,0.0,0.0,16.4,16.9,0.0,0.0,7,3,0.5832,16,12,74.0,75.3,79.9,72.5,1,1,1,1,74.84,HIGH
Student_712,400,79.7,51.9,0.199,2,25,25,118.9,2,16.5,0.0,0.0,0.0,0.0,0.0,0.0,0.0,102.4,0.0,0.0,2,1,0.1914,9,43,77.3,84.5,76.7,86.3,1,1,1,1,82.22,MEDIUM
Student_713,200,44.0,38.5,0.22,0,16,1,3.4,3,0.0,2.2,0.4,0.0,0.0,0.0,0.0,0.0,0.0,0.8,0.0,5,3,0.9248,24,2,82.9,87.5,79.8,85.8,1,1,1,1,84.36,MEDIUM
Student_714,300,97.1,53.7,0.324,1,19,66,250.8,10,1.0,48.2,34.2,34.2,22.3,8.6,18.6,0.0,7.4,25.4,50.9,4,1,0.4522,18,23,72.6,75.6,69.3,71.2,1,1,1,1,71.98,HIGH
Student_715,200,24.1,28.6,0.121,0,20,11,44.3,5,0.0,0.0,5.5,4.6,0.0,0.0,0.0,3.8,0.0,4.6,25.9,4,1,0.432,12,16,76.3,77.6,71.5,0.0,1,1,1,0,75.13,MEDIUM
Student_716,600,359.7,76.2,0.6,1,19,24,63.8,5,0.0,0.0,2.2,0.0,25.0,8.4,0.0,0.0,5.0,0.0,23.2,3,1,0.7657,61,19,99.7,97.0,89.5,92.6,1,1,1,1,94.28,LOW
Student_717,300,212.1,85.7,0.707,0,5,27,114.9,8,4.5,0.0,19.0,1.9,0.0,36.9,15.0,0.0,3.8,0.7,33.0,23,15,0.9878,34,1,97.5,95.3,90.4,91.2,1,1,1,1,93.12,LOW
Student_718,200,15.1,25.0,0.076,1,21,10,21.5,3,8.9,0.0,0.0,0.0,0.0,0.0,3.0,0.0,9.6,0.0,0.0,6,3,0.8417,23,5,50.0,50.0,54.9,54.4,1,1,1,1,52.74,HIGH
Student_719,400,118.9,61.2,0.297,0,19,40,176.5,8,22.1,28.9,51.6,9.7,0.0,49.5,0.0,6.7,2.6,5.4,0.0,2,0,0.6623,32,17,86.1,91.0,87.6,86.5,1,1,1,1,87.54,LOW
Student_720,486,330.9,78.5,0.681,2,14,49,201.0,5,0.0,52.0,23.1,0.0,0.0,0.0,28.4,34.5,0.0,0.0,63.0,2,0,0.4991,32,33,88.8,99.8,94.0,90.7,1,1,1,1,92.8,LOW
Student_721,200,3.3,14.3,0.016,0,24,28,88.2,6,10.4,0.0,0.0,0.0,0.0,2.6,25.5,12.0,0.0,16.3,21.5,15,9,0.8793,24,4,76.2,72.2,78.9,70.7,1,1,1,1,73.74,HIGH
Student_722,600,405.1,85.7,0.675,2,12,26,41.7,5,12.4,0.0,0.0,2.8,0.0,20.7,0.0,1.3,0.0,0.0,4.5,32,16,0.8218,69,15,84.8,77.7,84.1,82.6,1,1,1,1,82.36,MEDIUM
Student_723,600,113.9,45.6,0.19,0,37,16,59.3,6,0.0,6.2,12.9,12.6,2.9,0.0,0.0,0.0,6.8,17.9,0.0,5,2,0.8534,58,10,78.5,83.5,73.3,82.0,1,1,1,1,79.86,MEDIUM
Student_724,400,211.4,68.8,0.528,0,15,79,285.1,9,0.0,13.1,74.9,0.0,27.2,4.7,23.1,23.0,13.1,26.6,79.4,8,2,0.365,17,31,84.7,94.5,82.5,87.0,1,1,1,1,87.14,LOW
Student_725,240,98.1,65.7,0.409,0,12,25,63.4,7,0.0,3.0,0.0,16.8,0.0,8.5,7.5,1.6,18.1,7.9,0.0,12,7,0.638,22,13,94.2,91.9,93.7,87.1,1,1,1,1,90.8,LOW
Student_726,486,84.2,37.5,0.173,1,35,0,0.0,2,0.0,0.0,0.0,0.0,0.0,0.0,0.0,0.0,0.0,0.0,0.0,26,8,0.4789,26,30,86.4,84.4,84.1,82.2,1,1,1,1,83.86,MEDIUM
Student_727,200,167.5,92.0,0.838,1,2,51,80.3,9,13.6,1.1,0.0,19.7,2.9,0.0,21.4,7.1,12.2,0.1,2.2,16,4,0.93,23,2,90.0,85.8,80.9,86.9,1,1,1,1,86.1,LOW
Student_728,600,313.2,58.2,0.522,0,28,78,276.6,6,37.3,60.2,0.0,33.6,20.7,0.0,0.0,123.3,1.5,0.0,0.0,5,3,0.6516,43,24,95.1,87.8,93.7,100.0,1,1,1,1,95.32,LOW
Student_729,486,236.7,86.4,0.487,1,8,32,90.4,3,0.0,0.0,22.9,0.0,21.9,0.0,0.0,0.0,0.0,0.0,45.5,8,2,0.7276,42,17,95.7,88.2,90.7,91.3,1,1,1,1,91.44,LOW
Student_730,486,205.5,66.1,0.423,4,19,10,21.8,4,3.2,0.0,0.0,0.0,0.0,6.5,3.2,8.9,0.0,0.0,0.0,6,1,0.3619,20,36,75.6,67.6,65.4,74.6,1,1,1,1,71.56,HIGH
Student_731,400,161.1,63.8,0.403,0,17,35,155.7,6,3.8,0.0,0.0,0.0,20.9,30.5,0.0,61.6,6.1,32.8,0.0,15,7,0.7302,34,13,97.1,95.5,91.4,94.8,1,1,1,1,94.72,LOW
Student_732,600,265.1,73.8,0.442,0,22,77,342.9,9,81.9,10.2,0.0,36.7,12.0,51.6,0.0,81.6,17.7,25.1,26.1,8,2,0.3401,28,56,80.0,71.8,84.4,82.0,1,1,1,1,80.04,MEDIUM
Student_733,400,4.8,6.4,0.012,0,44,17,64.6,2,0.0,22.8,0.0,0.0,0.0,41.8,0.0,0.0,0.0,0.0,0.0,1,0,0.4444,20,27,52.4,50.0,58.5,58.0,1,1,1,1,55.38,HIGH
Student_734,240,14.3,31.0,0.06,0,20,7,15.1,1,0.0,0.0,15.1,0.0,0.0,0.0,0.0,0.0,0.0,0.0,0.0,2,1,0.6726,19,10,60.6,62.4,70.1,64.2,1,1,1,1,64.3,HIGH
Student_735,300,17.4,27.3,0.058,0,32,14,21.5,0,0.0,0.0,0.0,0.0,0.0,0.0,0.0,0.0,0.0,0.0,0.0,5,3,0.3456,15,29,50.0,51.8,50.0,55.3,1,1,1,1,52.48,HIGH
Student_736,486,9.9,11.1,0.02,0,56,0,0.0,3,0.0,0.0,0.0,0.0,0.0,0.0,0.0,0.0,0.0,0.0,0.0,0,0,0.1412,8,55,67.7,76.5,78.9,74.3,1,1,1,1,74.34,HIGH
Student_737,600,30.4,22.4,0.051,2,52,9,35.4,3,0.0,10.9,0.0,0.0,16.5,0.0,7.9,0.0,0.0,0.0,0.0,5,1,0.4313,28,39,50.0,51.6,55.4,60.3,1,1,1,1,55.52,HIGH
Student_738,200,133.6,92.0,0.668,0,2,44,219.8,6,0.0,35.3,10.7,37.3,71.2,0.0,0.0,22.1,0.0,0.0,43.2,5,1,0.5974,14,11,100.0,99.4,97.0,100.0,1,1,1,1,99.28,LOW
Student_739,300,169.0,73.2,0.563,4,11,24,88.9,3,0.0,0.0,0.0,36.3,0.0,29.6,0.0,0.0,23.0,0.0,0.0,24,16,0.6828,27,14,76.9,74.4,82.1,80.9,1,1,1,1,79.04,MEDIUM
Student_740,240,52.0,39.4,0.217,1,20,28,116.7,6,25.9,16.9,0.0,0.0,0.0,34.9,27.1,4.3,0.0,0.0,7.6,1,0,0.6121,20,13,76.8,79.6,69.6,75.5,1,1,1,1,75.4,MEDIUM
Student_741,400,21.5,20.0,0.054,0,44,27,127.1,6,40.6,20.8,6.0,0.0,0.0,0.0,18.8,12.1,0.0,0.0,28.8,2,0,0.4953,27,28,66.4,71.1,71.5,0.0,1,1,1,0,69.67,HIGH
Student_742,600,32.6,31.8,0.054,2,60,9,32.7,2,0.0,14.9,0.0,0.0,0.0,0.0,0.0,0.0,0.0,17.8,0.0,3,1,0.4851,42,46,64.9,52.1,64.7,0.0,1,1,1,0,60.57,HIGH
Student_743,486,71.7,38.0,0.148,2,44,24,64.0,2,0.0,0.0,61.0,0.0,3.0,0.0,0.0,0.0,0.0,0.0,0.0,5,3,0.0782,5,66,51.2,62.3,56.6,55.3,1,1,1,1,56.14,HIGH
Student_744,400,61.7,40.7,0.154,2,35,14,52.1,3,0.0,0.0,30.0,0.0,0.0,18.3,0.0,0.0,3.8,0.0,0.0,1,0,0.2472,14,45,64.9,70.1,72.0,63.1,1,1,1,1,66.64,HIGH
Student_745,400,227.9,70.9,0.57,3,16,25,97.7,3,0.0,26.1,60.9,0.0,0.0,10.7,0.0,0.0,0.0,0.0,0.0,2,0,0.7474,41,14,89.2,90.3,86.1,90.0,1,1,1,1,89.12,LOW
Student_746,486,265.8,62.7,0.547,0,25,23,79.3,4,32.7,0.0,0.0,0.0,0.0,22.2,0.0,0.0,0.0,4.3,20.1,6,1,0.7649,51,16,73.5,73.5,76.4,80.3,1,1,1,1,76.8,MEDIUM
Student_747,600,28.9,17.1,0.048,0,58,12,31.8,2,19.3,0.0,0.0,0.0,12.5,0.0,0.0,0.0,0.0,0.0,0.0,1,0,0.7546,52,18,53.3,52.3,53.5,0.0,1,1,1,0,53.03,HIGH
Student_748,300,22.1,38.9,0.074,3,22,25,118.8,3,0.0,79.0,0.0,0.0,21.2,0.0,0.0,0.0,18.6,0.0,0.0,8,2,0.8762,31,5,70.4,68.4,74.6,0.0,1,1,1,0,71.13,HIGH
Student_749,240,36.7,46.4,0.153,1,15,34,115.8,4,0.0,0.0,47.4,0.0,14.9,0.0,45.5,0.0,0.0,0.0,8.0,8,2,0.3134,8,20,50.5,59.2,57.8,62.0,1,1,1,1,58.3,HIGH
Student_750,400,7.6,14.0,0.019,0,43,0,0.0,3,0.0,0.0,0.0,0.0,0.0,0.0,0.0,0.0,0.0,0.0,0.0,0,0,0.4031,20,30,62.9,73.6,68.3,70.9,1,1,1,1,69.32,HIGH
Student_751,200,74.4,66.7,0.372,0,9,10,47.3,2,0.0,37.8,0.0,9.5,0.0,0.0,0.0,0.0,0.0,0.0,0.0,8,1,0.716,19,8,78.7,76.9,79.6,77.1,1,1,1,1,77.88,MEDIUM
Student_752,486,10.1,21.1,0.021,0,45,0,0.0,0,0.0,0.0,0.0,0.0,0.0,0.0,0.0,0.0,0.0,0.0,0.0,4,1,0.6955,39,18,50.0,54.0,50.0,50.1,1,1,1,1,50.84,HIGH
Student_753,486,88.1,43.9,0.181,0,37,77,365.6,9,0.0,32.5,0.0,37.6,25.0,62.7,19.7,69.8,17.2,73.1,28.0,6,2,0.7761,51,15,71.1,69.8,74.3,75.1,1,1,1,1,73.08,HIGH
Student_754,240,76.7,54.5,0.32,2,15,13,43.4,4,5.1,0.0,0.0,14.3,14.5,0.0,9.5,0.0,0.0,0.0,0.0,4,1,0.333,10,23,70.5,82.2,72.2,79.4,1,1,1,1,76.74,MEDIUM
Student_755,240,7.3,19.4,0.03,1,25,4,8.1,2,0.0,0.0,0.0,0.0,6.3,0.0,0.0,0.0,0.0,0.0,1.8,2,1,0.6629,20,11,65.5,75.4,66.3,72.9,1,1,1,1,70.6,HIGH
Student_756,486,87.6,36.2,0.18,2,44,15,62.3,5,2.2,0.0,0.0,24.2,0.0,6.8,0.0,12.7,0.0,16.5,0.0,5,2,0.9765,67,2,78.4,72.8,84.2,82.6,1,1,1,1,80.12,MEDIUM
Student_757,486,323.1,74.2,0.665,1,16,60,180.6,7,0.0,0.0,19.2,0.0,11.6,33.5,28.6,0.0,33.8,37.5,16.4,8,5,0.8515,52,10,92.3,100.0,97.2,91.5,1,1,1,1,94.5,LOW
Student_758,200,27.6,37.0,0.138,0,17,6,19.6,3,0.0,0.0,5.9,0.0,0.0,2.8,11.0,0.0,0.0,0.0,0.0,5,2,0.8419,22,5,55.9,64.3,56.0,0.0,1,1,1,0,58.73,HIGH
Student_759,400,62.4,43.1,0.156,1,29,14,37.4,5,1.8,0.0,6.7,8.4,0.0,14.6,5.9,0.0,0.0,0.0,0.0,9,5,0.8956,45,6,80.0,83.7,79.6,0.0,1,1,1,0,81.1,MEDIUM
Student_760,400,59.3,33.3,0.148,1,30,24,110.0,4,0.0,0.0,0.0,0.0,15.4,56.1,32.0,0.0,0.0,0.0,6.5,6,2,0.3794,17,28,71.5,80.7,73.9,78.9,1,1,1,1,76.78,MEDIUM
Student_761,600,271.6,62.9,0.453,0,26,51,133.3,10,20.6,17.4,13.8,14.2,9.6,10.2,9.8,29.4,0.0,6.5,1.8,5,1,0.3952,27,43,94.2,91.2,91.1,88.7,1,1,1,1,90.78,LOW
Student_762,240,143.3,74.3,0.597,1,9,64,105.3,7,13.7,0.0,12.2,0.0,0.0,17.5,11.5,12.7,27.1,10.5,0.0,10,3,0.4363,15,20,69.9,74.9,75.9,78.2,1,1,1,1,75.42,MEDIUM
Student_763,240,161.4,86.2,0.672,0,4,68,204.8,6,0.0,0.0,79.3,0.0,0.0,3.5,48.0,1.3,51.9,0.0,20.7,6,3,0.7271,21,8,96.6,95.7,96.9,95.4,1,1,1,1,96.0,LOW
Student_764,300,15.7,20.0,0.052,2,32,2,8.0,2,0.0,4.6,0.0,0.0,3.4,0.0,0.0,0.0,0.0,0.0,0.0,1,0,0.064,2,38,51.0,55.6,59.0,54.7,1,1,1,1,55.0,HIGH
Student_765,400,168.6,62.3,0.422,1,20,40,117.6,7,40.7,0.0,15.5,8.9,9.0,5.5,0.0,1.9,0.0,36.1,0.0,4,2,0.1933,10,43,86.0,93.9,85.1,89.4,1,1,1,1,88.76,LOW
Student_766,600,168.4,59.2,0.281,5,29,12,58.0,5,8.9,0.0,31.8,0.0,2.8,0.0,0.0,8.1,0.0,0.0,6.4,16,5,0.7332,52,19,83.2,80.8,79.3,77.8,1,1,1,1,79.78,MEDIUM
Student_767,600,113.0,33.3,0.188,2,54,31,137.0,5,0.0,5.4,13.0,75.2,0.0,0.0,20.8,0.0,0.0,22.6,0.0,4,2,0.643,52,29,75.6,77.9,73.3,81.5,1,1,1,1,77.96,MEDIUM
Student_768,200,25.4,29.6,0.127,0,19,14,31.5,2,0.0,0.0,0.0,22.0,0.0,9.5,0.0,0.0,0.0,0.0,0.0,5,1,0.9713,26,1,52.1,58.6,52.8,0.0,1,1,1,0,54.5,HIGH
Student_769,600,11.2,10.7,0.019,2,67,8,21.8,1,0.0,0.0,0.0,0.0,0.0,0.0,21.8,0.0,0.0,0.0,0.0,3,1,0.1873,14,61,53.8,50.0,61.2,55.1,1,1,1,1,55.04,HIGH
Student_770,486,280.3,78.2,0.577,2,12,30,113.5,10,15.4,14.4,0.0,16.8,3.5,11.2,9.2,11.4,8.7,10.8,12.0,10,6,0.659,36,19,95.9,96.4,93.5,91.1,1,1,1,1,93.6,LOW
Student_771,600,38.1,27.0,0.064,0,54,9,23.4,1,0.0,0.0,0.0,0.0,0.0,0.0,0.0,0.0,0.0,0.0,23.4,2,1,0.1546,11,63,65.1,75.7,59.2,69.7,1,1,1,1,67.88,HIGH
Student_772,600,100.2,30.5,0.167,4,57,31,104.4,4,54.0,0.0,0.0,5.2,0.0,10.7,0.0,0.0,0.0,0.0,34.4,5,1,0.9922,81,1,81.5,83.1,82.0,0.0,1,1,1,0,82.2,MEDIUM
Student_773,240,26.7,33.3,0.111,0,20,12,31.6,4,0.0,7.6,0.0,10.9,0.0,0.0,9.8,0.0,0.0,3.3,0.0,17,11,0.7284,21,9,77.6,78.9,87.7,78.4,1,1,1,1,80.2,MEDIUM
Student_774,300,92.1,61.0,0.307,0,16,21,78.2,2,13.1,0.0,0.0,0.0,0.0,0.0,0.0,0.0,65.1,0.0,0.0,3,1,0.3914,16,25,83.2,79.7,89.0,84.5,1,1,1,1,84.18,MEDIUM
Student_775,300,92.2,56.4,0.307,0,17,27,43.6,3,0.0,12.3,0.0,0.0,0.0,17.3,14.0,0.0,0.0,0.0,0.0,7,3,0.5925,23,16,70.6,72.0,83.3,68.5,1,1,1,1,72.58,HIGH
Student_776,486,1.7,2.9,0.003,0,68,8,29.3,2,0.0,0.0,0.0,13.4,0.0,15.9,0.0,0.0,0.0,0.0,0.0,3,0,0.117,8,62,50.0,72.8,64.8,0.0,1,1,1,0,62.53,HIGH
Student_777,600,105.6,52.7,0.176,3,35,24,107.8,2,0.0,0.0,0.0,83.4,0.0,0.0,0.0,0.0,24.4,0.0,0.0,9,5,0.4457,32,42,62.7,69.7,58.7,68.2,1,1,1,1,65.5,HIGH
Student_778,600,196.9,51.8,0.328,5,41,34,68.8,4,14.8,0.0,0.0,0.0,0.0,13.4,0.0,0.0,2.3,38.4,0.0,7,4,0.9691,82,3,82.9,92.4,100.0,87.2,1,1,1,1,89.94,LOW
Student_779,200,133.2,80.0,0.666,0,5,52,242.7,5,10.3,25.9,0.0,0.0,19.4,73.6,0.0,113.5,0.0,0.0,0.0,2,0,0.6501,16,9,88.0,94.5,85.0,85.0,1,1,1,1,87.5,LOW
Student_780,300,31.6,31.7,0.105,0,28,32,105.6,2,0.0,0.0,50.8,0.0,0.0,54.8,0.0,0.0,0.0,0.0,0.0,8,5,0.8712,35,6,63.3,54.6,56.5,68.3,1,1,1,1,62.2,HIGH
Student_781,240,25.2,28.1,0.105,1,23,23,77.6,6,7.8,41.0,8.4,0.0,3.0,15.6,1.8,0.0,0.0,0.0,0.0,2,0,0.3164,10,22,85.6,89.3,80.9,79.1,1,1,1,1,82.8,MEDIUM
Student_782,486,170.1,56.1,0.35,0,29,39,97.2,10,3.0,10.7,12.1,2.6,2.9,8.3,35.3,6.5,0.0,11.2,4.5,33,14,0.7731,51,15,66.4,69.1,66.9,70.8,1,1,1,1,68.8,HIGH
Student_783,400,231.6,89.1,0.579,0,5,23,88.7,5,4.9,0.0,0.0,11.5,17.9,0.0,0.0,49.1,5.2,0.0,0.0,11,6,0.3874,17,29,88.1,99.7,82.0,78.9,1,1,1,1,85.52,LOW
Student_784,200,31.7,48.0,0.158,0,13,19,39.1,2,34.9,0.0,0.0,0.0,0.0,4.2,0.0,0.0,0.0,0.0,0.0,5,1,0.6047,15,10,61.8,73.0,76.7,0.0,1,1,1,0,70.5,HIGH
Student_785,600,209.4,49.4,0.349,7,39,32,154.6,6,28.7,0.0,23.6,16.4,0.0,0.0,0.0,36.0,0.0,24.8,25.1,13,6,0.4089,31,46,85.1,88.2,81.4,84.2,1,1,1,1,84.62,MEDIUM
Student_786,486,217.1,70.9,0.447,0,16,62,264.1,6,107.1,0.0,3.7,20.7,0.0,0.0,0.0,48.3,11.3,0.0,73.0,2,1,0.5706,31,24,90.5,87.2,92.7,99.4,1,1,1,1,93.84,LOW
Student_787,300,4.0,9.5,0.013,0,38,7,22.3,2,0.0,0.0,5.7,16.6,0.0,0.0,0.0,0.0,0.0,0.0,0.0,2,1,0.5006,21,21,52.6,50.0,52.3,52.1,1,1,1,1,51.82,HIGH
Student_788,400,8.3,15.1,0.021,1,45,2,3.7,2,0.0,0.0,0.0,0.0,0.0,0.0,1.8,0.0,1.9,0.0,0.0,0,0,0.885,46,7,60.7,60.6,64.7,65.3,1,1,1,1,63.32,HIGH
Student_789,400,137.0,52.7,0.342,4,26,0,0.0,2,0.0,0.0,0.0,0.0,0.0,0.0,0.0,0.0,0.0,0.0,0.0,26,18,0.8757,48,7,82.9,85.0,90.2,89.7,1,1,1,1,87.5,LOW
Student_790,600,156.3,50.6,0.26,2,44,24,81.7,6,21.4,0.0,0.0,0.0,0.0,11.7,7.2,29.1,8.3,0.0,4.1,5,2,0.8213,73,16,86.5,86.0,88.5,87.2,1,1,1,1,87.08,LOW
Student_791,486,136.2,52.5,0.28,0,29,78,326.9,5,0.0,20.1,76.2,60.4,0.0,83.2,0.0,0.0,0.0,0.0,87.0,3,1,0.5693,34,27,69.1,75.7,73.1,73.1,1,1,1,1,72.82,HIGH
Student_792,300,130.1,76.5,0.434,0,8,38,121.9,9,8.3,0.0,0.4,0.0,4.9,4.7,26.2,38.6,20.6,10.3,8.0,8,2,0.2574,8,26,81.4,76.9,79.1,74.5,1,1,1,1,77.28,MEDIUM
Student_793,300,7.4,29.7,0.025,1,26,8,12.4,3,0.0,4.3,0.0,0.0,0.0,0.0,0.0,5.3,2.8,0.0,0.0,2,0,0.0724,2,35,63.5,56.1,65.9,62.4,1,1,1,1,62.06,HIGH
Student_794,486,1.3,5.1,0.003,0,56,3,4.7,1,0.0,0.0,0.0,4.7,0.0,0.0,0.0,0.0,0.0,0.0,0.0,0,0,0.2461,14,45,55.1,69.6,72.6,0.0,1,1,1,0,65.77,HIGH
Student_795,300,27.4,34.3,0.091,0,23,27,100.6,4,0.0,0.0,15.1,0.0,0.0,0.0,0.0,0.0,53.7,6.7,25.1,1,0,0.607,21,14,54.9,59.7,50.0,52.6,1,1,1,1,53.96,HIGH
Student_796,400,169.9,50.8,0.425,1,29,34,154.1,8,27.0,1.0,5.5,5.4,0.0,4.2,0.0,46.9,7.1,57.1,0.0,2,1,0.8959,52,7,79.1,67.8,78.3,70.3,1,1,1,1,73.16,HIGH
Student_797,240,1.4,7.4,0.006,0,25,5,14.1,3,0.0,0.0,2.8,0.0,0.0,8.5,0.0,0.0,0.0,2.9,0.0,2,0,0.7828,21,6,50.0,55.6,50.0,50.0,1,1,1,1,51.12,HIGH
Student_798,600,24.0,25.0,0.04,2,63,9,20.4,3,0.0,14.4,0.0,0.0,0.0,1.7,0.0,4.3,0.0,0.0,0.0,3,1,0.8488,71,13,59.9,66.3,72.2,0.0,1,1,1,0,66.13,HIGH
Student_799,200,92.7,68.0,0.464,0,8,65,301.0,9,19.0,113.8,6.0,15.0,0.0,66.7,0.0,5.2,20.6,33.0,21.8,6,2,0.1902,4,21,79.1,82.6,84.2,85.9,1,1,1,1,83.54,MEDIUM
Student_800,300,39.8,41.7,0.133,1,21,12,19.0,0,0.0,0.0,0.0,0.0,0.0,0.0,0.0,0.0,0.0,0.0,0.0,6,2,0.6522,23,13,67.5,63.6,62.2,0.0,1,1,1,0,64.43,HIGH
Student_801,200,81.7,57.1,0.409,0,12,73,231.2,10,22.7,21.0,6.5,10.0,0.0,28.0,26.9,5.7,19.1,40.2,51.2,8,3,0.8772,24,4,78.0,74.2,82.6,76.7,1,1,1,1,77.64,MEDIUM
Student_802,240,15.7,24.1,0.065,0,22,33,151.2,6,11.9,0.0,9.9,0.0,0.0,28.9,25.3,0.0,0.0,42.2,33.0,3,1,0.9006,26,3,58.1,58.7,51.9,0.0,1,1,1,0,56.23,HIGH
Student_803,300,56.3,51.4,0.188,1,18,25,85.5,3,0.0,16.6,0.0,0.0,49.9,0.0,0.0,0.0,19.1,0.0,0.0,2,0,0.4517,16,21,85.4,84.1,83.3,89.1,1,1,1,1,86.2,LOW
Student_804,300,23.1,29.7,0.077,1,26,13,58.5,0,0.0,0.0,0.0,0.0,0.0,0.0,0.0,0.0,0.0,0.0,0.0,12,7,0.646,23,14,70.5,80.6,83.6,71.6,1,1,1,1,75.58,MEDIUM
Student_805,300,178.0,90.2,0.593,0,4,45,69.6,6,6.4,5.7,17.8,0.0,0.0,0.0,25.2,4.9,0.0,9.6,0.0,7,1,0.3934,16,25,85.2,90.7,90.1,93.5,1,1,1,1,90.6,LOW
Student_806,400,214.6,69.2,0.536,0,16,67,220.7,8,21.6,3.9,18.9,37.8,12.0,0.0,31.4,0.0,71.9,23.3,0.0,5,1,0.3578,18,34,92.1,99.6,90.5,95.1,1,1,1,1,94.48,LOW
Student_807,240,28.7,37.0,0.12,2,17,26,73.1,5,11.3,9.6,0.0,13.9,20.0,18.3,0.0,0.0,0.0,0.0,0.0,6,2,0.7877,21,6,83.8,76.8,84.3,80.9,1,1,1,1,81.34,MEDIUM
Student_808,400,431.4,96.6,1.078,0,2,69,251.3,9,8.9,4.9,20.4,0.0,16.9,43.4,112.1,0.0,23.2,14.5,7.0,6,1,0.4257,25,34,86.7,85.7,88.5,93.4,1,1,1,1,89.54,LOW
Student_809,240,68.0,60.0,0.283,1,12,51,125.4,6,0.0,10.5,0.0,2.5,79.2,1.4,8.9,0.0,0.0,0.0,22.8,8,5,0.391,11,19,76.4,81.4,85.2,77.3,1,1,1,1,79.52,MEDIUM
Student_810,300,175.1,78.8,0.584,0,7,53,157.9,9,40.7,4.1,16.2,10.6,0.0,7.7,0.0,38.1,10.9,13.5,16.2,6,1,0.8133,26,7,100.0,88.3,89.9,92.3,1,1,1,1,92.56,LOW
Student_811,486,199.6,66.7,0.411,0,22,19,47.9,2,27.4,0.0,0.0,0.0,0.0,20.5,0.0,0.0,0.0,0.0,0.0,37,18,0.1831,12,54,72.1,82.3,78.5,85.5,1,1,1,1,80.78,MEDIUM
Student_812,200,142.1,84.0,0.71,1,4,32,107.1,5,0.0,0.0,0.0,0.0,49.2,21.5,0.0,7.4,0.0,12.2,16.8,24,7,0.5243,13,12,89.0,85.3,82.2,89.9,1,1,1,1,87.26,LOW
Student_813,300,111.3,63.9,0.371,1,13,30,141.4,9,13.2,5.2,0.0,24.6,35.5,6.6,20.5,21.3,1.3,0.0,13.3,13,6,0.3741,13,23,79.6,72.7,72.5,71.4,1,1,1,1,73.52,HIGH
Student_814,240,6.3,12.9,0.026,0,27,1,3.7,0,0.0,0.0,0.0,0.0,0.0,0.0,0.0,0.0,0.0,0.0,0.0,2,1,0.5643,17,14,58.3,62.0,70.0,70.4,1,1,1,1,66.22,HIGH
Student_815,200,19.0,36.0,0.095,0,16,32,120.8,5,0.0,24.3,24.9,22.9,0.0,0.0,0.0,0.0,19.9,28.8,0.0,4,1,0.8369,20,5,67.0,75.1,74.3,0.0,1,1,1,0,72.13,HIGH
Student_816,300,1.4,2.9,0.005,0,34,4,11.8,1,0.0,0.0,0.0,11.8,0.0,0.0,0.0,0.0,0.0,0.0,0.0,3,1,0.9603,33,2,57.1,52.5,55.0,60.3,1,1,1,1,57.04,HIGH
Student_817,600,37.4,21.3,0.062,3,59,1,2.1,3,0.0,0.0,0.0,0.8,0.0,0.2,1.1,0.0,0.0,0.0,0.0,2,1,0.206,15,60,50.0,57.2,54.0,50.0,1,1,1,1,52.24,HIGH
Student_818,600,35.2,27.6,0.059,0,63,0,0.0,1,0.0,0.0,0.0,0.0,0.0,0.0,0.0,0.0,0.0,0.0,0.0,7,2,0.2813,24,63,55.5,57.0,50.0,59.0,1,1,1,1,56.1,HIGH
Student_819,486,189.3,70.7,0.39,3,17,71,343.7,10,27.0,0.0,43.9,10.6,21.0,83.5,49.7,10.6,28.3,16.1,53.1,6,1,0.3104,18,40,81.3,76.1,83.1,82.6,1,1,1,1,81.14,MEDIUM
Student_820,600,129.9,53.7,0.216,0,31,28,80.5,2,0.0,0.0,0.0,0.0,0.0,0.0,0.0,0.0,0.0,46.9,33.6,2,0,0.3998,26,41,75.4,60.7,79.6,0.0,1,1,1,0,71.9,HIGH
Student_821,400,259.7,80.7,0.649,5,11,31,104.1,8,4.3,48.6,9.1,3.2,2.0,0.0,25.0,0.0,0.0,7.6,4.4,2,0,0.5406,30,27,97.9,100.0,93.2,100.0,1,1,1,1,98.22,LOW
Student_822,400,51.3,45.7,0.128,3,25,13,51.1,1,0.0,0.0,0.0,0.0,0.0,51.1,0.0,0.0,0.0,0.0,0.0,5,2,0.1822,8,38,81.1,66.9,72.0,73.7,1,1,1,1,73.48,HIGH
Student_823,486,139.9,61.4,0.288,2,22,29,130.0,4,26.8,0.0,0.0,0.0,0.0,0.0,0.0,27.4,14.1,0.0,61.6,4,0,0.7126,40,17,80.6,75.7,71.9,78.0,1,1,1,1,76.84,MEDIUM
Student_824,600,288.1,100.0,0.48,5,0,36,63.8,10,15.9,0.7,1.5,21.4,2.5,0.0,8.5,1.4,6.0,1.4,4.5,9,6,0.505,34,35,85.3,79.1,83.5,88.6,1,1,1,1,85.02,LOW
Student_825,300,97.6,71.1,0.325,2,11,29,93.9,2,0.0,0.0,0.0,0.0,0.0,33.2,0.0,60.7,0.0,0.0,0.0,12,7,0.1738,6,32,67.9,71.6,74.2,71.0,1,1,1,1,71.14,HIGH
Student_826,600,127.4,36.8,0.212,2,48,21,85.1,3,1.8,0.0,0.0,0.0,0.0,43.0,0.0,40.2,0.0,0.0,0.0,4,1,0.3755,28,48,74.7,83.0,76.6,0.0,1,1,1,0,78.1,MEDIUM
Student_827,200,22.7,40.0,0.113,1,15,8,39.3,3,0.0,0.0,0.0,32.9,0.0,0.0,3.2,0.0,0.0,3.3,0.0,8,4,0.308,7,18,55.4,60.8,56.2,53.4,1,1,1,1,55.84,HIGH
Student_828,486,312.1,78.6,0.642,0,12,35,167.4,10,6.7,5.0,3.4,13.8,31.5,22.8,28.6,21.7,0.0,1.2,32.8,5,2,0.9157,51,5,100.0,95.4,86.8,88.0,1,1,1,1,91.64,LOW
Student_829,300,53.0,43.9,0.177,3,23,34,82.4,2,69.4,0.0,0.0,13.0,0.0,0.0,0.0,0.0,0.0,0.0,0.0,7,4,0.3293,13,28,80.1,77.5,75.4,0.0,1,1,1,0,77.67,MEDIUM
Student_830,240,1.6,12.5,0.007,0,28,12,32.3,2,26.1,6.2,0.0,0.0,0.0,0.0,0.0,0.0,0.0,0.0,0.0,3,1,0.4627,14,18,52.9,64.6,71.1,62.9,1,1,1,1,62.88,HIGH
Student_831,486,153.4,58.3,0.316,0,30,4,16.8,0,0.0,0.0,0.0,0.0,0.0,0.0,0.0,0.0,0.0,0.0,0.0,9,5,0.784,56,16,70.7,76.5,76.6,71.7,1,1,1,1,73.44,HIGH
Student_832,486,44.9,28.6,0.092,2,40,10,43.7,1,0.0,0.0,0.0,0.0,0.0,43.7,0.0,0.0,0.0,0.0,0.0,5,2,0.3448,19,37,67.3,69.1,62.1,71.3,1,1,1,1,68.22,HIGH
Student_833,600,4.6,7.5,0.008,0,74,14,33.7,1,0.0,0.0,0.0,0.0,0.0,33.7,0.0,0.0,0.0,0.0,0.0,3,0,0.8307,66,14,64.3,74.1,66.0,60.8,1,1,1,1,65.2,HIGH
Student_834,200,130.6,92.0,0.653,0,2,49,144.2,5,0.0,23.8,42.8,10.8,22.8,0.0,0.0,0.0,0.0,0.0,44.0,1,0,0.7533,18,7,96.1,89.7,87.7,91.4,1,1,1,1,91.26,LOW
Student_835,200,147.4,96.2,0.737,0,1,31,121.6,6,0.0,0.0,7.5,16.0,7.4,0.0,16.4,26.1,0.0,0.0,48.2,15,8,0.6395,16,10,100.0,92.0,94.9,95.6,1,1,1,1,95.62,LOW
Student_836,200,34.3,36.0,0.172,1,16,11,35.7,0,0.0,0.0,0.0,0.0,0.0,0.0,0.0,0.0,0.0,0.0,0.0,5,2,0.5707,14,11,50.0,61.8,51.5,52.1,1,1,1,1,53.5,HIGH
Student_837,600,78.7,37.0,0.131,5,51,24,47.6,4,13.9,6.1,23.9,0.0,3.8,0.0,0.0,0.0,0.0,0.0,0.0,7,3,0.5167,41,40,77.0,82.8,94.5,91.7,1,1,1,1,87.54,LOW
Student_838,300,87.9,64.1,0.293,1,14,8,28.9,1,28.9,0.0,0.0,0.0,0.0,0.0,0.0,0.0,0.0,0.0,0.0,4,2,0.5722,22,17,57.3,58.0,53.5,61.2,1,1,1,1,58.24,HIGH
Student_839,240,77.3,58.1,0.322,4,13,52,224.2,6,11.0,0.0,0.0,32.7,16.1,0.0,118.3,0.0,24.3,21.7,0.0,6,1,0.9053,28,3,69.0,59.6,71.4,63.2,1,1,1,1,65.28,HIGH
Student_840,486,17.6,13.4,0.036,1,58,16,26.7,6,4.5,0.0,0.0,2.9,6.2,2.2,9.4,0.0,0.0,0.0,1.5,4,1,0.6503,43,24,69.2,79.9,66.5,68.5,1,1,1,1,70.52,HIGH
Student_841,300,144.5,70.0,0.482,1,12,41,117.4,6,45.9,11.8,0.0,12.1,0.0,0.0,21.9,20.7,4.9,0.0,0.0,2,1,0.9743,38,2,77.0,67.9,75.7,74.9,1,1,1,1,74.08,HIGH
Student_842,240,31.3,26.5,0.13,1,25,23,111.3,6,0.0,19.7,7.3,0.0,0.0,0.0,3.4,0.0,24.0,6.2,50.6,16,7,0.8375,28,6,67.0,71.1,60.8,0.0,1,1,1,0,66.3,HIGH
Student_843,300,49.6,48.6,0.165,1,19,21,89.0,3,0.0,14.7,0.0,0.0,7.8,0.0,0.0,0.0,0.0,0.0,66.4,3,1,0.7253,26,11,83.8,82.4,80.7,0.0,1,1,1,0,82.3,MEDIUM
Student_844,240,177.2,96.3,0.738,0,1,27,101.0,7,20.4,8.0,3.9,15.8,10.2,0.0,0.0,38.8,0.0,4.0,0.0,12,6,0.6376,17,10,90.5,92.1,91.5,85.6,1,1,1,1,89.06,LOW
Student_845,486,23.8,23.7,0.049,0,45,8,32.7,0,0.0,0.0,0.0,0.0,0.0,0.0,0.0,0.0,0.0,0.0,0.0,5,2,0.0807,4,55,51.2,56.1,67.1,52.7,1,1,1,1,55.96,HIGH
Student_846,240,12.8,21.2,0.053,0,26,13,27.5,1,0.0,0.0,0.0,0.0,0.0,27.5,0.0,0.0,0.0,0.0,0.0,1,0,0.9813,32,1,61.8,62.4,65.2,0.0,1,1,1,0,63.13,HIGH
Student_847,200,103.3,63.0,0.516,1,10,14,62.9,5,0.0,0.0,0.0,43.4,0.0,4.3,3.9,0.0,0.0,4.5,6.8,14,4,0.8674,23,4,78.2,86.4,76.2,85.2,1,1,1,1,82.24,MEDIUM
Student_848,486,216.5,52.1,0.445,0,34,50,93.4,6,3.7,0.0,28.5,7.1,0.0,0.0,0.0,12.9,36.7,0.0,4.5,30,20,0.4819,34,37,66.8,71.2,68.8,74.9,1,1,1,1,71.32,HIGH
Student_849,600,69.1,28.6,0.115,1,55,29,55.2,2,0.0,11.5,0.0,0.0,0.0,0.0,0.0,0.0,43.7,0.0,0.0,3,2,0.9257,71,6,68.2,80.1,74.7,75.2,1,1,1,1,74.68,HIGH
Student_850,486,404.0,80.6,0.831,1,13,14,40.7,5,0.0,0.0,0.0,0.0,13.4,15.1,0.0,1.4,0.0,5.0,5.8,5,2,0.9856,66,1,85.6,86.0,83.3,92.1,1,1,1,1,87.82,LOW
Student_851,200,185.8,92.6,0.929,0,2,37,125.3,7,12.8,30.2,0.0,3.7,0.8,0.0,12.4,33.7,0.0,31.7,0.0,16,9,0.3358,9,18,88.2,94.1,86.4,88.4,1,1,1,1,89.1,LOW
Student_852,240,4.9,9.7,0.02,0,28,8,19.6,1,0.0,0.0,0.0,0.0,0.0,0.0,0.0,19.6,0.0,0.0,0.0,4,1,0.6603,20,11,56.1,59.6,53.2,0.0,1,1,1,0,56.3,HIGH
Student_853,200,12.9,23.1,0.064,0,20,20,71.8,5,0.0,8.1,0.0,8.6,0.0,0.0,45.8,1.0,0.0,0.0,8.3,20,7,0.7088,18,8,55.1,52.0,62.0,57.5,1,1,1,1,56.82,HIGH
Student_854,600,340.3,84.7,0.567,4,11,34,128.9,9,0.0,21.7,11.2,5.8,0.0,5.1,36.6,14.7,3.1,23.1,7.6,6,3,0.846,60,12,100.0,99.8,89.7,95.4,1,1,1,1,96.06,LOW
Student_855,400,170.2,80.4,0.426,0,9,72,279.0,6,101.3,0.0,0.0,0.0,49.5,0.0,12.6,57.2,0.0,17.9,40.6,6,1,0.7553,34,12,87.5,78.2,79.9,83.5,1,1,1,1,82.52,MEDIUM
Student_856,400,250.7,84.3,0.627,0,8,10,17.2,2,0.0,0.0,0.0,0.0,0.0,0.0,5.6,11.6,0.0,0.0,0.0,4,2,0.5001,25,26,96.3,93.4,89.4,93.5,1,1,1,1,93.22,LOW
Student_857,240,10.7,17.2,0.045,0,24,3,12.9,3,0.0,0.0,0.0,5.4,5.9,0.0,1.7,0.0,0.0,0.0,0.0,10,3,0.8948,25,4,70.9,72.8,69.3,0.0,1,1,1,0,71.0,HIGH
Student_858,486,432.8,88.2,0.891,1,8,70,244.2,5,0.0,89.1,28.6,0.0,0.0,81.3,0.0,27.1,0.0,18.1,0.0,2,1,0.5108,34,34,81.1,84.5,83.7,84.3,1,1,1,1,83.58,MEDIUM
Student_859,300,74.2,55.0,0.247,3,18,16,64.4,2,0.0,0.0,0.0,0.0,0.0,0.0,0.0,48.3,0.0,0.0,16.1,8,3,0.4119,16,24,92.3,88.1,82.0,85.3,1,1,1,1,86.6,LOW
Student_860,240,22.4,31.0,0.093,2,20,14,34.0,2,0.0,0.0,0.0,0.0,31.2,2.8,0.0,0.0,0.0,0.0,0.0,5,1,0.2685,7,22,64.3,50.9,56.5,61.7,1,1,1,1,59.02,HIGH
Student_861,240,70.9,54.5,0.295,0,15,44,184.4,9,8.6,21.0,0.0,39.6,17.4,22.0,12.8,23.1,23.4,0.0,16.6,9,5,0.8835,29,4,77.1,71.2,70.1,72.4,1,1,1,1,72.64,HIGH
Student_862,200,205.7,100.0,1.028,0,0,48,85.1,10,4.8,7.3,3.8,1.6,21.3,7.0,0.2,0.0,17.1,8.0,14.0,22,14,0.9748,24,1,99.7,89.3,87.3,91.2,1,1,1,1,91.74,LOW
Student_863,400,86.3,34.5,0.216,1,36,17,67.6,4,4.3,26.6,0.0,0.0,0.0,18.6,0.0,0.0,0.0,0.0,18.1,8,5,0.3634,19,36,76.6,87.4,83.8,79.8,1,1,1,1,81.48,MEDIUM
Student_864,240,116.4,66.7,0.485,1,11,77,182.2,5,0.0,87.9,0.0,7.9,0.0,0.0,9.3,7.4,0.0,0.0,69.8,13,7,0.2908,9,24,81.5,80.2,74.4,78.5,1,1,1,1,78.62,MEDIUM
Student_865,400,96.1,46.3,0.24,0,29,24,55.6,3,52.0,1.5,0.0,0.0,0.0,0.0,0.0,2.1,0.0,0.0,0.0,7,4,0.7055,38,16,72.6,73.8,67.2,72.4,1,1,1,1,71.68,HIGH
Student_866,486,92.0,40.6,0.189,3,41,23,38.0,2,0.0,0.0,16.4,21.6,0.0,0.0,0.0,0.0,0.0,0.0,0.0,15,9,0.6213,42,27,73.0,70.4,76.0,74.3,1,1,1,1,73.6,HIGH
Student_867,200,44.2,48.1,0.221,0,14,8,16.1,1,0.0,0.0,0.0,0.0,16.1,0.0,0.0,0.0,0.0,0.0,0.0,10,6,0.2091,5,22,75.9,80.7,76.4,0.0,1,1,1,0,77.67,MEDIUM
Student_868,600,500.6,84.3,0.834,0,13,36,150.9,6,0.0,44.2,0.0,46.3,24.9,24.9,0.0,9.5,0.0,1.1,0.0,13,5,0.784,65,18,99.7,100.0,94.9,95.2,1,1,1,1,97.0,LOW
Student_869,486,232.0,59.4,0.477,1,26,29,62.5,2,0.0,0.0,0.0,0.0,0.0,0.0,0.0,0.0,0.0,54.4,8.1,30,11,0.3967,25,39,90.8,89.0,89.3,89.9,1,1,1,1,89.78,LOW
Student_870,300,36.8,34.9,0.123,1,28,2,3.6,1,3.6,0.0,0.0,0.0,0.0,0.0,0.0,0.0,0.0,0.0,0.0,1,0,0.2705,11,32,69.8,87.7,79.4,86.7,1,1,1,1,82.06,MEDIUM
Student_871,486,147.1,57.1,0.303,4,30,24,65.6,6,14.0,0.0,20.6,0.0,14.7,12.2,0.0,3.1,1.1,0.0,0.0,4,2,0.1762,12,58,89.6,92.7,88.3,89.4,1,1,1,1,89.88,LOW
Student_872,400,156.2,69.4,0.39,2,15,38,91.7,9,9.2,6.1,17.7,4.4,0.0,4.3,0.0,4.3,35.9,0.8,8.9,12,2,0.7225,35,14,97.1,85.1,89.7,97.8,1,1,1,1,93.5,LOW
Student_873,200,19.1,32.1,0.096,2,19,8,39.6,0,0.0,0.0,0.0,0.0,0.0,0.0,0.0,0.0,0.0,0.0,0.0,11,2,0.5667,15,13,67.7,64.2,59.9,63.5,1,1,1,1,63.76,HIGH
Student_874,400,229.2,72.4,0.573,2,16,29,85.1,7,20.2,14.5,0.0,3.7,16.9,7.5,1.0,0.0,0.0,0.0,21.3,8,1,0.5522,32,26,87.1,74.4,85.1,88.7,1,1,1,1,84.8,MEDIUM
Student_875,240,32.0,35.3,0.133,2,22,5,11.1,1,0.0,0.0,11.1,0.0,0.0,0.0,0.0,0.0,0.0,0.0,0.0,4,1,0.7844,26,8,65.1,64.7,70.5,70.5,1,1,1,1,68.26,HIGH
Student_876,600,58.8,29.2,0.098,6,63,27,134.2,4,11.4,0.0,47.6,3.0,0.0,0.0,0.0,72.2,0.0,0.0,0.0,10,6,0.8223,73,16,50.9,55.9,53.5,58.5,1,1,1,1,55.46,HIGH
Student_877,300,169.4,91.9,0.565,4,3,49,166.6,9,0.0,35.1,0.0,11.9,4.7,8.0,34.4,22.5,32.4,3.4,14.2,15,5,0.4298,15,22,97.8,96.1,100.0,95.6,1,1,1,1,97.02,LOW
Student_878,486,5.2,20.7,0.011,0,46,2,7.7,1,0.0,0.0,0.0,0.0,0.0,0.0,0.0,0.0,0.0,0.0,7.7,1,0,0.7731,44,14,61.1,71.9,68.2,0.0,1,1,1,0,67.07,HIGH
Student_879,486,232.0,65.5,0.477,0,19,30,116.6,2,61.2,0.0,0.0,0.0,0.0,55.4,0.0,0.0,0.0,0.0,0.0,38,21,0.9705,53,2,85.5,91.9,87.5,84.4,1,1,1,1,86.74,LOW
Student_880,240,140.8,81.8,0.587,0,6,24,104.8,3,0.0,0.0,0.0,0.0,16.0,0.0,0.0,0.0,32.9,55.9,0.0,11,5,0.8442,27,6,91.5,90.5,84.1,84.1,1,1,1,1,86.86,LOW
Student_881,240,99.0,54.8,0.412,0,14,29,45.7,7,3.4,6.3,0.0,0.0,4.8,0.0,8.4,0.0,1.6,6.9,14.3,5,1,0.6641,20,11,86.6,82.2,81.0,81.3,1,1,1,1,82.48,MEDIUM
Student_882,300,108.3,72.5,0.361,2,11,29,58.0,6,11.9,5.1,4.6,14.7,0.0,3.2,0.0,0.0,18.5,0.0,0.0,10,5,0.5757,23,17,76.9,73.6,71.6,79.6,1,1,1,1,76.26,MEDIUM
Student_883,600,207.1,59.4,0.345,3,28,25,80.6,6,0.0,12.2,0.0,24.3,0.0,18.7,0.0,0.0,13.1,10.9,1.4,12,4,0.9474,65,4,82.9,75.3,76.7,85.7,1,1,1,1,81.26,MEDIUM
Student_884,300,169.0,65.8,0.563,0,13,58,98.8,9,18.2,12.7,2.7,5.3,12.5,0.0,3.7,24.4,0.0,5.4,13.9,1,0,0.8408,31,7,91.7,86.3,88.7,90.7,1,1,1,1,89.62,LOW
Student_885,300,22.6,18.4,0.075,1,31,7,12.4,2,10.7,0.0,0.0,0.0,0.0,0.0,1.7,0.0,0.0,0.0,0.0,5,2,0.2266,8,30,50.0,56.4,50.0,0.0,1,1,1,0,52.13,HIGH
Student_886,300,166.5,77.1,0.555,0,8,27,115.3,7,40.3,12.1,6.9,0.0,0.0,18.2,3.5,4.2,0.0,0.0,30.1,5,1,0.6618,23,12,86.1,86.6,88.1,92.0,1,1,1,1,88.96,LOW
Student_887,600,148.2,52.4,0.247,9,39,28,42.8,2,23.7,0.0,0.0,0.0,19.1,0.0,0.0,0.0,0.0,0.0,0.0,4,1,0.7379,60,22,66.1,74.9,71.1,67.4,1,1,1,1,69.38,HIGH
Student_888,300,190.3,90.2,0.634,0,4,75,149.3,9,19.3,0.0,16.4,15.0,15.2,25.5,0.0,22.9,4.0,28.7,2.3,8,4,0.7483,30,11,82.5,93.7,84.5,82.9,1,1,1,1,85.3,LOW
Student_889,240,0.0,0.0,0.0,0,34,5,9.1,0,0.0,0.0,0.0,0.0,0.0,0.0,0.0,0.0,0.0,0.0,0.0,8,5,0.89,30,4,54.0,66.9,62.1,56.8,1,1,1,1,59.32,HIGH
Student_890,486,289.7,76.2,0.596,1,15,33,131.0,2,0.0,61.0,0.0,0.0,70.0,0.0,0.0,0.0,0.0,0.0,0.0,15,6,0.5918,37,26,79.4,72.3,72.8,67.5,1,1,1,1,71.9,HIGH
Student_891,600,145.5,56.6,0.242,2,36,21,68.1,4,0.0,0.0,17.7,11.0,27.5,0.0,0.0,11.9,0.0,0.0,0.0,9,4,0.7009,58,25,52.7,61.1,50.0,0.0,1,1,1,0,54.6,HIGH
Student_892,400,71.2,52.1,0.178,0,23,7,12.9,0,0.0,0.0,0.0,0.0,0.0,0.0,0.0,0.0,0.0,0.0,0.0,9,3,0.5878,28,20,50.6,53.2,59.7,0.0,1,1,1,0,54.5,HIGH
Student_893,400,31.9,28.9,0.08,1,32,3,13.2,2,0.0,0.0,0.0,0.0,0.0,11.8,0.0,1.4,0.0,0.0,0.0,0,0,0.0632,2,43,58.7,63.0,61.1,0.0,1,1,1,0,60.93,HIGH
Student_894,200,195.5,92.9,0.978,0,2,25,79.2,8,1.7,0.1,28.5,7.3,0.0,0.0,10.1,7.1,6.3,18.3,0.0,3,1,0.7363,20,8,94.4,83.4,90.6,93.0,1,1,1,1,90.88,LOW
Student_895,240,1.8,3.3,0.008,0,29,9,26.0,1,0.0,0.0,0.0,0.0,0.0,0.0,0.0,0.0,0.0,26.0,0.0,2,0,0.3856,11,19,62.1,61.0,75.3,69.9,1,1,1,1,67.64,HIGH
Student_896,240,148.9,87.9,0.62,1,4,39,95.3,9,11.3,4.9,0.0,9.2,10.8,7.4,5.3,10.6,10.9,25.0,0.0,26,17,0.5641,18,15,80.8,82.5,82.1,90.3,1,1,1,1,85.2,LOW
Student_897,200,17.4,28.0,0.087,1,18,11,42.8,3,0.0,0.0,0.0,5.8,0.0,0.0,20.9,0.0,0.0,0.0,16.1,31,14,0.6004,15,10,57.8,73.2,65.5,0.0,1,1,1,0,65.5,HIGH
Student_898,200,50.2,40.0,0.251,0,15,79,164.3,7,47.4,16.6,5.8,3.8,16.5,42.5,0.0,31.7,0.0,0.0,0.0,3,1,0.2578,6,19,73.9,72.3,71.3,75.2,1,1,1,1,73.58,HIGH
Student_899,486,135.4,42.2,0.279,1,37,77,156.9,10,24.2,6.0,5.8,0.0,27.4,20.7,21.5,29.9,12.1,1.6,7.5,2,0,0.5137,32,32,71.6,70.3,82.5,75.7,1,1,1,1,75.16,MEDIUM
Student_900,300,21.1,29.5,0.07,0,31,16,47.5,4,0.0,17.1,0.0,0.0,0.0,21.6,0.0,0.4,0.0,8.4,0.0,5,3,0.2685,11,33,50.5,50.0,58.2,0.0,1,1,1,0,52.9,HIGH
Student_901,240,16.5,19.4,0.069,0,25,9,27.1,1,0.0,0.0,0.0,0.0,0.0,0.0,0.0,27.1,0.0,0.0,0.0,2,0,0.9771,30,1,68.5,57.2,66.1,62.0,1,1,1,1,63.16,HIGH
Student_902,600,103.9,46.3,0.173,3,44,31,91.3,2,0.0,0.0,0.0,0.0,0.0,0.0,0.0,0.0,0.0,66.1,25.2,2,1,0.1205,9,73,58.9,74.7,62.5,58.2,1,1,1,1,62.5,HIGH
Student_903,240,163.3,82.8,0.68,0,5,78,125.5,7,39.6,11.3,14.1,0.0,16.7,0.0,23.1,16.4,0.0,0.0,4.4,6,2,0.7351,21,8,100.0,85.3,94.5,100.0,1,1,1,1,95.96,LOW
Student_904,200,117.1,75.0,0.586,0,7,58,94.4,9,1.5,13.0,0.0,1.5,11.3,11.0,1.6,14.0,0.0,30.5,10.0,5,2,0.7097,19,9,88.8,90.1,100.0,93.4,1,1,1,1,93.14,LOW
Student_905,400,359.8,95.8,0.9,3,2,39,170.5,7,0.0,10.5,7.9,80.4,11.4,0.0,8.9,0.0,21.0,0.0,30.4,14,6,0.3847,18,30,96.8,96.5,97.4,97.2,1,1,1,1,97.02,LOW
Student_906,400,80.3,39.2,0.201,3,31,33,88.5,3,39.6,0.0,0.0,0.0,0.0,0.0,17.7,0.0,31.2,0.0,0.0,5,3,0.9988,50,1,79.3,74.9,72.1,81.0,1,1,1,1,77.66,MEDIUM
Student_907,300,12.2,16.7,0.041,1,30,9,28.7,2,14.3,14.4,0.0,0.0,0.0,0.0,0.0,0.0,0.0,0.0,0.0,3,2,0.4321,15,21,67.2,75.2,73.7,79.2,1,1,1,1,74.9,HIGH
Student_908,486,108.1,49.3,0.222,1,36,13,39.5,1,0.0,0.0,0.0,0.0,0.0,0.0,0.0,39.5,0.0,0.0,0.0,3,1,0.9701,68,3,78.4,67.9,73.3,78.9,1,1,1,1,75.48,MEDIUM
Student_909,400,4.3,9.6,0.011,0,47,3,12.3,0,0.0,0.0,0.0,0.0,0.0,0.0,0.0,0.0,0.0,0.0,0.0,4,1,0.6098,31,21,60.5,70.4,58.2,60.4,1,1,1,1,61.98,HIGH
Student_910,200,49.8,51.9,0.249,1,13,19,86.6,4,1.1,22.8,0.0,35.6,0.0,0.0,27.1,0.0,0.0,0.0,0.0,5,1,0.4156,11,16,74.1,72.0,76.8,72.8,1,1,1,1,73.7,HIGH
Student_911,400,69.0,54.4,0.172,0,26,24,82.0,5,0.0,8.7,1.6,21.4,12.0,0.0,38.3,0.0,0.0,0.0,0.0,1,0,0.9777,55,2,51.7,50.0,50.0,50.0,1,1,1,1,50.34,HIGH
Student_912,300,0.0,0.0,0.0,0,37,13,25.0,2,0.0,0.0,0.0,0.0,0.0,0.0,19.3,0.0,5.7,0.0,0.0,1,0,0.3261,12,25,61.0,73.7,67.8,0.0,1,1,1,0,67.5,HIGH
Student_913,400,172.3,70.2,0.431,0,14,57,111.7,8,4.6,13.9,0.0,13.1,7.1,30.8,0.0,23.4,0.0,7.3,11.5,9,3,0.8282,38,9,93.5,92.2,93.7,90.6,1,1,1,1,92.12,LOW
Student_914,486,173.9,50.8,0.358,1,31,24,69.0,2,0.0,30.0,0.0,0.0,0.0,39.0,0.0,0.0,0.0,0.0,0.0,1,0,0.4887,30,33,78.4,78.8,86.2,77.6,1,1,1,1,79.72,MEDIUM
Student_915,600,144.5,51.3,0.241,7,38,23,108.1,5,5.2,0.0,38.5,0.0,16.6,46.3,0.0,0.0,1.4,0.0,0.0,23,12,0.5898,46,32,75.6,76.2,80.3,0.0,1,1,1,0,77.37,MEDIUM
Student_916,300,183.4,73.8,0.611,2,11,54,154.0,5,0.0,15.5,19.9,0.0,0.0,0.0,0.0,50.6,0.0,34.9,33.1,12,7,0.5504,23,19,96.5,97.3,92.5,95.9,1,1,1,1,95.62,LOW
Student_917,400,72.3,34.0,0.181,2,35,47,210.0,9,19.7,0.0,3.4,0.0,22.2,60.4,28.1,10.1,10.7,19.9,35.5,3,0,0.0744,3,50,62.5,63.9,60.3,0.0,1,1,1,0,62.23,HIGH
Student_918,600,127.0,47.8,0.212,2,36,29,93.7,5,26.1,0.0,0.0,0.0,2.4,0.0,22.9,0.0,0.0,18.2,24.1,3,1,0.0851,5,64,51.4,51.8,50.2,0.0,1,1,1,0,51.13,HIGH
Student_919,400,75.9,47.2,0.19,2,28,34,146.5,2,0.0,0.0,0.0,0.0,0.0,65.6,0.0,0.0,0.0,0.0,80.9,8,1,0.1742,9,44,75.1,72.3,83.1,69.7,1,1,1,1,73.98,HIGH
Student_920,400,431.9,100.0,1.08,0,0,36,161.4,8,0.0,21.6,29.6,3.7,6.8,0.0,21.7,24.1,31.4,22.5,0.0,12,5,0.5497,31,27,88.8,90.1,87.5,85.2,1,1,1,1,87.36,LOW
Student_921,300,206.8,81.6,0.689,0,7,44,169.4,5,0.0,0.0,40.4,22.2,0.0,0.0,0.0,10.2,83.0,13.7,0.0,5,1,0.8646,32,6,93.3,91.8,95.8,97.0,1,1,1,1,94.98,LOW
Student_922,200,122.1,92.3,0.61,0,2,70,255.3,6,0.0,32.1,0.0,24.2,67.1,14.3,0.0,0.0,28.1,89.5,0.0,1,0,0.6208,16,10,92.8,100.0,87.9,86.0,1,1,1,1,90.54,LOW
Student_923,300,68.0,59.0,0.227,4,16,14,41.3,1,0.0,0.0,0.0,0.0,0.0,0.0,0.0,41.3,0.0,0.0,0.0,3,1,0.8014,31,8,58.2,59.5,56.9,59.4,1,1,1,1,58.68,HIGH
Student_924,300,77.7,53.7,0.259,2,19,4,13.0,0,0.0,0.0,0.0,0.0,0.0,0.0,0.0,0.0,0.0,0.0,0.0,18,6,0.192,7,34,67.1,68.7,69.9,75.0,1,1,1,1,71.14,HIGH
Student_925,200,66.7,65.5,0.334,2,10,0,0.0,1,0.0,0.0,0.0,0.0,0.0,0.0,0.0,0.0,0.0,0.0,0.0,20,6,0.2495,7,22,74.0,81.7,77.8,72.3,1,1,1,1,75.62,MEDIUM
Student_926,200,41.5,44.0,0.208,0,14,20,44.8,5,7.1,0.0,0.0,0.0,15.3,0.0,11.5,0.0,5.1,0.0,5.8,4,1,0.6316,15,10,70.9,68.6,66.5,0.0,1,1,1,0,68.67,HIGH
Student_927,200,49.2,53.8,0.246,1,12,28,99.7,5,0.0,23.6,0.0,7.3,15.8,0.0,0.0,27.8,25.2,0.0,0.0,25,9,0.8854,23,3,85.1,87.0,89.3,0.0,1,1,1,0,87.13,LOW
Student_928,300,237.3,70.0,0.791,0,12,71,271.4,9,22.6,16.4,3.8,34.2,78.3,0.0,10.0,56.7,35.4,14.0,0.0,23,13,0.597,23,17,88.2,78.1,82.6,83.4,1,1,1,1,83.14,MEDIUM
Student_929,400,164.3,66.0,0.411,1,18,67,186.0,5,0.0,0.0,0.0,66.6,32.0,0.0,29.5,41.1,16.8,0.0,0.0,8,4,0.5876,31,22,77.3,85.3,76.5,75.7,1,1,1,1,78.1,MEDIUM
Student_930,200,28.0,48.1,0.14,1,14,5,10.0,3,5.4,0.0,0.0,0.0,0.0,0.0,0.0,0.0,0.6,0.0,4.1,14,7,0.5616,15,12,57.6,57.0,54.2,53.9,1,1,1,1,55.32,HIGH
Student_931,300,49.6,41.0,0.165,2,23,6,27.4,0,0.0,0.0,0.0,0.0,0.0,0.0,0.0,0.0,0.0,0.0,0.0,4,1,0.2102,8,31,74.4,73.3,77.5,0.0,1,1,1,0,75.07,MEDIUM
Student_932,240,36.3,41.4,0.151,0,17,1,2.6,2,0.0,1.2,0.0,0.0,0.0,1.4,0.0,0.0,0.0,0.0,0.0,6,3,0.9356,27,2,71.5,64.3,63.6,68.4,1,1,1,1,67.24,HIGH
Student_933,300,9.1,18.2,0.03,0,36,11,22.0,3,0.0,1.5,0.0,0.0,0.0,0.0,0.0,8.5,0.0,12.0,0.0,0,0,0.3896,17,27,70.9,68.1,72.6,73.2,1,1,1,1,71.6,HIGH
Student_934,400,204.9,86.0,0.512,0,7,77,304.3,5,83.2,0.0,147.2,32.4,0.0,0.0,0.0,30.3,0.0,11.2,0.0,4,1,0.3291,16,34,95.4,100.0,94.1,99.0,1,1,1,1,97.5,LOW
Student_935,240,262.6,100.0,1.094,0,0,10,16.8,5,0.0,4.9,0.0,0.0,0.0,2.4,4.5,2.8,2.2,0.0,0.0,4,2,0.9693,32,2,100.0,97.1,90.3,100.0,1,1,1,1,97.48,LOW
Student_936,600,52.6,24.6,0.088,0,52,17,37.3,5,17.9,12.8,0.0,1.9,0.0,0.0,0.0,2.0,0.0,0.0,2.6,5,2,0.5865,40,29,75.2,84.1,79.9,0.0,1,1,1,0,79.73,MEDIUM
Student_937,200,32.6,40.0,0.163,0,15,23,40.2,2,0.0,3.0,0.0,37.2,0.0,0.0,0.0,0.0,0.0,0.0,0.0,10,4,0.2024,5,20,75.1,80.2,73.7,0.0,1,1,1,0,76.33,MEDIUM
Student_938,300,48.4,38.6,0.161,0,27,18,67.6,6,0.0,2.3,2.5,12.3,0.0,0.0,17.2,21.1,0.0,0.0,12.1,10,2,0.2096,9,35,79.3,77.3,85.3,86.6,1,1,1,1,83.02,MEDIUM
Student_939,486,253.9,74.2,0.522,0,16,33,80.8,5,14.1,0.0,0.0,15.5,8.8,0.0,0.0,36.7,0.0,0.0,5.7,49,33,0.7532,46,16,77.1,82.0,92.1,89.5,1,1,1,1,86.04,LOW
Student_940,300,325.7,95.5,1.086,0,2,30,146.4,10,8.0,21.0,6.9,16.8,14.3,17.2,27.2,0.0,14.6,5.9,14.6,35,20,0.6647,29,15,97.8,94.5,100.0,94.7,1,1,1,1,96.34,LOW
Student_941,200,11.7,32.0,0.058,2,17,8,28.7,3,0.0,0.0,0.0,0.0,0.0,8.3,0.0,10.7,0.0,0.0,9.7,3,1,0.0888,2,23,74.9,78.9,80.9,78.6,1,1,1,1,78.38,MEDIUM
Student_942,600,113.1,50.0,0.188,6,39,13,31.1,3,0.0,10.3,15.6,0.0,0.0,0.0,5.1,0.0,0.0,0.0,0.0,3,1,0.6959,54,24,51.7,58.1,62.5,0.0,1,1,1,0,57.43,HIGH
Student_943,240,88.7,61.3,0.37,0,12,10,39.0,3,24.5,0.0,0.0,10.4,0.0,0.0,0.0,0.0,0.0,4.1,0.0,16,7,0.7068,21,10,66.5,83.0,78.3,66.9,1,1,1,1,72.32,HIGH
Student_944,300,6.3,18.9,0.021,2,30,10,28.1,3,0.0,25.8,0.0,1.6,0.0,0.0,0.0,0.7,0.0,0.0,0.0,4,1,0.3386,12,25,71.6,73.1,68.4,62.0,1,1,1,1,67.42,HIGH
Student_945,600,150.7,56.2,0.251,0,32,11,17.8,3,5.6,0.0,0.0,4.7,0.0,0.0,7.5,0.0,0.0,0.0,0.0,6,2,0.3474,25,48,74.6,72.7,74.2,69.1,1,1,1,1,71.94,HIGH
Student_946,200,8.3,17.2,0.042,0,24,1,4.1,2,0.0,0.0,0.0,1.7,0.0,2.4,0.0,0.0,0.0,0.0,0.0,3,1,0.0926,2,27,71.7,75.0,72.3,0.0,1,1,1,0,73.0,HIGH
Student_947,486,70.9,35.0,0.146,2,39,10,20.3,2,0.0,0.0,8.5,11.8,0.0,0.0,0.0,0.0,0.0,0.0,0.0,12,8,0.8782,52,8,81.2,81.3,82.3,0.0,1,1,1,0,81.6,MEDIUM
Student_948,486,88.1,38.9,0.181,4,44,14,48.2,1,0.0,0.0,0.0,0.0,0.0,0.0,48.2,0.0,0.0,0.0,0.0,3,1,0.3992,28,44,63.5,60.0,54.2,71.2,1,1,1,1,64.02,HIGH
Student_949,240,233.2,87.5,0.972,0,4,33,84.6,5,0.0,0.0,0.0,9.4,0.0,0.0,14.4,33.8,0.0,12.7,14.4,15,4,0.43,13,19,81.3,84.9,86.5,79.5,1,1,1,1,82.34,MEDIUM
Student_950,300,55.6,47.4,0.185,1,20,22,58.0,3,0.0,0.0,0.0,0.0,5.5,0.0,0.0,0.0,45.1,7.4,0.0,10,3,0.905,34,4,82.0,80.7,80.0,80.2,1,1,1,1,80.62,MEDIUM
Student_951,486,22.8,15.9,0.047,0,58,12,51.8,0,0.0,0.0,0.0,0.0,0.0,0.0,0.0,0.0,0.0,0.0,0.0,5,2,0.1937,13,56,53.2,74.3,63.0,62.4,1,1,1,1,63.06,HIGH
Student_952,200,99.4,65.5,0.497,2,10,33,101.5,3,0.0,0.0,32.2,0.0,0.0,0.0,55.7,0.0,0.0,13.6,0.0,4,1,0.5239,15,14,78.6,82.8,80.8,78.8,1,1,1,1,79.96,MEDIUM
Student_953,240,75.8,75.9,0.316,1,7,57,203.3,5,82.1,0.0,44.0,0.0,2.7,0.0,31.0,0.0,0.0,0.0,43.5,1,0,0.3352,9,20,81.4,74.4,78.0,72.9,1,1,1,1,75.92,MEDIUM
Student_954,300,167.3,78.0,0.558,0,9,41,173.0,6,0.0,26.5,10.6,0.0,61.6,34.0,0.0,2.0,0.0,38.2,0.0,2,0,0.9319,38,3,90.1,98.7,84.2,92.2,1,1,1,1,91.48,LOW
Student_955,600,65.6,22.1,0.109,2,67,19,80.7,4,0.0,11.5,0.0,0.0,8.8,0.0,0.0,0.0,34.6,0.0,25.8,5,1,0.3666,31,55,65.3,63.2,73.8,75.1,1,1,1,1,70.5,HIGH
Student_956,600,77.8,30.4,0.13,2,48,31,145.4,3,0.0,0.0,0.0,78.8,0.0,0.0,0.0,53.3,0.0,13.4,0.0,2,1,0.6968,48,21,64.6,72.7,64.8,0.0,1,1,1,0,67.37,HIGH
Student_957,486,128.2,58.9,0.264,2,23,26,88.8,4,24.1,26.8,0.0,25.7,0.0,0.0,0.0,0.0,0.0,12.3,0.0,5,2,0.7905,44,12,76.8,76.9,83.5,67.3,1,1,1,1,74.36,HIGH
Student_958,300,69.8,40.5,0.233,1,25,51,123.2,6,0.0,16.3,0.0,1.9,0.0,9.8,75.3,0.0,0.0,15.8,4.2,7,1,0.6783,28,14,77.9,80.4,77.8,87.0,1,1,1,1,82.02,MEDIUM
Student_959,240,32.2,30.0,0.134,1,21,16,34.0,3,18.2,0.0,2.5,0.0,13.3,0.0,0.0,0.0,0.0,0.0,0.0,4,2,0.5034,15,15,74.9,73.1,79.2,0.0,1,1,1,0,75.73,MEDIUM
Student_960,300,226.0,87.2,0.753,0,5,46,74.6,5,24.8,7.3,0.0,0.0,22.1,0.0,7.0,0.0,13.4,0.0,0.0,20,5,0.5736,22,17,93.8,94.6,90.4,88.3,1,1,1,1,91.08,LOW
Student_961,600,106.6,43.0,0.178,0,45,23,88.2,2,51.9,0.0,0.0,0.0,0.0,0.0,0.0,36.3,0.0,0.0,0.0,8,3,0.5134,40,39,79.5,72.6,89.6,0.0,1,1,1,0,80.57,MEDIUM
Student_962,300,90.9,59.0,0.303,1,16,17,36.2,5,0.0,0.0,5.7,14.9,0.0,0.3,0.0,9.3,0.0,0.0,6.0,7,2,0.2981,11,28,76.6,85.3,72.4,83.1,1,1,1,1,80.1,MEDIUM
Student_963,600,71.6,27.0,0.119,2,65,12,52.5,3,0.0,0.0,17.0,23.9,0.0,0.0,0.0,11.5,0.0,0.0,0.0,2,1,0.8548,76,13,73.1,73.3,65.5,79.8,1,1,1,1,74.3,HIGH
Student_964,400,96.5,47.3,0.241,0,29,11,25.5,4,17.1,1.4,1.1,5.9,0.0,0.0,0.0,0.0,0.0,0.0,0.0,5,3,0.5429,29,26,54.5,74.1,75.9,74.3,1,1,1,1,70.62,HIGH
Student_965,200,132.6,74.1,0.663,0,7,58,277.9,9,49.5,12.4,11.8,64.1,36.9,20.0,0.0,38.2,19.8,25.3,0.0,1,0,0.6592,17,10,94.1,99.8,94.8,93.4,1,1,1,1,95.1,LOW
Student_966,400,264.1,76.6,0.66,0,11,59,90.6,9,20.0,8.4,0.0,19.9,5.3,4.7,9.4,10.7,0.0,10.4,1.8,16,4,0.801,37,10,84.8,91.1,84.0,79.2,1,1,1,1,83.66,MEDIUM
Student_967,300,48.7,38.1,0.162,0,26,11,46.8,3,0.0,0.0,0.0,0.0,13.7,12.0,0.0,21.1,0.0,0.0,0.0,7,4,0.4851,20,22,89.1,77.4,81.5,79.5,1,1,1,1,81.4,MEDIUM
Student_968,486,138.7,60.0,0.285,6,28,14,53.0,6,0.0,1.1,10.7,0.0,0.0,9.2,0.0,1.6,20.8,0.0,9.5,8,5,0.965,67,3,74.6,66.7,77.6,78.7,1,1,1,1,75.26,MEDIUM
Student_969,200,135.7,82.1,0.678,0,5,40,96.5,6,12.4,0.0,0.0,3.2,33.7,0.0,5.3,20.4,21.5,0.0,0.0,6,1,0.5891,16,12,88.6,93.4,90.8,91.8,1,1,1,1,91.28,LOW
Student_970,600,427.5,85.5,0.712,4,12,13,20.3,3,0.0,0.0,7.0,0.0,0.0,0.0,0.0,7.4,5.8,0.0,0.0,8,5,0.8016,66,17,95.2,97.0,100.0,93.5,1,1,1,1,95.84,LOW
Student_971,240,20.9,24.1,0.087,1,22,33,148.7,4,0.0,0.0,23.9,0.0,0.0,0.0,0.0,48.3,17.4,59.1,0.0,5,1,0.9227,26,3,61.0,70.7,68.4,0.0,1,1,1,0,66.7,HIGH
Student_972,300,126.7,74.3,0.422,0,9,71,154.5,9,0.0,40.7,6.6,5.0,28.7,21.0,8.9,18.7,10.9,0.0,14.0,1,0,0.8409,29,6,97.1,95.8,93.2,99.3,1,1,1,1,96.94,LOW
Student_973,486,56.3,23.2,0.116,2,53,4,17.1,0,0.0,0.0,0.0,0.0,0.0,0.0,0.0,0.0,0.0,0.0,0.0,25,6,0.4146,28,41,78.3,74.9,77.4,78.7,1,1,1,1,77.6,MEDIUM
Student_974,300,63.6,52.9,0.212,0,16,14,66.7,2,0.0,0.0,0.0,0.0,0.0,42.5,0.0,0.0,0.0,0.0,24.2,3,1,0.7875,26,8,72.9,76.8,68.2,0.0,1,1,1,0,72.63,HIGH
Student_975,400,48.6,26.9,0.122,2,38,12,57.7,6,1.8,12.8,0.0,0.0,0.0,11.2,0.6,0.0,0.0,1.7,29.6,4,2,0.5558,28,24,68.4,83.9,74.9,74.9,1,1,1,1,75.4,MEDIUM
Student_976,200,73.5,64.0,0.368,0,9,69,337.6,10,51.4,22.2,0.0,5.9,41.3,22.7,100.9,4.9,54.1,11.4,22.9,3,1,0.4374,10,15,73.1,87.6,80.9,73.3,1,1,1,1,77.64,MEDIUM
Student_977,300,107.2,55.8,0.357,1,19,9,41.2,1,0.0,0.0,0.0,0.0,0.0,0.0,0.0,0.0,0.0,0.0,41.2,13,5,0.6654,28,15,71.9,66.8,66.2,78.4,1,1,1,1,72.34,HIGH
Student_978,600,70.7,32.4,0.118,0,48,28,87.8,4,37.1,7.6,0.0,0.0,0.0,0.0,0.0,0.0,26.8,16.3,0.0,7,4,0.639,45,26,56.3,55.1,50.0,0.0,1,1,1,0,53.8,HIGH
Student_979,400,167.1,65.2,0.418,1,16,30,67.9,6,0.0,21.2,3.0,7.3,0.0,7.7,0.0,17.9,0.0,0.0,10.8,18,4,0.2005,9,37,85.2,84.0,88.4,82.1,1,1,1,1,84.36,MEDIUM
Student_980,300,122.7,82.1,0.409,0,7,63,215.0,7,6.4,50.5,15.0,0.0,0.0,15.1,28.4,23.9,0.0,75.8,0.0,1,0,0.9608,37,2,76.9,73.1,77.8,82.7,1,1,1,1,78.64,MEDIUM
Student_981,400,201.2,72.9,0.503,0,13,54,167.9,8,0.0,29.6,25.1,37.9,2.6,11.2,41.1,0.0,9.5,10.9,0.0,12,3,0.4704,22,26,91.9,95.1,91.8,82.8,1,1,1,1,88.88,LOW
Student_982,240,80.1,54.8,0.334,1,14,34,162.2,2,0.0,79.2,0.0,0.0,83.0,0.0,0.0,0.0,0.0,0.0,0.0,6,1,0.6999,21,10,76.6,76.6,78.3,73.1,1,1,1,1,75.54,MEDIUM
Student_983,240,5.1,16.7,0.021,0,25,9,21.2,0,0.0,0.0,0.0,0.0,0.0,0.0,0.0,0.0,0.0,0.0,0.0,2,0,0.889,26,4,64.3,58.9,66.9,0.0,1,1,1,0,63.37,HIGH
Student_984,200,114.3,80.0,0.572,0,5,77,347.5,10,4.2,27.3,89.0,38.9,27.8,27.4,38.1,56.1,20.2,18.5,0.0,11,3,0.8748,21,4,100.0,92.9,95.8,99.4,1,1,1,1,97.5,LOW
Student_985,200,52.0,60.0,0.26,1,10,10,25.7,3,0.0,6.3,0.0,0.0,0.0,0.0,3.7,0.0,0.0,0.0,15.7,3,0,0.9418,23,2,63.6,75.9,76.0,83.8,1,1,1,1,76.62,MEDIUM
Student_986,200,149.5,76.0,0.748,0,6,29,117.1,9,22.1,0.0,1.3,0.0,9.9,26.5,12.4,10.1,27.1,0.6,7.1,3,1,0.7541,18,7,97.1,91.3,100.0,92.3,1,1,1,1,94.6,LOW
Student_987,240,34.9,37.0,0.145,1,17,32,99.0,2,42.4,0.0,0.0,0.0,0.0,0.0,0.0,0.0,0.0,0.0,56.6,3,1,0.3044,8,19,91.1,80.0,84.5,88.6,1,1,1,1,86.56,LOW
Student_988,600,101.7,44.7,0.17,0,42,6,15.4,1,0.0,0.0,0.0,0.0,0.0,0.0,0.0,15.4,0.0,0.0,0.0,2,0,0.3431,26,50,86.7,88.8,83.9,78.9,1,1,1,1,83.44,MEDIUM
Student_989,240,171.7,82.9,0.715,1,6,65,132.2,5,0.0,0.0,0.0,3.2,0.0,10.5,25.5,54.8,0.0,38.2,0.0,2,0,0.4267,14,21,89.1,82.9,89.2,92.2,1,1,1,1,89.12,LOW
Student_990,200,94.7,63.0,0.474,0,10,20,83.0,5,5.2,0.0,0.0,0.0,5.5,0.0,0.0,0.0,17.1,22.6,32.6,3,0,0.94,25,2,75.0,70.0,67.8,69.4,1,1,1,1,70.32,HIGH
Student_991,300,252.3,90.2,0.841,0,4,79,359.4,5,80.9,0.0,0.0,0.0,55.6,8.6,0.0,69.1,0.0,0.0,145.1,3,2,0.935,38,3,94.4,96.2,95.0,87.2,1,1,1,1,92.0,LOW
Student_992,300,81.9,48.8,0.273,1,22,25,90.6,2,0.0,0.0,0.0,0.0,0.0,0.0,0.0,0.0,15.9,74.7,0.0,6,2,0.663,28,15,85.2,82.5,84.6,87.0,1,1,1,1,85.26,LOW
Student_993,600,503.0,88.0,0.838,0,10,56,163.5,7,0.0,6.6,0.0,60.5,0.0,9.4,23.4,0.0,30.8,16.1,16.8,28,5,0.5037,41,42,93.6,87.8,84.9,89.7,1,1,1,1,89.14,LOW
Student_994,600,20.5,15.1,0.034,0,62,13,59.0,2,0.0,0.0,0.0,0.0,0.0,44.1,14.9,0.0,0.0,0.0,0.0,13,6,0.6198,45,28,71.8,69.4,66.8,0.0,1,1,1,0,69.33,HIGH
Student_995,600,375.3,80.9,0.626,1,17,64,147.0,7,36.4,23.9,18.1,16.4,0.0,20.9,0.0,15.5,0.0,15.8,0.0,2,1,0.3413,30,59,90.7,96.0,99.4,90.0,1,1,1,1,93.22,LOW
Student_996,486,258.6,74.6,0.532,0,17,70,198.5,7,0.0,11.3,88.6,0.8,0.0,7.9,4.7,17.4,67.8,0.0,0.0,8,3,0.9223,61,6,92.3,96.2,87.2,88.2,1,1,1,1,90.42,LOW
Student_997,600,580.7,96.6,0.968,0,3,68,283.0,8,27.7,0.0,1.6,0.8,35.4,0.0,53.5,11.5,0.0,102.6,49.9,6,3,0.6615,58,31,94.6,87.0,89.0,97.1,1,1,1,1,92.96,LOW
Student_998,600,14.7,15.9,0.024,1,58,8,23.5,2,0.0,0.0,0.0,0.0,0.0,0.0,0.0,6.4,0.0,17.1,0.0,12,7,0.2824,19,50,54.5,71.3,67.6,0.0,1,1,1,0,64.47,HIGH
Student_999,600,183.1,65.8,0.305,2,27,66,263.7,9,0.0,15.1,7.8,25.7,0.0,37.1,4.0,87.4,10.7,67.8,8.2,3,1,0.7079,55,24,80.4,91.2,83.4,83.5,1,1,1,1,84.4,MEDIUM
Student_1000,486,433.1,95.3,0.891,0,3,29,75.4,5,0.0,12.7,0.0,0.0,26.5,2.7,19.3,0.0,14.1,0.0,0.0,10,6,0.9846,63,1,88.4,100.0,86.2,86.4,1,1,1,1,89.48,LOW
