Student,required_hours,total_hours_completed,attendance_rate,hours_completed_ratio,late_count,absent_count,total_tasks_logged,total_task_hours,number_of_distinct_competencies,hours_software_development,hours_machine_learning_engineering,hours_it_related_research,hours_ux_ui_design,hours_information_security_analysis,hours_networking,hours_technical_support,hours_data_analysis,hours_customer_service,hours_data_entry_management,hours_office_work,total_chatbot_queries,chatbot_queries_last_30_days,weekly_progress_grade,narrative_report_grade,coordinator_eval_grade,supervisor_eval_grade,has_weekly_progress_grade,has_narrative_report_grade,has_coordinator_eval_grade,has_supervisor_eval_grade,final_ojt_grade,risk_level
Student_1,486,275.3,98.5,0.566,1,1,76,377.6,6,0.0,64.2,0.0,67.2,121.3,0.0,7.4,0.0,58.4,59.1,0.0,8,3,56.5,76.8,83.1,90.3,1,1,1,1,79.4,MEDIUM
Student_2,300,7.1,10.0,0.024,0,36,2,5.2,0,0.0,0.0,0.0,0.0,0.0,0.0,0.0,0.0,0.0,0.0,0.0,4,1,50.0,50.0,50.0,50.0,1,1,1,1,50.0,HIGH
Student_3,400,21.1,23.6,0.053,0,42,13,46.0,1,0.0,0.0,0.0,0.0,46.0,0.0,0.0,0.0,0.0,0.0,0.0,0,0,50.0,50.0,50.0,0.0,1,1,1,0,30.0,HIGH
Student_4,486,104.8,42.6,0.216,3,35,33,103.3,4,0.0,9.6,0.0,0.0,0.0,0.0,30.1,20.7,42.8,0.0,0.0,2,0,50.0,58.6,71.0,0.0,1,1,1,0,35.92,HIGH
Student_5,300,81.9,61.8,0.273,0,13,14,63.2,6,1.5,0.0,0.0,18.0,9.9,0.0,6.5,18.8,8.5,0.0,0.0,13,9,50.0,74.1,78.4,57.8,1,1,1,1,63.62,HIGH
Student_6,486,179.1,65.5,0.369,1,19,45,160.5,6,84.0,10.7,23.4,28.9,0.0,0.0,5.0,0.0,0.0,8.5,0.0,15,8,59.4,64.8,74.4,75.0,1,1,1,1,69.72,HIGH
Student_7,400,84.4,43.8,0.211,1,27,7,11.7,0,0.0,0.0,0.0,0.0,0.0,0.0,0.0,0.0,0.0,0.0,0.0,5,2,50.0,50.0,50.0,50.3,1,1,1,1,50.12,HIGH
Student_8,600,94.8,38.6,0.158,3,43,13,47.9,4,0.0,19.3,1.6,20.6,0.0,6.4,0.0,0.0,0.0,0.0,0.0,3,1,50.0,75.8,72.9,51.2,1,1,1,1,60.22,HIGH
Student_9,240,4.3,22.2,0.018,0,21,2,3.8,1,0.0,0.0,0.0,0.0,0.0,0.0,0.0,0.0,0.0,3.8,0.0,3,1,50.0,50.0,50.0,50.0,1,1,1,1,50.0,HIGH
Student_10,240,202.7,91.2,0.845,1,3,56,137.3,7,35.4,27.0,14.4,0.0,0.0,9.3,0.0,33.9,0.0,7.0,10.4,28,16,88.4,96.2,100.0,97.3,1,1,1,1,95.84,LOW
Student_11,240,1.1,5.9,0.005,0,32,12,27.4,0,0.0,0.0,0.0,0.0,0.0,0.0,0.0,0.0,0.0,0.0,0.0,4,1,50.0,50.0,50.0,0.0,1,1,1,0,30.0,HIGH
Student_12,600,307.5,72.6,0.512,3,20,52,165.5,8,6.6,18.0,0.0,11.7,24.7,44.9,19.8,0.0,30.0,0.0,9.8,18,8,72.3,96.8,78.4,85.0,1,1,1,1,83.5,MEDIUM
Student_13,486,78.4,30.9,0.161,1,47,12,57.4,5,0.0,0.0,9.2,0.0,25.5,0.0,10.9,4.4,0.0,0.0,7.3,4,2,50.0,50.0,50.0,50.0,1,1,1,1,50.0,HIGH
Student_14,200,13.8,28.0,0.069,0,18,8,25.2,2,0.0,0.0,0.0,0.0,0.0,0.0,0.0,0.0,0.0,11.7,13.5,2,0,50.0,50.0,50.0,50.0,1,1,1,1,50.0,HIGH
Student_15,240,3.9,14.7,0.016,0,29,4,15.7,3,0.0,2.0,0.0,6.1,0.0,0.0,7.6,0.0,0.0,0.0,0.0,2,0,50.0,50.0,50.0,0.0,1,1,1,0,30.0,HIGH
Student_16,300,6.8,14.3,0.023,1,30,9,38.2,2,9.5,0.0,0.0,0.0,28.7,0.0,0.0,0.0,0.0,0.0,0.0,2,1,50.0,50.0,50.0,50.0,1,1,1,1,50.0,HIGH
Student_17,200,89.7,65.4,0.448,0,9,77,227.6,10,9.7,27.0,3.1,7.6,0.0,2.3,52.0,6.1,55.0,43.1,21.7,2,0,73.9,93.1,92.7,68.1,1,1,1,1,79.18,MEDIUM
Student_18,486,75.8,40.0,0.156,1,36,12,36.1,0,0.0,0.0,0.0,0.0,0.0,0.0,0.0,0.0,0.0,0.0,0.0,2,0,50.0,62.5,52.2,50.0,1,1,1,1,52.94,HIGH
Student_19,486,12.0,30.9,0.025,0,38,5,15.9,2,0.0,0.0,0.0,5.7,0.0,0.0,10.2,0.0,0.0,0.0,0.0,4,1,50.0,50.0,50.0,50.0,1,1,1,1,50.0,HIGH
Student_20,200,31.1,33.3,0.156,1,18,34,56.7,6,1.1,4.9,16.2,14.5,0.0,5.9,14.0,0.0,0.0,0.0,0.0,8,3,50.0,50.0,50.0,50.0,1,1,1,1,50.0,HIGH
Student_21,240,99.9,74.2,0.416,2,8,67,291.1,9,31.4,18.6,13.9,11.8,0.0,75.5,33.2,13.8,5.6,87.1,0.0,9,4,73.4,55.6,60.6,98.7,1,1,1,1,77.4,MEDIUM
Student_22,600,460.8,87.3,0.768,0,10,55,131.7,6,1.1,7.6,0.0,0.0,20.0,86.3,0.0,0.0,0.0,12.4,4.3,5,1,87.5,93.1,72.6,80.0,1,1,1,1,82.64,MEDIUM
Student_23,300,120.3,63.6,0.401,0,16,18,31.4,4,6.7,0.0,0.0,16.1,0.0,0.0,7.5,0.0,1.1,0.0,0.0,8,3,50.0,75.5,73.3,65.4,1,1,1,1,65.92,HIGH
Student_24,486,236.1,73.2,0.486,3,15,31,112.5,4,0.0,0.0,18.8,0.0,0.0,36.5,0.0,47.5,9.7,0.0,0.0,8,3,50.0,98.6,94.4,84.1,1,1,1,1,82.24,MEDIUM
Student_25,400,178.6,73.7,0.446,3,15,56,178.0,6,0.0,36.7,0.0,0.0,37.0,0.0,38.9,0.0,54.9,2.1,8.6,9,2,79.3,73.7,72.1,82.9,1,1,1,1,78.18,MEDIUM
Student_26,400,223.5,70.4,0.559,0,16,64,273.4,7,102.3,54.1,0.0,19.1,17.1,0.0,0.0,59.9,0.0,5.2,15.7,6,1,72.4,100.0,97.5,86.0,1,1,1,1,88.38,LOW
Student_27,200,177.1,89.7,0.886,0,3,74,230.5,8,12.6,0.0,38.4,0.4,21.9,0.0,27.8,0.0,56.3,60.4,12.7,10,5,82.9,100.0,97.1,88.0,1,1,1,1,91.2,LOW
Student_28,240,17.2,21.9,0.072,0,25,3,8.4,1,0.0,0.0,0.0,0.0,8.4,0.0,0.0,0.0,0.0,0.0,0.0,3,1,50.0,50.0,50.0,50.0,1,1,1,1,50.0,HIGH
Student_29,486,0.0,0.0,0.0,0,67,22,55.9,4,0.0,0.0,3.7,12.9,0.0,7.5,0.0,0.0,0.0,31.8,0.0,2,1,50.0,50.0,50.0,50.0,1,1,1,1,50.0,HIGH
Student_30,300,19.1,22.9,0.064,0,27,22,88.7,2,57.8,0.0,0.0,0.0,30.9,0.0,0.0,0.0,0.0,0.0,0.0,5,2,50.0,50.0,50.0,0.0,1,1,1,0,30.0,HIGH
Student_31,300,74.2,52.4,0.247,0,20,62,308.1,9,30.2,47.4,14.6,29.0,16.6,5.7,0.0,92.4,0.0,24.0,48.2,14,2,50.0,62.4,68.6,0.0,1,1,1,0,36.2,HIGH
Student_32,400,158.1,73.3,0.395,1,12,76,127.9,7,18.4,0.0,0.6,8.9,0.0,19.0,28.2,48.5,0.0,0.0,4.3,5,2,66.8,85.9,71.0,86.0,1,1,1,1,79.14,MEDIUM
Student_33,600,221.0,62.4,0.368,2,32,28,92.9,3,0.0,18.2,0.0,0.0,0.0,0.0,24.5,50.2,0.0,0.0,0.0,13,7,50.0,61.2,58.6,65.6,1,1,1,1,60.2,HIGH
Student_34,600,166.4,62.0,0.277,1,30,32,121.3,2,0.0,0.0,0.0,0.0,0.0,0.0,52.3,0.0,69.0,0.0,0.0,0,0,50.0,53.0,50.0,57.6,1,1,1,1,53.64,HIGH
Student_35,400,150.5,60.8,0.376,0,20,30,70.2,5,0.0,0.0,0.0,21.8,8.6,16.4,18.2,5.1,0.0,0.0,0.0,5,2,50.0,75.5,58.1,80.7,1,1,1,1,69.0,HIGH
Student_36,240,157.9,100.0,0.658,0,0,32,94.2,9,11.5,1.2,31.8,0.0,14.7,5.7,11.2,15.8,0.8,1.5,0.0,9,5,76.8,87.2,98.5,87.1,1,1,1,1,87.34,LOW
Student_37,300,109.1,65.9,0.364,0,15,30,137.3,4,0.0,5.7,0.0,0.0,28.4,0.0,0.0,0.0,0.0,43.0,60.2,7,4,51.0,73.5,71.9,61.9,1,1,1,1,64.04,HIGH
Student_38,400,106.1,50.0,0.265,0,27,21,66.4,4,0.0,8.4,0.0,0.0,27.7,0.0,13.0,0.0,17.3,0.0,0.0,7,3,50.0,50.0,50.0,56.4,1,1,1,1,52.56,HIGH
Student_39,200,25.1,32.1,0.126,1,19,6,16.8,0,0.0,0.0,0.0,0.0,0.0,0.0,0.0,0.0,0.0,0.0,0.0,4,0,50.0,50.0,50.0,50.0,1,1,1,1,50.0,HIGH
Student_40,240,109.0,78.6,0.454,0,6,49,88.0,7,0.0,16.5,5.3,16.9,0.0,33.5,0.0,5.5,1.3,9.0,0.0,8,2,68.5,54.3,80.1,80.7,1,1,1,1,72.86,HIGH
Student_41,200,64.5,40.7,0.322,0,16,22,35.1,4,5.8,0.0,0.0,0.0,21.5,0.0,0.0,0.0,3.8,4.1,0.0,3,0,50.0,60.3,59.7,50.4,1,1,1,1,54.16,HIGH
Student_42,486,274.3,84.5,0.564,0,9,59,189.5,7,0.0,0.0,0.0,21.0,6.2,27.7,12.1,0.0,79.9,27.4,15.2,39,24,81.5,76.7,79.4,92.6,1,1,1,1,84.56,MEDIUM
Student_43,200,72.7,72.0,0.364,2,7,51,254.3,5,0.0,35.7,0.0,46.8,123.7,0.0,38.1,10.1,0.0,0.0,0.0,9,6,50.0,50.0,53.0,77.9,1,1,1,1,61.76,HIGH
Student_44,300,52.7,42.5,0.176,1,23,12,51.9,6,7.8,0.0,0.0,19.4,1.0,0.0,3.3,0.0,4.2,16.3,0.0,4,0,50.0,50.0,50.0,50.0,1,1,1,1,50.0,HIGH
Student_45,600,451.6,82.6,0.753,0,12,32,134.8,6,18.6,0.0,32.9,13.8,5.6,34.6,0.0,0.0,0.0,0.0,29.3,7,4,72.4,83.6,82.1,96.3,1,1,1,1,86.14,LOW
Student_46,300,143.7,73.2,0.479,0,11,44,213.3,8,15.9,0.0,0.0,37.8,4.5,24.8,46.8,15.7,0.0,41.1,26.7,17,4,62.5,87.9,87.1,94.3,1,1,1,1,85.22,LOW
Student_47,486,11.5,17.5,0.024,1,52,14,27.2,0,0.0,0.0,0.0,0.0,0.0,0.0,0.0,0.0,0.0,0.0,0.0,10,2,50.0,50.0,50.0,50.0,1,1,1,1,50.0,HIGH
Student_48,200,79.3,65.4,0.396,0,9,51,87.2,9,2.0,6.7,10.7,0.0,5.7,16.5,14.2,13.0,7.2,0.0,11.2,7,1,50.0,63.5,58.1,74.1,1,1,1,1,63.96,HIGH
Student_49,600,198.2,54.4,0.33,0,36,77,168.6,10,51.5,13.9,4.8,20.5,11.4,6.9,19.8,0.0,10.1,13.6,16.2,6,3,50.0,73.7,70.5,63.5,1,1,1,1,64.24,HIGH
Student_50,300,23.1,22.7,0.077,0,34,9,44.8,1,0.0,0.0,44.8,0.0,0.0,0.0,0.0,0.0,0.0,0.0,0.0,0,0,50.0,50.0,50.0,50.0,1,1,1,1,50.0,HIGH
Student_51,300,92.4,48.6,0.308,0,18,16,40.6,4,0.0,10.1,0.0,0.0,0.0,0.0,4.3,21.7,0.0,4.5,0.0,19,8,50.0,87.6,85.9,55.2,1,1,1,1,66.78,HIGH
Student_52,486,14.0,23.3,0.029,1,46,10,43.6,0,0.0,0.0,0.0,0.0,0.0,0.0,0.0,0.0,0.0,0.0,0.0,9,5,50.0,50.0,50.0,0.0,1,1,1,0,30.0,HIGH
Student_53,200,154.8,92.0,0.774,0,2,67,266.6,6,0.0,0.0,76.7,63.2,10.9,8.6,0.0,0.0,0.0,23.5,83.6,4,2,88.1,81.6,91.3,100.0,1,1,1,1,92.2,LOW
Student_54,200,57.8,61.5,0.289,2,10,30,116.1,5,0.0,0.0,0.0,31.5,0.0,0.0,21.3,0.0,25.7,27.5,10.1,8,3,50.0,55.5,61.0,63.7,1,1,1,1,58.78,HIGH
Student_55,600,483.0,82.4,0.805,2,15,78,268.7,6,0.0,27.0,0.0,0.0,38.6,30.1,29.4,96.4,0.0,0.0,47.2,12,4,82.0,100.0,92.1,84.9,1,1,1,1,88.78,LOW
Student_56,486,255.4,86.0,0.526,0,8,27,99.8,7,0.0,7.9,25.8,0.0,18.6,22.1,0.0,6.2,0.0,8.1,11.2,5,3,60.4,94.8,79.4,93.2,1,1,1,1,84.2,MEDIUM
Student_57,240,81.2,63.3,0.338,0,11,22,52.5,6,0.0,3.2,0.0,13.9,0.0,14.2,4.8,0.0,0.0,3.3,13.1,5,2,50.0,67.0,66.1,69.9,1,1,1,1,64.58,HIGH
Student_58,240,248.9,100.0,1.037,0,0,54,148.5,7,4.8,18.4,15.6,0.0,0.0,1.9,28.8,0.0,0.0,24.7,54.3,11,4,95.3,100.0,95.3,100.0,1,1,1,1,98.12,LOW
Student_59,600,238.4,70.1,0.397,0,20,28,80.3,6,0.0,2.9,14.2,23.5,15.2,19.8,0.0,0.0,0.0,4.7,0.0,4,2,65.2,95.9,98.6,94.4,1,1,1,1,89.7,LOW
Student_60,240,7.7,13.8,0.032,0,25,5,21.4,1,0.0,0.0,0.0,21.4,0.0,0.0,0.0,0.0,0.0,0.0,0.0,4,1,50.0,50.0,50.0,0.0,1,1,1,0,30.0,HIGH
Student_61,300,201.9,80.5,0.673,1,8,71,199.3,8,28.4,0.0,15.6,44.7,6.3,36.7,11.0,0.0,0.0,24.6,31.9,10,4,87.1,75.3,78.0,90.9,1,1,1,1,84.44,MEDIUM
Student_62,400,259.8,85.5,0.65,5,8,20,68.5,4,0.0,2.7,0.0,19.4,0.0,0.0,0.0,20.7,25.7,0.0,0.0,13,4,50.0,100.0,91.2,74.9,1,1,1,1,78.2,MEDIUM
Student_63,600,270.3,72.7,0.45,1,21,69,274.2,10,3.3,9.1,56.7,48.6,31.2,34.5,37.3,23.7,22.6,7.2,0.0,5,2,53.1,70.8,72.0,73.3,1,1,1,1,68.5,HIGH
Student_64,240,132.5,86.7,0.552,0,4,28,96.4,9,10.9,13.4,0.5,0.0,9.6,10.4,0.0,10.7,6.2,13.5,21.2,1,0,69.4,85.6,75.6,88.2,1,1,1,1,81.4,MEDIUM
Student_65,300,111.5,76.2,0.372,3,10,50,223.3,5,0.0,55.9,4.9,0.0,0.0,55.1,0.0,13.7,93.7,0.0,0.0,23,5,50.0,79.7,61.5,69.0,1,1,1,1,65.84,HIGH
Student_66,240,99.7,70.6,0.415,0,10,24,103.5,2,31.7,0.0,0.0,0.0,0.0,0.0,71.8,0.0,0.0,0.0,0.0,8,3,52.8,64.6,73.5,73.8,1,1,1,1,67.7,HIGH
Student_67,200,108.4,62.1,0.542,1,11,31,133.3,5,5.2,36.5,14.5,0.0,0.0,0.0,0.0,0.0,0.0,48.1,29.1,7,4,62.6,56.1,79.0,78.9,1,1,1,1,71.1,HIGH
Student_68,300,86.6,54.1,0.289,1,17,25,42.2,3,0.0,5.1,5.6,0.0,0.0,0.0,0.0,0.0,0.0,31.5,0.0,3,1,50.0,50.0,50.0,56.4,1,1,1,1,52.56,HIGH
Student_69,240,162.3,66.7,0.676,0,11,43,134.6,9,37.0,16.5,4.6,17.7,27.0,2.6,7.8,9.4,0.0,11.9,0.0,3,1,70.7,94.7,77.3,84.6,1,1,1,1,82.38,MEDIUM
Student_70,200,70.2,84.0,0.351,1,4,21,50.7,3,0.0,0.0,0.0,0.0,6.1,0.0,17.0,0.0,0.0,27.6,0.0,5,2,50.0,50.0,67.8,66.9,1,1,1,1,60.32,HIGH
Student_71,400,275.6,93.9,0.689,0,3,31,126.2,8,14.9,7.6,7.7,0.0,19.4,0.0,3.2,18.1,39.9,0.0,15.4,2,0,69.2,100.0,99.5,100.0,1,1,1,1,93.74,LOW
Student_72,400,76.9,42.2,0.192,2,26,28,49.5,6,0.0,0.0,14.7,5.3,4.7,0.0,8.3,0.0,8.0,0.0,8.5,2,0,50.0,75.5,78.1,50.0,1,1,1,1,60.72,HIGH
Student_73,300,57.8,42.9,0.193,1,24,32,155.8,4,7.0,82.5,52.7,0.0,0.0,0.0,0.0,0.0,13.6,0.0,0.0,11,3,50.0,64.4,52.2,54.4,1,1,1,1,55.08,HIGH
Student_74,400,33.5,25.5,0.084,2,38,7,21.1,0,0.0,0.0,0.0,0.0,0.0,0.0,0.0,0.0,0.0,0.0,0.0,1,0,50.0,50.0,50.0,0.0,1,1,1,0,30.0,HIGH
Student_75,600,367.9,77.9,0.613,0,17,17,37.3,2,0.0,0.0,0.0,0.0,0.0,0.0,0.0,34.2,0.0,0.0,3.1,16,4,56.1,86.6,89.8,78.3,1,1,1,1,77.82,MEDIUM
Student_76,600,287.6,69.0,0.479,0,27,57,87.8,9,10.2,11.9,6.3,0.0,7.1,5.0,9.1,19.9,6.3,0.0,12.0,9,5,66.9,76.3,73.3,100.0,1,1,1,1,83.3,MEDIUM
Student_77,400,57.3,34.0,0.143,1,35,29,57.8,4,4.9,0.0,0.0,0.0,0.0,0.0,0.0,13.6,12.6,26.7,0.0,5,2,50.0,50.0,50.0,0.0,1,1,1,0,30.0,HIGH
Student_78,300,198.2,88.6,0.661,0,5,62,222.0,8,1.9,0.0,38.6,0.0,11.2,0.0,40.5,30.4,51.6,37.5,10.3,10,5,100.0,90.3,95.0,86.3,1,1,1,1,91.58,LOW
Student_79,400,114.6,47.2,0.286,1,28,13,52.0,3,0.0,25.0,14.9,0.0,0.0,0.0,12.1,0.0,0.0,0.0,0.0,5,2,50.0,59.1,52.5,52.7,1,1,1,1,53.4,HIGH
Student_80,300,70.8,51.5,0.236,1,16,56,184.8,5,60.3,0.0,30.0,0.0,0.0,0.0,66.1,0.0,0.0,16.8,11.7,12,3,50.0,72.8,63.9,71.9,1,1,1,1,66.1,HIGH
Student_81,600,198.8,68.1,0.331,2,22,15,51.4,4,0.0,9.7,0.0,0.0,0.0,15.9,0.0,18.9,6.9,0.0,0.0,5,3,50.0,74.4,59.8,71.7,1,1,1,1,65.52,HIGH
Student_82,240,157.9,78.8,0.658,2,7,59,280.7,9,53.6,6.9,21.3,16.8,5.6,0.0,12.3,93.2,36.9,0.0,34.2,26,17,70.0,93.4,67.2,81.7,1,1,1,1,78.8,MEDIUM
Student_83,486,238.4,77.3,0.491,0,15,31,74.1,6,1.4,0.0,5.1,0.0,3.4,22.7,12.7,0.0,0.0,28.7,0.0,7,2,50.0,100.0,96.4,72.7,1,1,1,1,78.36,MEDIUM
Student_84,200,105.7,69.0,0.528,0,9,74,327.4,6,0.0,0.0,96.0,0.0,65.1,62.5,58.7,36.4,8.9,0.0,0.0,15,4,73.6,74.6,82.8,69.9,1,1,1,1,74.16,HIGH
Student_85,600,178.9,51.3,0.298,0,37,10,34.4,4,0.0,0.0,0.0,9.9,0.0,0.0,0.0,18.2,0.0,5.6,0.6,12,6,50.0,63.6,60.9,0.0,1,1,1,0,34.9,HIGH
Student_86,200,48.2,52.0,0.241,0,12,14,60.1,5,0.0,0.0,0.0,20.4,13.2,11.2,0.0,7.4,7.9,0.0,0.0,8,3,50.0,61.7,50.0,51.9,1,1,1,1,53.1,HIGH
Student_87,486,68.4,50.9,0.141,2,28,2,6.3,2,5.4,0.0,0.0,0.0,0.9,0.0,0.0,0.0,0.0,0.0,0.0,2,1,50.0,50.0,50.0,0.0,1,1,1,0,30.0,HIGH
Student_88,300,2.2,10.0,0.007,0,36,7,32.5,0,0.0,0.0,0.0,0.0,0.0,0.0,0.0,0.0,0.0,0.0,0.0,4,1,50.0,50.0,50.0,50.0,1,1,1,1,50.0,HIGH
Student_89,240,5.2,10.7,0.022,0,25,2,8.1,3,0.0,0.0,0.0,0.0,0.0,3.6,1.2,0.0,0.0,0.0,3.3,6,3,50.0,50.0,50.0,50.0,1,1,1,1,50.0,HIGH
Student_90,400,183.1,82.0,0.458,7,9,13,26.4,3,0.0,0.0,4.9,0.0,0.0,0.0,0.0,7.0,0.0,0.0,14.5,10,6,50.0,58.9,67.7,52.5,1,1,1,1,56.32,HIGH
Student_91,600,155.2,54.7,0.259,2,34,17,76.6,6,15.8,0.0,7.2,0.0,6.3,0.0,3.8,9.6,0.0,34.0,0.0,4,2,50.0,59.5,60.5,60.4,1,1,1,1,58.16,HIGH
Student_92,400,155.1,68.1,0.388,0,15,29,143.1,6,0.0,24.2,0.0,0.0,53.0,11.0,28.0,0.0,1.5,0.0,25.3,4,1,50.0,51.6,50.0,68.4,1,1,1,1,57.68,HIGH
Student_93,600,320.9,80.8,0.535,2,15,71,273.9,5,67.5,0.0,60.0,0.0,0.0,90.9,0.0,42.1,0.0,0.0,13.3,8,2,67.1,74.4,87.6,78.0,1,1,1,1,77.02,MEDIUM
Student_94,240,89.6,70.4,0.373,0,8,52,234.8,10,12.6,39.5,0.0,27.2,29.5,29.3,31.6,2.4,12.5,45.4,4.7,50,26,64.4,67.2,58.9,87.9,1,1,1,1,73.26,HIGH
Student_95,600,38.1,29.9,0.064,1,47,8,16.5,2,0.0,0.0,0.7,0.0,0.0,0.0,0.0,0.0,0.0,0.0,15.8,5,1,50.0,51.7,50.0,50.0,1,1,1,1,50.34,HIGH
Student_96,486,128.4,41.7,0.264,0,35,18,46.8,5,20.1,0.0,4.1,3.5,4.4,0.0,0.0,0.0,14.6,0.0,0.0,11,2,50.0,65.2,57.1,0.0,1,1,1,0,34.46,HIGH
Student_97,486,22.1,23.4,0.045,3,49,5,9.5,2,0.0,0.0,1.3,0.0,0.0,8.2,0.0,0.0,0.0,0.0,0.0,5,1,50.0,50.0,50.0,50.0,1,1,1,1,50.0,HIGH
Student_98,200,91.7,68.0,0.458,0,8,48,214.5,7,10.3,16.3,43.2,0.0,0.0,0.0,62.1,23.9,8.4,50.3,0.0,6,3,69.0,100.0,97.8,85.3,1,1,1,1,87.48,LOW
Student_99,240,131.3,78.8,0.547,1,7,72,344.6,7,119.4,0.0,13.1,0.0,13.8,0.0,36.4,0.0,77.7,21.2,63.0,14,3,64.6,94.1,92.2,87.7,1,1,1,1,85.26,LOW
Student_100,600,70.3,39.7,0.117,5,44,30,95.6,2,0.0,0.0,0.0,0.0,0.0,0.0,0.0,64.4,31.2,0.0,0.0,3,0,50.0,50.0,50.0,50.0,1,1,1,1,50.0,HIGH
Student_101,486,7.5,7.6,0.015,1,61,0,0.0,1,0.0,0.0,0.0,0.0,0.0,0.0,0.0,0.0,0.0,0.0,0.0,3,2,50.0,50.0,50.0,0.0,1,1,1,0,30.0,HIGH
Student_102,240,99.4,64.3,0.414,0,10,31,75.0,4,10.6,0.0,0.0,0.0,0.0,22.6,0.0,14.4,0.0,27.4,0.0,5,3,50.0,52.1,52.0,67.9,1,1,1,1,57.98,HIGH
Student_103,486,7.2,12.3,0.015,1,50,11,37.0,3,0.0,0.0,22.3,0.0,0.0,0.0,0.0,0.0,2.1,12.6,0.0,3,1,50.0,50.0,50.0,50.0,1,1,1,1,50.0,HIGH
Student_104,486,269.0,82.5,0.553,0,10,49,213.6,10,12.7,28.8,58.8,10.1,3.5,11.0,26.8,40.1,0.0,6.9,14.9,16,8,74.7,81.3,90.0,80.6,1,1,1,1,81.44,MEDIUM
Student_105,400,116.6,59.2,0.292,0,20,33,118.5,8,0.0,18.3,5.4,0.0,13.9,0.0,15.1,11.6,29.1,10.7,14.5,8,2,50.0,75.9,83.0,0.0,1,1,1,0,41.78,HIGH
Student_106,600,102.1,49.4,0.17,0,40,21,50.2,3,0.0,0.0,0.0,0.0,0.0,21.0,22.3,0.0,0.0,0.0,7.0,6,3,50.0,50.0,50.0,50.0,1,1,1,1,50.0,HIGH
Student_107,400,66.0,33.3,0.165,1,32,46,141.1,9,6.6,13.5,4.7,6.2,27.1,0.0,0.0,31.9,36.1,5.5,9.4,28,10,50.0,60.2,64.4,65.8,1,1,1,1,61.24,HIGH
Student_108,600,98.7,34.1,0.164,1,56,2,6.6,3,0.0,0.0,2.4,0.0,0.0,2.7,0.0,1.5,0.0,0.0,0.0,17,5,50.0,50.0,50.7,50.0,1,1,1,1,50.14,HIGH
Student_109,400,167.1,52.1,0.418,0,23,25,104.3,8,0.0,0.0,9.6,18.8,23.8,9.3,3.1,20.4,3.0,0.0,16.1,6,3,50.0,75.2,84.1,63.5,1,1,1,1,67.26,HIGH
Student_110,300,33.8,30.6,0.113,0,25,0,0.0,0,0.0,0.0,0.0,0.0,0.0,0.0,0.0,0.0,0.0,0.0,0.0,4,2,50.0,50.0,50.0,50.0,1,1,1,1,50.0,HIGH
Student_111,200,116.6,80.0,0.583,0,5,16,53.0,5,13.1,0.0,0.0,0.0,0.0,1.6,0.0,0.0,12.6,22.6,3.1,10,2,50.0,85.6,95.6,62.9,1,1,1,1,71.4,HIGH
Student_112,486,3.0,14.5,0.006,0,53,2,9.1,2,0.0,8.5,0.6,0.0,0.0,0.0,0.0,0.0,0.0,0.0,0.0,13,5,50.0,50.0,50.0,50.0,1,1,1,1,50.0,HIGH
Student_113,300,8.4,8.8,0.028,0,31,14,65.7,1,0.0,0.0,0.0,0.0,0.0,0.0,0.0,0.0,0.0,65.7,0.0,17,6,50.0,50.0,50.0,0.0,1,1,1,0,30.0,HIGH
Student_114,486,11.7,21.4,0.024,3,44,1,3.8,3,0.0,2.1,0.0,0.0,0.0,0.0,0.7,1.0,0.0,0.0,0.0,1,0,50.0,50.0,50.0,0.0,1,1,1,0,30.0,HIGH
Student_115,486,381.8,92.7,0.786,1,4,31,60.6,9,0.0,2.8,11.6,6.6,0.0,0.7,3.3,9.2,8.7,4.9,12.7,4,2,61.5,89.9,84.4,100.0,1,1,1,1,87.16,LOW
Student_116,200,50.8,46.4,0.254,0,15,24,57.2,6,0.0,5.8,4.5,3.0,0.0,12.5,0.0,7.9,23.5,0.0,0.0,1,0,50.0,64.9,75.5,53.1,1,1,1,1,59.32,HIGH
Student_117,600,345.3,85.9,0.576,2,10,37,72.6,10,3.3,0.0,14.7,12.8,4.8,5.3,8.4,2.5,17.4,2.0,1.5,4,0,58.9,97.9,100.0,100.0,1,1,1,1,91.36,LOW
Student_118,486,77.2,37.5,0.159,0,45,18,88.8,5,0.0,13.4,0.0,0.0,11.4,0.9,0.0,27.4,0.0,0.0,35.8,7,1,50.0,50.0,52.3,60.9,1,1,1,1,54.82,HIGH
Student_119,400,56.8,41.3,0.142,4,27,31,140.2,4,56.6,0.0,0.0,18.8,57.2,0.0,0.0,0.0,7.6,0.0,0.0,8,1,50.0,50.0,50.0,50.0,1,1,1,1,50.0,HIGH
Student_120,200,179.8,92.3,0.899,0,2,21,49.6,6,3.8,0.0,15.6,10.5,8.5,0.0,0.0,4.3,6.9,0.0,0.0,7,4,58.3,75.3,64.9,82.5,1,1,1,1,72.7,HIGH
Student_121,486,52.5,31.9,0.108,4,49,12,53.5,2,0.0,0.0,0.0,30.9,0.0,0.0,0.0,0.0,0.0,0.0,22.6,5,1,50.0,50.0,50.0,50.0,1,1,1,1,50.0,HIGH
Student_122,300,73.4,48.8,0.245,0,22,24,90.2,2,0.0,0.0,0.0,18.1,0.0,0.0,0.0,0.0,0.0,72.1,0.0,3,1,50.0,70.8,63.8,56.7,1,1,1,1,59.6,HIGH
Student_123,200,26.3,44.0,0.132,0,14,11,49.9,2,0.0,0.0,0.0,0.0,0.0,25.7,0.0,24.2,0.0,0.0,0.0,13,3,50.0,50.0,50.0,0.0,1,1,1,0,30.0,HIGH
Student_124,300,140.8,62.9,0.469,1,13,77,259.9,7,18.4,19.5,0.0,40.1,0.0,16.1,0.0,0.0,137.4,27.4,1.0,8,3,68.2,55.9,57.1,84.6,1,1,1,1,70.08,HIGH
Student_125,400,219.5,68.5,0.549,3,17,50,218.2,9,11.7,38.3,14.8,31.7,9.7,25.0,0.0,43.9,27.1,0.0,16.1,12,2,71.4,75.0,69.4,67.2,1,1,1,1,70.04,HIGH
Student_126,486,66.5,42.9,0.137,4,32,14,56.5,4,9.7,0.0,0.0,23.2,0.0,0.0,0.0,10.7,0.0,12.9,0.0,9,4,50.0,50.0,50.0,0.0,1,1,1,0,30.0,HIGH
Student_127,400,153.7,66.7,0.384,0,16,79,119.1,8,0.0,0.0,21.2,9.5,18.2,1.7,13.4,0.0,15.4,27.9,11.8,11,2,57.5,50.0,69.0,75.7,1,1,1,1,65.58,HIGH
Student_128,240,87.0,52.9,0.362,1,16,29,116.6,2,47.1,0.0,0.0,0.0,0.0,69.5,0.0,0.0,0.0,0.0,0.0,3,1,50.0,67.3,59.7,59.5,1,1,1,1,59.2,HIGH
Student_129,400,42.5,35.2,0.106,2,35,27,60.1,4,0.0,0.0,14.3,11.6,0.0,30.9,0.0,0.0,0.0,0.0,3.4,4,2,50.0,50.0,51.4,50.0,1,1,1,1,50.28,HIGH
Student_130,486,7.6,16.4,0.016,0,46,0,0.0,2,0.0,0.0,0.0,0.0,0.0,0.0,0.0,0.0,0.0,0.0,0.0,2,0,50.0,50.0,50.0,50.0,1,1,1,1,50.0,HIGH
Student_131,300,129.1,61.9,0.43,1,16,21,101.7,6,0.0,41.9,2.7,0.0,21.4,16.5,0.0,13.5,0.0,5.8,0.0,11,6,50.0,61.3,51.7,72.8,1,1,1,1,61.72,HIGH
Student_132,200,14.6,29.6,0.073,0,19,32,70.8,6,0.0,20.7,0.0,6.6,12.6,0.0,9.6,0.0,0.0,19.1,2.2,5,2,50.0,50.0,50.0,50.0,1,1,1,1,50.0,HIGH
Student_133,486,466.8,100.0,0.96,0,0,32,159.9,8,0.0,0.0,31.4,4.8,28.6,0.0,10.4,37.6,34.9,4.3,7.9,15,8,78.7,81.2,91.1,79.3,1,1,1,1,81.92,MEDIUM
Student_134,300,13.5,28.9,0.045,2,27,3,8.6,1,0.0,0.0,8.6,0.0,0.0,0.0,0.0,0.0,0.0,0.0,0.0,4,2,50.0,50.0,50.0,0.0,1,1,1,0,30.0,HIGH
Student_135,240,114.0,82.1,0.475,2,5,65,264.8,5,0.0,0.0,0.0,105.9,0.0,0.0,13.2,0.0,78.8,52.7,14.1,6,1,71.9,56.3,50.0,87.2,1,1,1,1,70.52,HIGH
Student_136,486,244.9,76.3,0.504,4,14,31,117.7,7,10.9,16.6,20.1,0.0,30.1,7.1,0.0,17.0,15.9,0.0,0.0,9,5,52.2,69.2,77.5,96.0,1,1,1,1,78.18,MEDIUM
Student_137,400,214.8,56.2,0.537,0,21,29,105.0,5,0.0,0.0,16.5,19.0,22.3,0.0,0.0,7.9,39.4,0.0,0.0,6,3,56.5,97.8,94.4,82.3,1,1,1,1,82.66,MEDIUM
Student_138,600,391.8,86.1,0.653,0,10,74,222.6,6,32.8,0.0,22.1,0.0,2.9,20.4,21.7,0.0,0.0,122.7,0.0,14,3,73.9,87.9,95.7,77.7,1,1,1,1,82.58,MEDIUM
Student_139,300,248.0,94.9,0.827,0,2,47,117.1,6,0.0,3.4,0.0,48.0,0.0,9.3,8.7,15.2,32.5,0.0,0.0,0,0,83.7,96.4,96.8,100.0,1,1,1,1,95.38,LOW
Student_140,240,133.5,76.5,0.556,2,8,63,133.7,10,8.4,22.5,5.2,14.9,11.8,17.9,1.2,0.0,30.4,7.2,14.2,4,2,68.7,78.9,76.7,77.8,1,1,1,1,75.98,MEDIUM
Student_141,486,195.5,45.9,0.402,0,33,30,117.3,6,0.0,0.0,6.4,5.4,0.0,6.6,0.0,17.1,16.1,0.0,65.8,26,14,50.0,95.5,95.9,59.0,1,1,1,1,71.88,HIGH
Student_142,486,379.1,79.7,0.78,0,12,61,153.2,8,4.6,0.0,28.1,5.2,0.9,29.3,49.7,1.8,0.0,33.7,0.0,7,3,87.0,82.1,90.8,82.6,1,1,1,1,85.02,LOW
Student_143,200,4.3,12.0,0.022,0,22,12,49.7,1,0.0,0.0,0.0,0.0,0.0,0.0,0.0,0.0,49.7,0.0,0.0,3,2,50.0,50.0,50.0,50.0,1,1,1,1,50.0,HIGH
Student_144,400,283.8,71.9,0.71,0,16,28,126.5,5,0.0,23.3,0.0,13.8,22.2,35.9,0.0,0.0,0.0,0.0,31.4,3,1,52.0,92.3,97.2,76.5,1,1,1,1,78.9,MEDIUM
Student_145,300,61.2,56.4,0.204,0,17,8,30.0,3,0.0,0.0,0.0,0.0,0.0,0.0,24.8,2.2,0.0,3.0,0.0,4,1,50.0,50.0,50.0,50.0,1,1,1,1,50.0,HIGH
Student_146,486,8.0,11.8,0.016,0,60,12,29.7,0,0.0,0.0,0.0,0.0,0.0,0.0,0.0,0.0,0.0,0.0,0.0,1,0,50.0,50.0,50.0,50.0,1,1,1,1,50.0,HIGH
Student_147,400,15.0,24.4,0.038,1,34,7,10.9,3,0.0,0.5,0.0,0.0,0.0,0.0,0.0,0.0,0.0,6.7,3.7,5,3,50.0,50.0,50.0,0.0,1,1,1,0,30.0,HIGH
Student_148,300,160.7,72.7,0.536,0,12,39,114.0,7,27.6,0.0,0.0,13.4,0.0,43.4,7.2,0.0,9.8,4.5,8.1,13,3,63.0,82.4,94.9,78.2,1,1,1,1,79.34,MEDIUM
Student_149,400,47.5,42.9,0.119,3,32,23,96.0,2,0.0,0.0,0.0,78.2,0.0,17.8,0.0,0.0,0.0,0.0,0.0,10,3,50.0,63.6,67.3,50.0,1,1,1,1,56.18,HIGH
Student_150,400,116.6,57.1,0.292,1,21,13,53.9,3,2.9,0.0,0.0,0.0,0.0,32.6,0.0,18.3,0.0,0.0,0.0,20,7,50.0,100.0,74.6,50.0,1,1,1,1,64.92,HIGH
Student_151,200,48.9,44.0,0.244,0,14,20,83.2,4,0.0,0.0,29.2,19.8,0.0,14.7,0.0,0.0,19.5,0.0,0.0,6,1,50.0,73.8,82.0,0.0,1,1,1,0,41.16,HIGH
Student_152,240,149.1,88.2,0.621,0,4,33,143.3,10,0.0,36.8,9.2,9.8,19.0,24.4,1.7,14.7,9.3,18.0,0.2,4,1,74.7,99.6,100.0,98.9,1,1,1,1,94.42,LOW
Student_153,200,9.9,24.0,0.05,1,19,9,22.7,1,0.0,0.0,0.0,0.0,0.0,0.0,22.7,0.0,0.0,0.0,0.0,0,0,50.0,50.0,50.0,50.0,1,1,1,1,50.0,HIGH
Student_154,600,179.4,57.6,0.299,0,36,28,49.9,10,1.5,14.7,2.7,3.0,10.6,0.3,0.0,1.7,5.6,1.1,8.7,4,1,50.0,60.3,62.5,0.0,1,1,1,0,34.56,HIGH
Student_155,300,35.4,23.7,0.118,0,29,9,14.3,3,0.0,0.0,0.0,2.9,0.0,0.0,10.2,0.0,0.0,0.0,1.3,1,0,50.0,57.9,74.4,0.0,1,1,1,0,36.46,HIGH
Student_156,240,44.7,50.0,0.186,1,16,28,129.0,9,0.0,2.0,0.0,43.7,10.7,6.1,3.8,20.0,7.6,32.0,3.3,3,1,50.0,50.0,50.0,67.5,1,1,1,1,57.0,HIGH
Student_157,486,123.6,58.3,0.254,3,25,10,18.3,2,0.0,0.0,0.0,0.0,0.0,0.0,0.0,0.0,14.0,4.3,0.0,5,3,50.0,67.0,52.2,53.7,1,1,1,1,55.32,HIGH
Student_158,600,139.4,39.1,0.232,4,53,28,118.8,3,15.1,0.0,0.0,44.9,0.0,0.0,58.8,0.0,0.0,0.0,0.0,5,1,50.0,69.1,64.7,53.8,1,1,1,1,58.28,HIGH
Student_159,486,357.2,87.3,0.735,0,7,50,185.4,7,0.0,70.2,43.1,0.0,30.2,0.0,6.0,0.0,28.6,2.0,5.2,7,3,87.1,88.3,95.5,100.0,1,1,1,1,94.18,LOW
Student_160,200,19.9,28.6,0.099,1,20,13,34.1,2,0.0,0.0,0.0,0.0,0.0,0.0,0.0,28.8,0.0,5.3,0.0,8,2,50.0,50.0,50.0,50.0,1,1,1,1,50.0,HIGH
Student_161,200,77.4,57.7,0.387,1,11,15,62.2,5,0.0,0.0,16.9,0.0,16.8,0.0,7.1,4.9,0.0,0.0,16.5,5,1,50.0,79.6,64.7,55.0,1,1,1,1,60.86,HIGH
Student_162,240,51.6,35.5,0.215,0,20,28,72.5,3,0.0,11.7,0.0,0.0,6.7,0.0,0.0,0.0,0.0,0.0,54.1,0,0,50.0,52.0,57.7,50.0,1,1,1,1,51.94,HIGH
Student_163,240,33.6,46.4,0.14,0,15,11,32.7,5,0.0,5.9,0.0,0.0,1.7,0.0,4.7,0.0,4.7,15.6,0.0,0,0,50.0,52.5,50.0,58.2,1,1,1,1,53.78,HIGH
Student_164,486,151.0,60.7,0.311,1,24,22,87.6,3,30.2,0.0,0.0,14.7,0.0,0.0,0.0,42.7,0.0,0.0,0.0,6,2,50.0,56.7,52.5,61.7,1,1,1,1,56.52,HIGH
Student_165,200,20.5,36.0,0.102,0,16,16,25.2,3,0.0,0.0,0.0,0.0,0.0,11.7,9.4,0.0,4.1,0.0,0.0,14,4,50.0,53.8,59.9,0.0,1,1,1,0,32.74,HIGH
Student_166,200,77.1,69.2,0.385,0,8,31,50.1,6,1.7,18.1,15.2,6.5,0.4,8.2,0.0,0.0,0.0,0.0,0.0,10,5,50.0,79.7,72.9,59.5,1,1,1,1,64.32,HIGH
Student_167,240,155.6,80.6,0.648,0,6,69,210.1,7,9.7,15.8,67.8,0.0,0.5,0.0,0.0,56.6,0.0,11.7,48.0,2,1,92.0,81.6,87.7,92.4,1,1,1,1,89.22,LOW
Student_168,600,108.8,42.2,0.181,3,48,15,30.1,6,4.5,0.0,0.0,8.5,0.0,5.7,0.0,1.1,5.3,0.0,4.9,0,0,50.0,50.3,55.2,0.0,1,1,1,0,31.1,HIGH
Student_169,486,233.4,70.6,0.48,1,20,12,29.5,3,0.0,0.0,15.1,0.0,0.0,4.6,0.0,0.0,0.0,9.7,0.0,9,3,50.0,50.0,50.0,53.4,1,1,1,1,51.36,HIGH
Student_170,300,53.7,37.8,0.179,2,23,31,138.8,5,0.0,0.0,33.3,13.9,32.6,0.0,0.0,0.0,34.2,24.8,0.0,4,1,50.0,50.0,52.7,50.0,1,1,1,1,50.54,HIGH
Student_171,240,44.6,40.7,0.186,1,16,19,80.2,5,0.0,15.1,0.0,0.0,33.8,0.0,0.0,4.4,0.0,16.0,10.9,9,6,50.0,52.1,50.0,0.0,1,1,1,0,30.42,HIGH
Student_172,400,94.6,42.9,0.236,0,28,26,64.8,2,0.0,0.0,0.0,0.0,0.0,38.0,26.8,0.0,0.0,0.0,0.0,6,1,50.0,62.4,57.5,0.0,1,1,1,0,33.98,HIGH
Student_173,486,287.7,96.6,0.592,0,2,56,178.1,7,0.0,4.9,53.9,11.2,40.6,16.3,0.0,11.5,0.0,39.8,0.0,13,4,76.5,100.0,83.5,96.9,1,1,1,1,90.76,LOW
Student_174,600,0.0,0.0,0.0,0,67,13,56.4,3,0.0,0.0,0.0,0.0,0.0,24.1,22.5,0.0,0.0,0.0,9.8,2,0,50.0,50.0,50.0,50.0,1,1,1,1,50.0,HIGH
Student_175,200,59.1,52.0,0.296,0,12,19,81.1,6,0.0,0.0,1.9,0.0,11.5,12.7,10.7,11.3,0.0,0.0,33.0,10,2,50.0,50.0,50.0,0.0,1,1,1,0,30.0,HIGH
Student_176,600,182.6,55.0,0.304,2,36,11,23.8,5,9.9,0.0,0.0,8.0,2.4,0.0,0.0,0.0,1.3,0.0,2.3,4,2,50.0,54.2,62.9,60.1,1,1,1,1,57.46,HIGH
Student_177,600,447.8,90.3,0.746,0,7,31,107.9,7,20.3,29.6,0.0,0.0,14.9,9.1,16.6,0.0,2.2,0.0,15.2,2,1,81.9,82.3,95.1,86.7,1,1,1,1,86.54,LOW
Student_178,300,120.7,53.8,0.402,0,18,25,45.3,6,8.6,9.6,0.0,0.0,14.6,9.2,1.0,0.0,0.0,0.0,2.4,14,8,50.0,75.4,76.4,63.9,1,1,1,1,65.92,HIGH
Student_179,200,27.2,44.0,0.136,0,14,1,4.1,0,0.0,0.0,0.0,0.0,0.0,0.0,0.0,0.0,0.0,0.0,0.0,3,2,50.0,56.8,50.3,51.1,1,1,1,1,51.86,HIGH
Student_180,200,93.6,80.0,0.468,0,5,77,142.7,6,0.0,17.6,0.0,0.0,26.0,0.0,0.0,28.5,21.1,13.8,35.6,2,1,50.9,73.1,66.3,80.6,1,1,1,1,70.3,HIGH
Student_181,600,206.0,67.0,0.343,8,29,32,98.6,6,9.0,0.0,40.6,32.0,0.0,14.0,0.0,2.5,0.0,0.0,0.4,7,1,50.0,58.9,64.0,64.9,1,1,1,1,60.54,HIGH
Student_182,400,148.8,71.2,0.372,4,15,20,58.4,5,0.0,7.1,4.8,0.0,0.0,7.3,0.0,0.0,31.6,0.0,7.7,6,2,50.0,52.0,54.8,66.1,1,1,1,1,57.8,HIGH
Student_183,200,34.6,32.1,0.173,0,19,25,94.9,2,0.0,74.1,0.0,0.0,0.0,0.0,0.0,0.0,0.0,20.8,0.0,6,1,50.0,50.0,50.0,50.0,1,1,1,1,50.0,HIGH
Student_184,600,142.2,57.3,0.237,9,38,17,66.4,5,0.0,54.0,0.5,1.3,0.0,0.0,6.4,0.0,0.0,4.1,0.0,4,1,50.0,52.1,54.4,0.0,1,1,1,0,31.3,HIGH
Student_185,486,6.9,17.5,0.014,1,52,0,0.0,1,0.0,0.0,0.0,0.0,0.0,0.0,0.0,0.0,0.0,0.0,0.0,4,2,50.0,50.0,50.0,50.0,1,1,1,1,50.0,HIGH
Student_186,200,65.9,48.0,0.33,0,13,76,334.3,6,0.0,76.0,31.9,0.0,0.0,0.0,68.1,81.7,0.0,12.6,64.0,6,1,50.8,98.0,81.3,76.7,1,1,1,1,76.7,MEDIUM
Student_187,486,122.9,56.1,0.253,1,25,20,50.1,2,0.0,0.0,0.0,0.0,0.0,0.0,23.6,0.0,0.0,0.0,26.5,3,1,50.0,65.3,62.8,50.0,1,1,1,1,55.62,HIGH
Student_188,486,51.5,35.7,0.106,2,36,13,63.8,3,0.0,0.0,11.2,0.0,0.0,0.0,10.3,0.0,0.0,0.0,42.2,5,1,50.0,52.6,50.0,50.0,1,1,1,1,50.52,HIGH
Student_189,400,20.4,19.6,0.051,0,41,9,35.8,2,33.3,0.0,0.0,0.0,0.0,0.0,0.0,2.5,0.0,0.0,0.0,5,2,50.0,66.0,67.6,0.0,1,1,1,0,36.72,HIGH
Student_190,300,29.7,35.9,0.099,3,25,20,72.6,2,0.0,0.0,0.0,0.0,13.5,0.0,0.0,0.0,0.0,0.0,59.1,4,1,50.0,50.0,51.4,0.0,1,1,1,0,30.28,HIGH
Student_191,300,6.6,11.4,0.022,0,39,11,45.6,2,20.6,0.0,0.0,25.0,0.0,0.0,0.0,0.0,0.0,0.0,0.0,4,1,50.0,50.0,50.0,50.0,1,1,1,1,50.0,HIGH
Student_192,600,2.1,2.2,0.004,0,87,13,37.2,1,0.0,0.0,0.0,0.0,0.0,0.0,0.0,0.0,0.0,0.0,37.2,1,0,50.0,50.0,50.0,50.0,1,1,1,1,50.0,HIGH
Student_193,300,68.4,50.0,0.228,0,19,31,111.2,6,0.0,15.5,3.0,0.0,17.2,15.0,35.6,0.0,0.0,24.9,0.0,23,8,50.0,50.0,54.3,77.4,1,1,1,1,61.82,HIGH
Student_194,486,158.9,60.0,0.327,0,26,69,112.9,8,0.8,4.0,0.0,8.1,26.0,28.9,19.5,16.4,9.2,0.0,0.0,5,3,60.9,92.9,97.5,64.0,1,1,1,1,75.86,MEDIUM
Student_195,240,241.6,82.9,1.007,0,6,34,149.1,6,0.0,0.0,0.0,50.9,7.8,44.6,30.9,8.2,0.0,6.9,0.0,5,2,70.5,99.2,100.0,93.1,1,1,1,1,91.18,LOW
Student_196,600,164.4,51.3,0.274,1,37,12,27.4,2,0.0,0.0,0.0,0.0,16.2,11.2,0.0,0.0,0.0,0.0,0.0,16,10,50.0,65.9,71.0,50.0,1,1,1,1,57.38,HIGH
Student_197,600,162.5,51.2,0.271,3,39,10,21.0,5,1.2,0.0,10.0,2.1,0.0,1.3,0.0,0.0,0.0,0.0,6.4,4,1,50.0,50.0,53.2,65.6,1,1,1,1,56.88,HIGH
Student_198,300,208.1,72.7,0.694,0,12,42,207.7,9,27.2,55.5,13.0,0.0,3.8,15.9,20.8,0.2,41.6,29.6,0.0,7,2,95.3,88.7,75.3,84.6,1,1,1,1,85.7,LOW
Student_199,300,55.4,45.7,0.185,0,19,27,106.5,5,0.0,0.0,10.8,12.9,0.0,0.0,45.7,12.5,0.0,24.6,0.0,9,6,50.0,50.0,50.0,53.2,1,1,1,1,51.28,HIGH
Student_200,400,417.2,93.2,1.043,0,4,37,121.8,8,0.0,0.0,8.5,38.3,0.0,17.1,30.7,3.9,11.4,5.0,6.9,13,8,83.1,78.6,89.3,100.0,1,1,1,1,90.2,LOW
Student_201,200,133.1,84.0,0.666,1,4,62,210.5,10,10.0,65.4,48.2,17.5,15.7,0.8,9.8,0.0,18.9,6.5,17.7,4,1,88.4,100.0,100.0,88.6,1,1,1,1,93.12,LOW
Student_202,240,66.7,64.5,0.278,1,11,10,39.0,3,0.0,4.3,18.3,16.5,0.0,0.0,0.0,0.0,0.0,0.0,0.0,5,2,50.0,83.5,77.0,65.5,1,1,1,1,68.3,HIGH
Student_203,400,96.9,52.8,0.242,2,25,2,4.0,1,0.0,0.0,0.0,0.0,0.0,0.0,0.0,4.0,0.0,0.0,0.0,4,1,50.0,50.0,50.0,50.0,1,1,1,1,50.0,HIGH
Student_204,200,23.7,28.0,0.118,0,18,10,19.2,0,0.0,0.0,0.0,0.0,0.0,0.0,0.0,0.0,0.0,0.0,0.0,8,1,50.0,50.0,50.0,0.0,1,1,1,0,30.0,HIGH
Student_205,486,35.5,36.8,0.073,4,36,11,37.9,3,0.0,0.0,0.0,23.0,0.0,0.0,0.0,0.0,3.0,0.0,11.9,6,2,50.0,50.0,50.0,0.0,1,1,1,0,30.0,HIGH
Student_206,200,84.8,74.1,0.424,0,7,58,101.5,5,10.4,29.7,6.3,0.0,23.9,0.0,0.0,0.0,31.2,0.0,0.0,13,3,77.0,62.9,67.1,91.2,1,1,1,1,77.88,MEDIUM
Student_207,300,183.9,91.9,0.613,1,3,38,77.8,10,15.5,5.5,11.3,2.8,0.2,0.0,9.7,1.0,9.6,7.9,14.1,16,4,82.3,94.4,99.3,87.6,1,1,1,1,90.24,LOW
Student_208,200,29.5,27.6,0.148,0,21,6,13.9,3,0.0,0.0,0.0,7.7,0.0,5.8,0.0,0.0,0.4,0.0,0.0,5,2,50.0,64.7,68.5,0.0,1,1,1,0,36.64,HIGH
Student_209,240,80.4,53.3,0.335,0,14,11,32.4,4,23.1,0.4,0.0,0.6,0.0,0.0,0.0,8.3,0.0,0.0,0.0,8,2,50.0,50.0,50.0,50.0,1,1,1,1,50.0,HIGH
Student_210,400,52.4,41.1,0.131,3,33,2,3.0,1,0.0,0.0,3.0,0.0,0.0,0.0,0.0,0.0,0.0,0.0,0.0,6,1,50.0,50.0,50.0,50.0,1,1,1,1,50.0,HIGH
Student_211,400,152.6,57.4,0.382,0,20,25,40.4,10,0.7,11.1,4.5,0.6,2.9,8.6,4.5,3.2,0.0,2.7,1.6,55,27,50.0,66.7,76.2,79.3,1,1,1,1,70.3,HIGH
Student_212,300,135.5,67.6,0.452,1,11,43,84.9,6,34.1,0.0,12.4,0.0,19.7,0.0,3.2,0.0,0.0,13.2,2.4,11,4,65.9,96.7,85.8,76.1,1,1,1,1,80.12,MEDIUM
Student_213,200,46.0,63.0,0.23,1,10,30,116.5,5,0.0,21.5,0.0,55.3,0.0,10.0,0.0,0.0,0.0,8.3,21.3,16,8,50.0,50.0,58.6,0.0,1,1,1,0,31.72,HIGH
Student_214,240,0.0,0.0,0.0,0,34,5,12.4,0,0.0,0.0,0.0,0.0,0.0,0.0,0.0,0.0,0.0,0.0,0.0,1,0,50.0,50.0,50.0,50.0,1,1,1,1,50.0,HIGH
Student_215,600,195.7,60.0,0.326,7,28,31,69.5,5,0.0,0.0,11.7,26.2,0.0,15.1,10.5,0.0,0.0,0.0,6.0,4,0,50.0,83.7,55.9,76.8,1,1,1,1,68.64,HIGH
Student_216,240,73.5,57.1,0.306,0,12,51,174.7,7,5.8,0.0,31.4,22.0,0.0,21.3,0.0,41.7,45.5,0.0,7.0,9,3,50.0,65.0,58.5,63.0,1,1,1,1,59.9,HIGH
Student_217,600,145.8,50.0,0.243,2,42,10,36.9,4,7.8,0.0,2.1,12.0,0.0,0.0,0.0,0.0,0.0,0.0,15.0,21,14,50.0,50.0,50.0,66.5,1,1,1,1,56.6,HIGH
Student_218,486,221.5,63.0,0.456,0,20,51,156.4,9,45.7,0.0,0.0,10.3,29.1,14.6,3.6,0.1,7.9,22.5,22.5,12,6,55.4,70.9,66.7,78.7,1,1,1,1,70.08,HIGH
Student_219,240,16.3,24.1,0.068,0,22,7,18.9,2,0.0,0.0,0.0,14.6,0.0,0.0,4.3,0.0,0.0,0.0,0.0,9,6,50.0,50.0,50.0,0.0,1,1,1,0,30.0,HIGH
Student_220,200,16.7,32.0,0.083,0,17,9,38.1,3,15.6,0.0,0.0,0.0,0.0,14.8,7.6,0.0,0.0,0.0,0.0,5,2,50.0,50.0,50.0,50.0,1,1,1,1,50.0,HIGH
Student_221,200,50.9,53.8,0.254,1,12,6,20.3,1,0.0,20.3,0.0,0.0,0.0,0.0,0.0,0.0,0.0,0.0,0.0,4,1,50.0,56.0,51.9,0.0,1,1,1,0,31.58,HIGH
Student_222,240,18.5,33.3,0.077,2,20,13,63.9,2,0.0,0.0,0.0,0.0,0.0,24.6,0.0,39.3,0.0,0.0,0.0,1,0,50.0,50.0,50.0,0.0,1,1,1,0,30.0,HIGH
Student_223,200,13.3,17.2,0.066,0,24,10,35.6,4,0.0,7.4,5.2,0.0,0.0,15.6,0.0,7.4,0.0,0.0,0.0,3,0,50.0,50.0,50.0,50.0,1,1,1,1,50.0,HIGH
Student_224,300,269.1,85.4,0.897,0,6,38,155.2,9,18.0,9.0,0.0,10.5,31.1,0.0,62.2,5.2,6.9,8.5,3.9,6,2,69.8,76.5,98.0,96.4,1,1,1,1,87.42,LOW
Student_225,600,125.9,29.5,0.21,4,62,19,35.2,5,0.0,3.8,0.0,13.0,5.1,0.8,0.0,0.0,0.0,0.0,12.5,8,5,50.0,56.4,62.5,0.0,1,1,1,0,33.78,HIGH
Student_226,200,146.2,92.0,0.731,0,2,56,92.2,6,25.9,14.0,6.6,0.0,0.0,3.2,0.0,0.0,0.0,34.0,8.5,5,3,90.4,85.0,76.1,100.0,1,1,1,1,90.3,LOW
Student_227,600,193.8,61.4,0.323,2,32,19,29.8,4,12.8,2.9,0.0,6.9,0.0,0.0,0.0,0.0,0.0,7.2,0.0,2,0,50.0,50.0,50.0,56.9,1,1,1,1,52.76,HIGH
Student_228,400,137.2,60.7,0.343,6,22,68,153.2,5,0.0,32.5,74.3,12.5,0.0,20.4,0.0,0.0,0.0,13.5,0.0,6,3,50.0,51.9,61.8,79.2,1,1,1,1,64.42,HIGH
Student_229,200,6.8,16.0,0.034,0,21,6,29.0,3,9.6,0.0,0.0,0.0,5.8,0.0,0.0,13.6,0.0,0.0,0.0,0,0,50.0,52.4,50.0,0.0,1,1,1,0,30.48,HIGH
Student_230,300,66.1,40.5,0.22,1,22,54,141.8,5,27.5,42.2,0.0,0.0,55.1,0.0,0.0,0.0,5.9,11.1,0.0,4,2,50.0,58.7,65.5,0.0,1,1,1,0,34.84,HIGH
Student_231,400,126.0,54.0,0.315,0,23,10,28.9,3,16.0,0.0,3.5,0.0,0.0,0.0,0.0,0.0,9.4,0.0,0.0,16,10,50.0,50.0,50.0,67.7,1,1,1,1,57.08,HIGH
Student_232,240,2.9,2.9,0.012,0,33,1,2.9,1,0.0,0.0,0.0,0.0,0.0,0.0,0.0,0.0,0.0,0.0,2.9,1,0,50.0,50.0,50.0,50.0,1,1,1,1,50.0,HIGH
Student_233,400,124.7,66.7,0.312,3,15,30,114.2,6,0.0,0.0,27.3,5.8,4.3,0.0,49.1,22.1,0.0,5.6,0.0,14,7,50.0,71.6,54.7,74.5,1,1,1,1,65.06,HIGH
Student_234,400,59.1,46.7,0.148,2,24,16,64.5,3,0.0,0.0,37.2,0.0,0.0,0.0,0.0,0.0,22.9,0.0,4.4,12,6,50.0,50.0,50.0,0.0,1,1,1,0,30.0,HIGH
Student_235,600,300.7,73.9,0.501,0,18,43,126.0,7,0.0,0.0,5.9,8.9,0.0,0.0,47.0,18.1,5.9,17.6,22.6,8,3,74.7,80.8,85.4,85.0,1,1,1,1,82.18,MEDIUM
Student_236,200,191.3,92.3,0.956,0,2,32,143.8,8,53.0,0.0,14.2,5.7,5.2,9.6,24.9,16.9,14.4,0.0,0.0,17,11,82.6,100.0,96.4,98.4,1,1,1,1,95.16,LOW
Student_237,240,120.3,70.4,0.501,0,8,29,130.3,5,0.0,75.8,0.0,0.0,7.2,0.0,9.9,0.0,0.0,10.8,26.5,8,2,50.0,67.8,73.9,84.1,1,1,1,1,71.98,HIGH
Student_238,240,8.2,18.8,0.034,1,26,31,140.2,3,2.3,0.0,77.3,0.0,0.0,0.0,0.0,0.0,0.0,60.6,0.0,4,1,50.0,50.0,50.0,50.0,1,1,1,1,50.0,HIGH
Student_239,300,268.5,100.0,0.895,2,0,32,91.6,7,0.0,4.5,11.1,0.0,11.9,27.9,16.5,0.0,14.4,0.0,5.3,19,10,74.7,77.2,72.1,94.0,1,1,1,1,82.4,MEDIUM
Student_240,300,131.1,79.5,0.437,1,9,16,73.0,6,1.8,0.0,24.9,0.0,8.5,9.2,0.0,10.4,0.0,0.0,18.2,5,3,50.0,51.6,50.0,53.7,1,1,1,1,51.8,HIGH
Student_241,200,182.7,96.0,0.914,0,1,34,136.4,9,0.0,20.3,5.2,33.0,14.9,0.0,36.4,3.7,4.7,9.5,8.7,15,4,81.4,98.8,100.0,85.2,1,1,1,1,90.12,LOW
Student_242,486,307.2,78.3,0.632,0,15,56,255.8,10,36.8,10.2,12.6,47.8,0.0,45.8,26.5,13.0,13.8,45.3,4.0,8,2,74.5,91.6,83.1,74.1,1,1,1,1,79.48,MEDIUM
Student_243,486,96.7,49.1,0.199,0,28,0,0.0,1,0.0,0.0,0.0,0.0,0.0,0.0,0.0,0.0,0.0,0.0,0.0,4,1,50.0,50.0,51.8,50.0,1,1,1,1,50.36,HIGH
Student_244,240,13.8,27.3,0.058,1,24,3,11.0,0,0.0,0.0,0.0,0.0,0.0,0.0,0.0,0.0,0.0,0.0,0.0,5,1,50.0,50.0,50.0,50.0,1,1,1,1,50.0,HIGH
Student_245,300,86.7,55.6,0.289,0,16,48,89.1,7,23.3,14.9,0.0,4.0,7.2,16.2,0.0,0.0,10.8,12.8,0.0,4,2,59.2,88.8,89.4,68.0,1,1,1,1,74.68,HIGH
Student_246,300,141.9,54.8,0.473,1,19,32,107.7,5,47.8,10.1,0.0,10.8,0.0,1.5,0.0,37.6,0.0,0.0,0.0,0,0,50.0,74.3,87.2,57.9,1,1,1,1,65.46,HIGH
Student_247,600,90.2,38.2,0.15,3,42,29,104.6,4,0.0,0.0,33.5,29.2,0.0,21.5,20.4,0.0,0.0,0.0,0.0,2,1,50.0,50.0,50.0,50.0,1,1,1,1,50.0,HIGH
Student_248,600,636.9,96.5,1.062,0,3,78,204.4,5,6.9,0.0,0.0,0.0,26.2,0.0,0.0,60.4,75.1,0.0,35.8,22,13,80.1,91.2,92.3,94.8,1,1,1,1,90.64,LOW
Student_249,200,166.9,100.0,0.834,0,0,62,163.1,8,26.5,11.6,23.3,18.1,20.5,47.0,0.0,0.0,0.0,9.2,6.8,4,2,85.3,91.1,78.8,81.5,1,1,1,1,83.64,MEDIUM
Student_250,200,149.9,89.7,0.75,1,3,37,113.0,7,0.0,27.7,0.0,27.8,6.6,5.3,0.0,0.0,2.1,31.2,12.2,5,3,67.4,92.2,84.4,96.9,1,1,1,1,87.56,LOW
Student_251,200,132.1,88.9,0.66,0,3,47,127.0,7,14.0,14.7,9.6,0.0,0.0,32.9,24.7,13.0,0.0,0.0,18.2,3,1,85.9,79.9,68.9,92.5,1,1,1,1,83.94,MEDIUM
Student_252,300,32.7,34.9,0.109,3,28,27,119.2,2,0.0,0.0,0.0,0.0,0.0,49.9,0.0,69.3,0.0,0.0,0.0,4,1,50.0,50.0,50.0,54.0,1,1,1,1,51.6,HIGH
Student_253,300,11.4,20.0,0.038,0,32,13,25.3,3,15.8,0.0,0.0,0.0,4.7,0.0,0.0,4.8,0.0,0.0,0.0,13,5,50.0,50.0,50.0,50.0,1,1,1,1,50.0,HIGH
Student_254,200,4.2,10.3,0.021,0,26,3,14.7,0,0.0,0.0,0.0,0.0,0.0,0.0,0.0,0.0,0.0,0.0,0.0,4,1,50.0,50.0,50.0,50.0,1,1,1,1,50.0,HIGH
Student_255,300,118.9,46.3,0.396,1,22,52,239.2,10,12.0,32.1,21.0,31.4,16.4,8.5,38.7,29.4,20.9,0.0,28.7,15,4,50.8,54.9,68.1,62.9,1,1,1,1,59.92,HIGH
Student_256,400,88.6,53.1,0.221,1,23,17,77.0,6,8.3,18.2,0.0,0.0,10.1,0.7,0.0,6.5,33.2,0.0,0.0,5,1,50.0,70.5,79.3,50.0,1,1,1,1,59.96,HIGH
Student_257,300,55.8,41.5,0.186,1,24,64,161.5,6,0.0,15.8,0.0,35.3,10.2,0.0,18.6,45.2,36.4,0.0,0.0,4,1,50.0,54.0,53.3,56.4,1,1,1,1,54.02,HIGH
Student_258,400,71.0,35.4,0.178,0,31,26,59.8,4,0.0,32.5,0.0,0.0,5.2,0.0,0.0,0.0,12.0,10.1,0.0,5,1,50.0,50.0,50.0,50.0,1,1,1,1,50.0,HIGH
Student_259,240,9.4,20.7,0.039,1,23,9,40.1,1,0.0,40.1,0.0,0.0,0.0,0.0,0.0,0.0,0.0,0.0,0.0,13,7,50.0,50.0,50.0,50.0,1,1,1,1,50.0,HIGH
Student_260,200,167.6,82.1,0.838,1,5,70,334.5,9,0.0,0.0,19.7,45.2,9.1,89.8,16.8,1.1,26.0,34.6,92.2,13,5,84.2,77.0,72.0,78.7,1,1,1,1,78.12,MEDIUM
Student_261,600,84.6,29.8,0.141,2,59,27,82.1,3,0.0,33.3,0.0,0.0,0.0,0.0,33.8,15.0,0.0,0.0,0.0,9,2,50.0,50.0,50.0,50.9,1,1,1,1,50.36,HIGH
Student_262,486,169.0,55.9,0.348,2,30,32,100.4,3,8.9,56.2,0.0,0.0,0.0,0.0,0.0,0.0,0.0,35.3,0.0,3,2,50.0,57.7,66.1,65.8,1,1,1,1,61.08,HIGH
Student_263,240,192.0,93.5,0.8,0,2,36,132.7,5,7.8,0.0,44.1,2.0,2.4,0.0,76.5,0.0,0.0,0.0,0.0,8,4,82.8,97.2,98.5,85.2,1,1,1,1,89.78,LOW
Student_264,200,180.2,92.0,0.901,0,2,47,107.7,5,22.3,0.0,0.0,19.9,0.0,0.0,18.2,26.0,21.3,0.0,0.0,12,5,99.6,100.0,90.5,96.5,1,1,1,1,96.62,LOW
Student_265,400,218.4,85.2,0.546,5,8,25,53.8,2,0.0,0.0,38.2,0.0,0.0,0.0,0.0,0.0,0.0,0.0,15.6,27,15,50.0,78.7,83.4,81.8,1,1,1,1,75.14,MEDIUM
Student_266,600,29.6,17.9,0.049,1,69,14,53.8,1,0.0,0.0,0.0,0.0,0.0,0.0,0.0,0.0,53.8,0.0,0.0,3,1,50.0,50.0,50.0,50.0,1,1,1,1,50.0,HIGH
Student_267,600,14.6,27.5,0.024,1,58,8,18.5,1,0.0,0.0,0.0,0.0,0.0,0.0,0.0,18.5,0.0,0.0,0.0,2,0,50.0,50.0,50.0,50.0,1,1,1,1,50.0,HIGH
Student_268,200,106.3,70.4,0.532,0,8,42,129.1,9,29.5,8.9,12.5,9.7,0.0,37.1,10.5,6.8,2.6,0.0,11.6,5,1,50.0,50.0,50.0,72.9,1,1,1,1,59.16,HIGH
Student_269,486,134.9,61.7,0.278,4,23,67,226.0,9,9.5,28.6,54.6,41.1,10.6,0.0,23.8,11.8,21.7,24.3,0.0,12,3,62.6,50.0,50.0,68.7,1,1,1,1,60.0,HIGH
Student_270,240,113.0,82.8,0.471,0,5,43,158.7,10,22.1,0.0,9.3,20.4,10.0,11.4,29.3,14.9,27.5,8.7,4.9,29,6,56.5,69.5,56.9,76.2,1,1,1,1,67.06,HIGH
Student_271,600,169.3,54.8,0.282,2,38,13,57.3,3,0.0,8.5,0.0,0.0,0.0,27.9,21.0,0.0,0.0,0.0,0.0,4,1,50.0,63.5,59.4,0.0,1,1,1,0,34.58,HIGH
Student_272,400,232.3,68.5,0.581,1,17,34,59.5,2,43.6,0.0,0.0,0.0,0.0,15.9,0.0,0.0,0.0,0.0,0.0,11,7,54.1,88.5,78.5,87.8,1,1,1,1,79.34,MEDIUM
Student_273,240,29.1,37.0,0.121,0,17,16,31.2,4,0.0,0.0,22.0,0.0,0.0,0.1,0.0,3.3,0.0,5.8,0.0,2,0,50.0,62.4,62.4,50.0,1,1,1,1,54.96,HIGH
Student_274,200,83.8,60.0,0.419,0,10,26,90.9,8,4.3,6.5,18.3,11.9,0.0,7.5,19.5,4.0,0.0,0.0,18.8,7,4,50.5,86.6,84.5,71.4,1,1,1,1,72.88,HIGH
Student_275,200,38.8,52.0,0.194,1,12,25,92.3,3,0.0,21.2,27.4,0.0,0.0,0.0,43.7,0.0,0.0,0.0,0.0,5,2,50.0,68.9,62.5,57.1,1,1,1,1,59.12,HIGH
Student_276,300,157.3,69.2,0.524,0,12,74,129.6,8,8.1,15.4,0.0,6.1,16.2,45.1,14.7,0.0,0.6,23.4,0.0,4,2,75.7,86.5,92.8,93.8,1,1,1,1,88.52,LOW
Student_277,200,140.8,86.2,0.704,1,4,51,81.7,5,21.3,1.6,5.6,0.0,0.0,26.9,0.0,0.0,0.0,0.0,26.3,4,2,83.8,68.0,79.2,100.0,1,1,1,1,86.2,LOW
Student_278,486,239.4,64.8,0.493,1,25,45,203.5,8,9.2,21.9,0.0,65.3,24.5,0.0,47.3,0.0,4.4,27.8,3.1,20,5,53.6,55.2,51.1,74.0,1,1,1,1,61.58,HIGH
Student_279,600,316.7,90.8,0.528,0,7,71,258.8,6,38.3,34.8,0.0,15.1,0.0,80.2,5.2,85.2,0.0,0.0,0.0,2,0,88.0,91.9,92.7,89.5,1,1,1,1,90.32,LOW
Student_280,486,45.6,43.1,0.094,2,33,25,119.3,3,0.0,0.0,0.0,72.3,0.0,23.2,0.0,0.0,0.0,0.0,23.8,6,4,50.0,50.0,50.0,50.0,1,1,1,1,50.0,HIGH
Student_281,400,92.2,54.9,0.23,3,23,18,57.3,4,0.0,0.0,15.8,0.0,0.0,3.1,0.0,0.0,0.0,13.8,24.7,17,6,50.0,65.0,55.2,66.5,1,1,1,1,60.64,HIGH
Student_282,600,9.4,11.8,0.016,1,67,4,19.2,3,0.0,0.0,0.0,0.0,0.0,0.0,0.0,0.4,6.3,0.0,12.5,3,0,50.0,50.0,50.0,50.0,1,1,1,1,50.0,HIGH
Student_283,400,222.2,88.5,0.556,2,6,32,59.2,8,15.4,0.0,4.0,3.5,4.4,0.0,0.0,6.9,11.9,3.9,9.3,18,10,52.5,96.1,92.4,78.4,1,1,1,1,79.56,MEDIUM
Student_284,486,327.3,78.9,0.673,0,15,56,121.1,8,16.7,30.8,2.6,12.0,0.0,0.0,33.9,2.1,10.8,12.2,0.0,5,1,69.9,75.1,70.1,82.2,1,1,1,1,75.9,MEDIUM
Student_285,240,124.5,71.0,0.519,0,9,38,173.6,9,13.4,7.4,29.1,8.5,69.0,19.7,2.7,5.6,0.0,0.0,18.1,4,1,61.6,82.4,82.2,92.2,1,1,1,1,82.12,MEDIUM
Student_286,600,161.9,59.3,0.27,8,35,20,99.9,4,0.0,28.4,0.0,0.0,0.0,11.0,0.0,38.7,21.7,0.0,0.0,15,3,50.0,50.0,50.0,61.6,1,1,1,1,54.64,HIGH
Student_287,486,104.7,46.3,0.215,0,29,12,56.1,6,3.6,3.4,0.0,3.0,0.0,12.2,10.4,0.0,0.0,0.0,23.5,3,2,50.0,60.9,72.2,0.0,1,1,1,0,36.62,HIGH
Student_288,240,123.7,68.8,0.515,1,10,18,87.1,5,0.0,0.0,23.0,0.0,14.4,34.1,0.0,0.0,0.0,7.2,8.4,3,1,50.0,58.9,65.1,61.0,1,1,1,1,59.2,HIGH
Student_289,486,349.9,86.4,0.72,0,9,43,74.6,7,9.2,6.5,6.1,15.0,1.9,0.0,17.3,0.0,0.0,18.4,0.0,7,2,88.5,69.6,77.1,90.5,1,1,1,1,83.24,MEDIUM
Student_290,486,92.1,43.5,0.19,0,35,27,109.1,5,0.0,51.8,0.0,0.0,7.6,0.0,0.0,25.6,18.5,5.7,0.0,17,6,50.0,50.0,50.0,50.0,1,1,1,1,50.0,HIGH
Student_291,486,34.7,27.4,0.071,4,45,10,27.2,0,0.0,0.0,0.0,0.0,0.0,0.0,0.0,0.0,0.0,0.0,0.0,5,2,50.0,50.0,50.0,50.0,1,1,1,1,50.0,HIGH
Student_292,300,28.8,25.7,0.096,0,26,9,15.1,1,0.0,0.0,0.0,0.0,0.0,0.0,15.1,0.0,0.0,0.0,0.0,0,0,50.0,50.0,50.0,50.0,1,1,1,1,50.0,HIGH
Student_293,200,80.7,88.0,0.404,1,3,17,62.5,2,50.1,0.0,12.4,0.0,0.0,0.0,0.0,0.0,0.0,0.0,0.0,5,3,50.0,76.2,58.6,68.5,1,1,1,1,64.36,HIGH
Student_294,400,114.3,51.1,0.286,0,23,14,47.9,4,0.0,0.0,19.9,0.0,13.4,7.7,0.0,7.0,0.0,0.0,0.0,5,3,50.0,85.6,82.3,61.3,1,1,1,1,68.1,HIGH
Student_295,200,57.5,53.8,0.288,0,12,17,71.3,3,0.0,0.0,0.0,18.5,0.0,0.0,13.2,39.6,0.0,0.0,0.0,0,0,50.0,57.8,54.4,71.0,1,1,1,1,60.84,HIGH
Student_296,400,48.7,34.6,0.122,0,34,29,47.0,6,0.0,16.1,0.0,0.0,2.1,0.0,2.0,4.3,6.5,15.9,0.0,5,2,50.0,53.5,56.1,0.0,1,1,1,0,31.92,HIGH
Student_297,240,0.0,0.0,0.0,0,33,5,12.1,0,0.0,0.0,0.0,0.0,0.0,0.0,0.0,0.0,0.0,0.0,0.0,1,0,50.0,50.0,50.0,50.0,1,1,1,1,50.0,HIGH
Student_298,600,172.2,54.1,0.287,2,39,25,86.2,4,0.0,0.0,0.0,0.0,27.0,0.0,0.0,7.1,11.2,40.8,0.0,10,2,50.0,50.0,55.3,0.0,1,1,1,0,31.06,HIGH
Student_299,600,567.6,86.2,0.946,2,11,42,193.2,6,5.8,0.0,0.0,0.0,0.0,10.4,85.3,0.0,47.4,26.8,17.4,16,8,96.0,96.9,100.0,93.0,1,1,1,1,95.78,LOW
Student_300,240,160.7,100.0,0.67,0,0,55,189.7,9,0.8,3.8,30.8,14.0,10.3,24.4,0.0,70.5,20.9,0.0,14.3,7,4,95.2,100.0,89.8,92.3,1,1,1,1,93.92,LOW
Student_301,300,92.2,51.2,0.307,1,20,13,55.2,2,0.0,0.0,0.0,0.0,0.0,0.0,0.0,0.0,0.0,7.2,48.0,27,18,50.0,53.5,64.2,57.9,1,1,1,1,56.7,HIGH
Student_302,600,148.7,52.9,0.248,1,33,62,296.6,8,76.5,10.6,19.9,0.0,89.9,0.0,14.3,0.0,31.2,31.5,22.7,3,0,50.0,61.6,74.1,63.8,1,1,1,1,62.66,HIGH
Student_303,200,44.6,40.7,0.223,0,16,73,327.2,10,21.7,4.7,16.0,0.0,30.4,25.3,55.7,25.6,40.6,75.7,31.6,5,1,50.0,50.0,50.0,61.4,1,1,1,1,54.56,HIGH
Student_304,200,92.6,56.0,0.463,0,11,64,282.1,5,82.1,83.9,0.0,0.6,0.0,31.8,0.0,83.8,0.0,0.0,0.0,11,3,68.8,75.4,73.1,74.9,1,1,1,1,73.42,HIGH
Student_305,486,22.8,20.7,0.047,2,46,11,43.9,0,0.0,0.0,0.0,0.0,0.0,0.0,0.0,0.0,0.0,0.0,0.0,2,0,50.0,50.0,50.0,0.0,1,1,1,0,30.0,HIGH
Student_306,200,9.5,20.0,0.048,0,20,12,23.8,2,0.0,0.0,0.0,0.0,0.0,0.0,3.0,0.0,20.8,0.0,0.0,1,0,50.0,50.0,50.0,50.0,1,1,1,1,50.0,HIGH
Student_307,240,68.8,70.6,0.287,0,10,31,122.8,2,0.0,62.5,0.0,0.0,0.0,0.0,0.0,0.0,0.0,60.3,0.0,4,2,50.0,61.3,50.0,75.6,1,1,1,1,62.5,HIGH
Student_308,600,76.7,38.9,0.128,0,44,5,22.6,1,0.0,0.0,0.0,0.0,0.0,0.0,0.0,0.0,0.0,0.0,22.6,4,2,50.0,57.5,50.0,50.0,1,1,1,1,51.5,HIGH
Student_309,240,32.1,35.7,0.134,1,18,10,17.3,2,0.0,0.0,0.0,0.0,0.0,0.0,0.0,11.1,0.0,6.2,0.0,5,3,50.0,50.0,50.0,50.0,1,1,1,1,50.0,HIGH
Student_310,600,128.7,36.0,0.214,4,55,21,87.0,6,0.0,2.9,3.2,52.8,4.4,4.5,0.0,0.0,0.0,19.1,0.0,5,1,50.0,50.0,50.0,50.0,1,1,1,1,50.0,HIGH
Student_311,240,69.4,42.4,0.289,0,19,12,22.6,3,0.0,13.6,0.0,0.0,0.0,0.0,0.0,0.0,0.0,5.0,4.0,5,2,50.0,50.0,50.0,0.0,1,1,1,0,30.0,HIGH
Student_312,400,187.0,62.1,0.468,0,22,78,244.1,10,12.1,39.8,0.0,33.5,22.4,37.9,20.8,28.3,1.8,12.4,35.0,14,6,50.0,50.1,72.4,71.4,1,1,1,1,63.06,HIGH
Student_313,300,103.8,58.8,0.346,0,14,78,181.7,7,22.9,0.0,0.0,0.0,0.0,10.8,22.7,29.8,27.5,8.3,59.8,6,3,50.0,67.2,60.1,77.4,1,1,1,1,66.42,HIGH
Student_314,240,2.6,6.1,0.011,0,31,4,10.0,3,0.0,0.0,0.0,0.0,0.0,3.4,2.3,0.0,4.3,0.0,0.0,5,2,50.0,50.0,50.0,50.0,1,1,1,1,50.0,HIGH
Student_315,200,28.8,33.3,0.144,1,18,10,32.5,5,0.0,0.0,0.0,5.2,5.5,0.0,9.1,8.4,0.0,4.2,0.0,2,1,50.0,50.0,50.0,53.3,1,1,1,1,51.32,HIGH
Student_316,400,79.7,41.3,0.199,1,27,18,38.5,2,0.0,0.0,0.0,0.0,0.0,1.5,0.0,0.0,37.0,0.0,0.0,2,0,50.0,67.6,76.6,57.0,1,1,1,1,61.64,HIGH
Student_317,600,377.4,82.7,0.629,0,13,36,96.9,8,0.0,3.5,10.6,18.6,6.4,20.7,0.0,10.5,0.0,19.0,7.6,35,23,69.7,93.5,100.0,86.9,1,1,1,1,87.4,LOW
Student_318,400,32.9,23.4,0.082,0,36,20,54.9,3,0.0,0.0,0.0,0.0,0.0,0.0,6.1,25.4,23.4,0.0,0.0,8,1,50.0,58.9,50.3,50.0,1,1,1,1,51.84,HIGH
Student_319,486,49.8,32.4,0.102,4,48,3,7.9,3,0.0,0.0,0.0,2.0,0.0,0.0,2.5,0.0,3.3,0.0,0.0,13,2,50.0,50.0,50.0,0.0,1,1,1,0,30.0,HIGH
Student_320,400,248.7,80.0,0.622,0,9,21,83.1,5,0.0,3.5,19.7,3.2,0.0,0.0,0.0,0.0,0.0,30.8,25.9,10,4,56.0,82.4,74.5,60.8,1,1,1,1,66.9,HIGH
Student_321,240,233.8,88.2,0.974,0,4,76,255.6,10,4.4,47.3,48.6,25.5,53.4,0.0,8.1,14.0,11.0,17.9,25.4,7,4,100.0,79.2,77.4,91.1,1,1,1,1,87.76,LOW
Student_322,300,237.3,75.0,0.791,2,11,42,71.3,9,6.1,1.2,10.4,13.9,10.0,8.1,1.3,0.0,6.7,13.7,0.0,7,3,74.3,60.5,73.7,80.9,1,1,1,1,74.06,HIGH
Student_323,600,183.5,63.2,0.306,1,28,32,53.8,4,0.0,0.0,0.0,0.0,10.0,19.5,0.0,0.0,15.2,9.1,0.0,3,1,50.0,58.0,67.8,53.0,1,1,1,1,56.36,HIGH
Student_324,200,69.4,57.7,0.347,1,11,17,57.2,2,0.0,0.0,7.0,50.2,0.0,0.0,0.0,0.0,0.0,0.0,0.0,5,2,50.0,78.6,87.6,50.5,1,1,1,1,63.44,HIGH
Student_325,240,22.4,23.3,0.093,0,23,8,24.3,3,0.0,0.0,1.6,15.2,0.0,0.0,0.0,7.4,0.0,0.0,0.0,14,4,50.0,50.0,50.0,50.0,1,1,1,1,50.0,HIGH
Student_326,486,98.1,51.7,0.202,3,29,15,32.4,5,0.0,0.0,4.1,1.0,0.0,4.5,0.5,0.0,22.3,0.0,0.0,1,0,50.0,50.0,50.0,62.5,1,1,1,1,55.0,HIGH
Student_327,240,83.6,63.6,0.348,1,12,32,122.5,5,0.0,0.0,39.7,14.0,0.0,0.0,0.0,11.5,54.4,0.0,3.0,14,6,50.0,68.9,87.9,66.3,1,1,1,1,67.88,HIGH
Student_328,486,91.4,35.6,0.188,1,38,4,7.0,3,2.1,0.5,0.0,0.0,4.4,0.0,0.0,0.0,0.0,0.0,0.0,1,0,50.0,50.0,50.0,50.0,1,1,1,1,50.0,HIGH
Student_329,486,46.0,36.7,0.095,1,38,24,41.5,3,5.6,0.0,0.0,0.0,0.0,0.0,24.1,0.0,0.0,11.8,0.0,3,0,50.0,50.0,54.5,50.0,1,1,1,1,50.9,HIGH
Student_330,400,275.7,85.7,0.689,2,8,22,92.2,6,10.7,10.1,23.7,31.6,0.0,0.0,10.4,0.0,0.0,0.0,5.7,8,3,60.6,78.8,79.3,74.7,1,1,1,1,73.62,HIGH
Student_331,400,78.3,60.4,0.196,1,19,22,90.5,4,0.0,12.0,0.0,0.0,13.5,0.0,0.0,0.0,0.0,16.6,48.3,4,0,50.0,50.0,57.4,59.4,1,1,1,1,55.24,HIGH
Student_332,400,57.6,32.7,0.144,0,37,11,34.5,5,5.5,17.3,0.0,0.0,2.5,0.0,0.0,3.0,6.3,0.0,0.0,9,3,50.0,55.5,50.0,0.0,1,1,1,0,31.1,HIGH
Student_333,240,0.8,7.4,0.003,0,25,12,23.7,2,0.0,0.0,0.0,9.7,0.0,0.0,0.0,0.0,14.0,0.0,0.0,11,3,50.0,50.0,50.0,50.0,1,1,1,1,50.0,HIGH
Student_334,200,44.2,51.7,0.221,0,14,53,192.6,6,0.0,0.0,0.0,0.0,33.5,67.1,48.5,14.2,0.0,11.2,18.1,6,3,50.0,50.0,50.0,0.0,1,1,1,0,30.0,HIGH
Student_335,300,130.7,80.0,0.436,2,7,64,169.2,6,0.0,36.2,36.4,0.0,0.0,41.7,0.0,0.0,15.6,34.0,5.3,0,0,63.9,81.7,71.1,95.4,1,1,1,1,81.5,MEDIUM
Student_336,600,117.9,50.6,0.196,7,39,32,68.9,5,8.3,0.0,0.0,0.0,0.0,6.0,7.7,0.0,11.0,0.0,36.0,4,1,50.0,50.0,59.4,0.0,1,1,1,0,31.88,HIGH
Student_337,400,34.0,34.0,0.085,2,35,0,0.0,1,0.0,0.0,0.0,0.0,0.0,0.0,0.0,0.0,0.0,0.0,0.0,5,2,50.0,50.0,50.0,50.0,1,1,1,1,50.0,HIGH
Student_338,200,80.0,64.0,0.4,1,9,16,62.7,2,0.0,24.9,37.8,0.0,0.0,0.0,0.0,0.0,0.0,0.0,0.0,1,0,50.0,62.0,66.3,79.6,1,1,1,1,67.5,HIGH
Student_339,200,2.5,20.0,0.012,1,20,5,13.4,1,0.0,0.0,0.0,0.0,0.0,0.0,0.0,0.0,0.0,13.4,0.0,1,0,50.0,50.0,50.0,50.0,1,1,1,1,50.0,HIGH
Student_340,400,92.2,40.4,0.23,1,28,26,83.4,2,0.0,0.0,0.0,0.0,0.0,0.0,14.8,0.0,0.0,68.6,0.0,19,10,50.0,78.2,54.1,56.7,1,1,1,1,59.14,HIGH
Student_341,300,89.3,54.1,0.298,0,17,33,78.4,5,0.0,16.4,33.5,9.3,11.9,0.0,0.0,0.0,7.3,0.0,0.0,3,1,50.0,55.8,52.6,50.0,1,1,1,1,51.68,HIGH
Student_342,600,271.4,69.8,0.452,2,26,20,55.1,4,0.0,0.0,36.3,1.6,13.9,0.0,3.3,0.0,0.0,0.0,0.0,14,3,50.0,80.1,74.5,58.4,1,1,1,1,64.28,HIGH
Student_343,300,161.1,80.5,0.537,0,8,75,254.3,9,3.0,41.9,23.7,0.0,79.3,14.8,32.0,8.5,0.0,26.1,25.1,27,8,67.9,72.1,70.5,88.1,1,1,1,1,77.34,MEDIUM
Student_344,600,493.0,95.5,0.822,7,4,63,260.8,6,0.0,20.7,32.8,107.8,0.0,0.0,0.0,25.1,19.8,0.0,54.7,3,1,95.4,95.8,95.9,98.6,1,1,1,1,96.86,LOW
Student_345,200,53.0,57.1,0.265,0,12,19,28.7,5,0.0,0.0,0.0,12.8,4.4,3.3,4.4,0.0,0.0,3.8,0.0,5,2,50.0,54.9,60.6,50.0,1,1,1,1,53.1,HIGH
Student_346,300,97.0,58.1,0.323,2,18,24,44.1,6,0.0,3.9,11.4,0.0,3.4,6.9,0.0,13.8,0.0,4.6,0.0,2,0,50.0,50.0,56.1,65.3,1,1,1,1,57.34,HIGH
Student_347,240,44.0,38.7,0.183,3,19,17,42.0,6,10.5,17.2,0.0,5.5,4.0,0.0,0.0,0.0,0.0,0.3,4.4,3,1,50.0,50.0,50.0,0.0,1,1,1,0,30.0,HIGH
Student_348,240,8.2,14.3,0.034,0,24,2,6.8,2,0.0,0.0,0.0,0.0,0.0,2.7,0.0,4.1,0.0,0.0,0.0,5,2,50.0,50.0,50.0,0.0,1,1,1,0,30.0,HIGH
Student_349,240,149.7,96.6,0.624,0,1,60,181.7,6,0.0,40.9,0.0,54.6,50.6,8.6,0.0,0.0,8.9,0.0,18.1,11,4,99.7,92.6,92.2,100.0,1,1,1,1,96.9,LOW
Student_350,600,23.4,17.3,0.039,3,62,2,4.2,3,0.0,1.1,0.0,0.0,0.0,0.0,0.0,0.0,0.0,2.5,0.6,3,0,50.0,50.0,50.0,0.0,1,1,1,0,30.0,HIGH
Student_351,200,63.8,52.0,0.319,0,12,10,37.8,4,0.0,0.0,9.0,0.0,0.0,0.0,14.5,0.0,7.6,0.0,6.7,26,11,50.0,68.3,85.5,64.7,1,1,1,1,66.64,HIGH
Student_352,200,95.9,72.0,0.48,0,7,77,239.9,5,74.4,79.4,0.0,0.0,47.8,0.0,7.4,30.8,0.0,0.0,0.0,3,1,59.3,68.4,75.6,78.7,1,1,1,1,72.14,HIGH
Student_353,486,21.1,21.5,0.043,2,51,33,62.9,3,0.0,0.0,0.0,0.0,35.4,0.0,0.0,0.0,0.0,8.6,18.9,3,1,50.0,50.0,50.0,50.0,1,1,1,1,50.0,HIGH
Student_354,200,152.5,74.1,0.762,0,7,25,71.9,6,0.0,17.6,0.0,3.6,22.1,5.0,0.0,21.3,2.4,0.0,0.0,8,4,50.0,73.3,74.6,82.8,1,1,1,1,72.7,HIGH
Student_355,300,231.3,100.0,0.771,0,0,46,199.4,8,14.8,0.0,0.0,38.0,9.8,53.1,0.0,8.6,31.9,4.8,38.3,14,4,99.9,77.7,80.5,84.9,1,1,1,1,85.58,LOW
Student_356,200,125.1,82.1,0.626,0,5,60,288.7,6,0.0,7.6,0.0,92.1,0.0,0.0,34.1,0.0,46.9,41.2,66.8,8,3,83.0,87.0,85.7,95.8,1,1,1,1,89.46,LOW
Student_357,400,150.7,67.9,0.377,1,17,12,46.8,3,0.0,0.0,0.0,4.0,0.0,0.0,24.2,0.0,0.0,0.0,18.6,2,0,50.0,60.1,78.9,69.6,1,1,1,1,65.64,HIGH
Student_358,600,150.3,61.0,0.25,6,30,8,16.4,3,0.0,9.9,5.1,0.0,1.4,0.0,0.0,0.0,0.0,0.0,0.0,11,3,50.0,51.7,59.2,0.0,1,1,1,0,32.18,HIGH
Student_359,240,48.3,51.7,0.201,0,14,27,133.2,6,0.0,15.6,29.8,22.3,0.0,0.0,25.4,0.0,2.1,0.0,37.9,15,9,50.0,61.7,62.0,57.9,1,1,1,1,57.9,HIGH
Student_360,486,347.2,80.4,0.714,3,11,77,271.9,9,23.5,37.8,29.9,19.6,7.1,54.2,21.2,6.3,72.4,0.0,0.0,3,0,78.1,99.1,75.4,95.0,1,1,1,1,88.52,LOW
Student_361,400,106.6,50.0,0.266,3,29,17,55.6,5,0.0,0.0,0.0,15.9,0.0,4.5,6.4,0.0,0.0,25.6,3.2,6,3,50.0,62.5,60.3,0.0,1,1,1,0,34.56,HIGH
Student_362,200,30.2,44.0,0.151,2,14,19,45.8,6,0.0,0.0,0.0,14.5,0.0,4.5,10.3,11.7,2.3,2.4,0.0,8,2,50.0,50.0,50.0,0.0,1,1,1,0,30.0,HIGH
Student_363,400,259.6,91.8,0.649,0,4,31,103.9,3,0.0,0.0,7.2,71.7,0.0,0.0,25.0,0.0,0.0,0.0,0.0,6,1,63.1,69.4,73.1,80.5,1,1,1,1,73.32,HIGH
Student_364,240,91.1,55.9,0.38,0,15,46,110.0,5,12.7,29.5,8.7,0.0,0.0,10.4,48.7,0.0,0.0,0.0,0.0,12,4,50.0,85.4,86.8,73.9,1,1,1,1,74.0,HIGH
Student_365,600,574.3,98.8,0.957,1,1,41,61.7,7,1.1,0.0,0.0,0.0,6.5,10.6,26.4,10.7,2.3,4.1,0.0,9,2,83.1,99.8,92.0,100.0,1,1,1,1,94.98,LOW
Student_366,600,486.1,80.5,0.81,0,15,75,344.6,5,0.0,0.0,0.0,11.0,108.0,0.0,46.7,0.0,0.0,70.9,107.9,6,2,88.5,100.0,90.2,94.9,1,1,1,1,93.7,LOW
Student_367,400,98.3,55.4,0.246,1,25,13,53.4,0,0.0,0.0,0.0,0.0,0.0,0.0,0.0,0.0,0.0,0.0,0.0,9,5,50.0,50.0,50.0,0.0,1,1,1,0,30.0,HIGH
Student_368,486,375.3,86.4,0.772,0,9,36,133.5,6,49.1,27.8,3.7,3.4,40.0,0.0,0.0,0.0,9.6,0.0,0.0,11,3,72.9,79.7,79.3,93.5,1,1,1,1,83.78,MEDIUM
Student_369,200,80.1,76.0,0.4,1,6,78,375.6,7,0.0,6.1,33.3,167.0,0.0,39.4,0.0,40.6,44.5,44.8,0.0,10,2,55.7,77.2,73.1,85.0,1,1,1,1,75.2,MEDIUM
Student_370,300,7.7,9.3,0.026,0,39,2,4.1,0,0.0,0.0,0.0,0.0,0.0,0.0,0.0,0.0,0.0,0.0,0.0,1,0,50.0,50.0,50.0,50.0,1,1,1,1,50.0,HIGH
Student_371,300,158.9,61.5,0.53,0,15,42,118.0,8,10.6,11.2,0.9,10.3,0.0,0.0,20.9,25.6,25.2,0.0,13.3,13,7,70.6,65.3,60.3,80.4,1,1,1,1,71.4,HIGH
Student_372,486,126.5,61.2,0.26,1,26,11,42.7,2,0.0,0.0,0.0,0.0,0.0,3.0,39.7,0.0,0.0,0.0,0.0,2,0,50.0,50.0,50.0,50.0,1,1,1,1,50.0,HIGH
Student_373,600,342.2,81.4,0.57,0,13,78,236.9,10,18.0,23.3,0.0,16.0,23.5,14.1,26.8,14.6,61.2,22.3,17.2,20,5,93.4,100.0,100.0,100.0,1,1,1,1,98.68,LOW
Student_374,600,509.9,88.6,0.85,1,9,31,123.4,7,10.4,17.5,8.4,37.0,32.1,0.0,0.0,10.6,0.0,7.4,0.0,38,18,79.9,76.7,94.8,94.2,1,1,1,1,87.96,LOW
Student_375,600,529.8,96.0,0.883,0,3,57,142.0,10,0.0,19.8,7.7,7.4,11.6,1.6,4.8,10.7,29.0,43.3,6.1,21,11,84.8,94.5,97.8,99.2,1,1,1,1,95.1,LOW
Student_376,486,0.0,0.0,0.0,0,67,10,35.4,1,0.0,0.0,0.0,0.0,0.0,0.0,0.0,0.0,35.4,0.0,0.0,4,1,50.0,50.0,50.0,50.0,1,1,1,1,50.0,HIGH
Student_377,240,85.1,75.9,0.355,0,7,19,49.6,4,4.0,0.0,0.0,0.0,14.7,7.0,0.0,0.0,0.0,23.9,0.0,12,6,50.0,81.2,76.7,57.4,1,1,1,1,64.54,HIGH
Student_378,240,135.4,67.6,0.564,1,11,51,225.1,5,88.9,0.0,7.0,15.2,0.0,0.0,28.4,0.0,0.0,0.0,85.6,3,1,63.5,78.2,64.9,81.8,1,1,1,1,74.04,HIGH
Student_379,486,42.7,39.0,0.088,3,36,23,59.0,4,0.0,9.0,13.4,0.0,0.0,13.1,0.0,23.5,0.0,0.0,0.0,6,1,50.0,50.0,50.0,0.0,1,1,1,0,30.0,HIGH
Student_380,240,12.1,14.3,0.05,0,30,7,14.7,3,1.1,0.0,0.0,0.0,9.1,0.0,0.0,0.0,4.4,0.0,0.0,8,5,50.0,54.1,50.0,0.0,1,1,1,0,30.82,HIGH
Student_381,600,258.4,68.8,0.431,3,25,34,59.3,7,25.8,0.0,0.0,0.7,3.2,0.0,3.4,3.7,3.1,0.0,19.5,0,0,55.2,68.5,63.5,72.1,1,1,1,1,66.28,HIGH
Student_382,240,160.3,73.5,0.668,0,9,59,269.8,7,0.0,69.7,51.9,25.4,23.8,51.6,0.0,42.5,0.0,5.0,0.0,1,0,78.4,94.0,89.8,85.5,1,1,1,1,86.64,LOW
Student_383,300,14.2,27.5,0.047,0,29,14,60.7,3,0.0,0.0,0.0,0.0,10.8,0.0,0.0,22.9,0.0,0.0,27.0,2,0,50.0,50.0,50.0,0.0,1,1,1,0,30.0,HIGH
Student_384,600,411.8,90.1,0.686,4,8,55,199.8,10,15.5,30.4,9.0,14.1,59.9,1.5,22.7,23.3,18.7,0.0,4.6,7,3,73.3,84.1,96.5,100.0,1,1,1,1,90.78,LOW
Student_385,300,136.4,60.0,0.455,0,14,49,193.1,8,15.4,3.1,59.5,0.0,33.6,41.6,0.0,25.2,6.3,0.0,8.3,2,0,60.7,74.3,64.8,91.6,1,1,1,1,76.6,MEDIUM
Student_386,400,60.7,35.7,0.152,5,36,27,111.7,2,0.0,0.0,0.0,0.0,0.0,0.0,37.5,0.0,0.0,74.2,0.0,3,1,50.0,50.0,50.0,50.0,1,1,1,1,50.0,HIGH
Student_387,600,255.3,53.9,0.426,4,41,70,222.5,7,68.3,0.0,21.5,0.0,35.8,0.0,0.0,21.3,8.5,35.8,31.3,5,1,50.0,62.7,77.9,81.8,1,1,1,1,70.84,HIGH
Student_388,486,392.2,86.8,0.807,1,9,69,124.9,7,5.7,0.0,7.6,0.0,12.8,39.1,0.0,0.0,0.6,9.7,49.4,9,6,96.7,90.3,95.9,96.6,1,1,1,1,95.22,LOW
Student_389,240,21.0,39.4,0.088,2,20,9,26.3,1,0.0,0.0,0.0,0.0,0.0,0.0,0.0,0.0,0.0,26.3,0.0,1,0,50.0,50.0,50.0,50.0,1,1,1,1,50.0,HIGH
Student_390,600,4.9,10.1,0.008,1,80,13,55.2,3,0.0,14.7,0.0,0.0,10.3,30.2,0.0,0.0,0.0,0.0,0.0,1,0,50.0,50.0,50.0,0.0,1,1,1,0,30.0,HIGH
Student_391,400,314.2,91.1,0.786,0,4,68,160.3,9,0.0,3.5,6.1,19.4,13.7,17.9,0.0,7.6,19.5,56.0,16.7,1,0,84.9,91.4,82.6,99.0,1,1,1,1,91.38,LOW
Student_392,486,353.7,83.1,0.728,0,10,74,136.0,10,4.8,0.0,10.1,2.4,11.9,23.0,1.7,8.2,13.3,16.2,44.3,71,37,82.1,90.2,100.0,99.8,1,1,1,1,94.38,LOW
Student_393,300,90.4,45.2,0.301,1,23,18,47.6,3,27.5,0.0,0.0,0.0,0.0,2.6,0.0,17.6,0.0,0.0,0.0,8,2,50.0,64.5,55.9,55.4,1,1,1,1,56.24,HIGH
Student_394,600,394.3,89.5,0.657,3,9,47,89.9,6,7.9,16.5,0.0,0.0,9.5,0.0,1.3,16.9,0.0,37.8,0.0,4,1,93.8,100.0,100.0,100.0,1,1,1,1,98.76,LOW
Student_395,200,46.4,44.0,0.232,0,14,11,53.9,3,0.0,0.0,21.4,23.3,9.2,0.0,0.0,0.0,0.0,0.0,0.0,4,2,50.0,50.0,50.0,50.0,1,1,1,1,50.0,HIGH
Student_396,200,95.4,65.5,0.477,1,10,37,82.2,8,7.9,0.0,8.6,0.9,11.3,0.0,8.9,13.3,8.4,22.8,0.0,4,0,58.1,72.3,81.7,76.7,1,1,1,1,73.1,HIGH
Student_397,300,124.8,77.1,0.416,0,8,23,110.3,4,32.3,0.0,0.0,0.0,50.6,0.0,0.0,20.0,0.0,0.0,7.4,8,2,50.0,56.4,61.6,70.7,1,1,1,1,61.88,HIGH
Student_398,240,126.1,75.8,0.525,1,8,78,357.0,8,107.8,9.4,62.1,27.1,0.0,0.0,4.6,45.0,39.4,0.0,61.6,3,0,50.0,73.1,82.8,79.8,1,1,1,1,73.1,HIGH
Student_399,200,0.0,0.0,0.0,0,25,0,0.0,0,0.0,0.0,0.0,0.0,0.0,0.0,0.0,0.0,0.0,0.0,0.0,3,1,50.0,50.0,50.0,50.0,1,1,1,1,50.0,HIGH
Student_400,486,57.6,37.0,0.119,2,34,7,25.9,2,0.0,0.0,0.0,0.0,0.0,10.8,0.0,15.1,0.0,0.0,0.0,9,2,50.0,50.0,50.0,50.0,1,1,1,1,50.0,HIGH
Student_401,240,195.1,93.3,0.813,1,2,51,95.5,10,10.3,7.1,3.8,0.0,16.6,4.6,0.7,15.1,17.5,8.6,11.1,26,6,72.2,73.0,77.5,79.3,1,1,1,1,76.26,MEDIUM
Student_402,400,74.6,43.9,0.186,0,32,19,85.6,6,0.0,13.3,11.3,8.0,0.0,0.0,36.7,0.0,8.4,7.8,0.0,2,1,50.0,67.1,63.1,0.0,1,1,1,0,36.04,HIGH
Student_403,200,52.3,51.9,0.262,1,13,27,82.0,6,12.1,7.3,0.0,0.0,16.2,9.4,26.1,0.0,10.7,0.0,0.0,2,0,50.0,75.2,76.1,56.3,1,1,1,1,62.78,HIGH
Student_404,200,77.9,68.0,0.39,0,8,24,93.8,3,0.0,49.1,0.0,0.0,0.0,0.0,0.0,26.4,0.0,0.0,18.2,4,2,50.0,51.4,50.0,58.9,1,1,1,1,53.84,HIGH
Student_405,486,92.2,51.8,0.19,0,27,11,42.3,4,0.0,0.0,10.9,0.0,0.0,0.0,0.0,26.5,1.0,0.0,3.9,2,1,50.0,50.0,50.0,50.0,1,1,1,1,50.0,HIGH
Student_406,200,71.1,61.5,0.356,1,10,11,37.8,2,0.0,0.0,0.0,0.0,0.0,0.0,12.6,0.0,25.2,0.0,0.0,4,0,50.0,84.4,80.2,51.9,1,1,1,1,63.68,HIGH
Student_407,240,5.8,10.7,0.024,0,25,4,14.4,0,0.0,0.0,0.0,0.0,0.0,0.0,0.0,0.0,0.0,0.0,0.0,6,2,50.0,50.0,50.0,50.0,1,1,1,1,50.0,HIGH
Student_408,300,120.1,65.9,0.4,2,15,11,29.5,4,0.0,3.9,0.0,5.8,0.0,0.0,0.0,0.0,12.1,7.7,0.0,1,0,50.0,57.8,60.9,71.7,1,1,1,1,62.42,HIGH
Student_409,400,200.6,68.8,0.501,2,15,65,135.1,10,2.3,7.1,4.1,13.1,18.7,0.0,6.9,4.8,15.4,33.1,29.4,9,5,60.1,86.5,80.5,74.1,1,1,1,1,75.06,MEDIUM
Student_410,400,206.7,75.9,0.517,3,14,28,49.8,6,3.0,0.0,0.0,4.1,0.0,21.8,16.7,0.0,1.7,0.0,2.4,9,3,57.9,70.9,74.0,76.3,1,1,1,1,71.08,HIGH
Student_411,240,108.4,64.5,0.452,0,11,25,104.9,4,0.0,0.0,14.3,0.0,0.0,0.0,0.0,73.1,0.0,13.2,4.3,6,1,50.0,76.7,74.1,58.6,1,1,1,1,63.6,HIGH
Student_412,400,20.7,27.7,0.052,0,34,8,31.8,1,0.0,0.0,0.0,0.0,0.0,0.0,0.0,0.0,0.0,31.8,0.0,9,2,50.0,50.0,50.0,50.0,1,1,1,1,50.0,HIGH
Student_413,486,10.2,10.6,0.021,1,59,10,31.1,0,0.0,0.0,0.0,0.0,0.0,0.0,0.0,0.0,0.0,0.0,0.0,1,0,50.0,50.0,50.0,0.0,1,1,1,0,30.0,HIGH
Student_414,486,369.0,85.5,0.759,0,10,26,68.6,5,0.0,9.8,18.2,8.8,30.5,1.3,0.0,0.0,0.0,0.0,0.0,8,5,54.3,98.1,96.4,83.0,1,1,1,1,82.96,MEDIUM
Student_415,240,30.5,27.6,0.127,0,21,32,51.3,3,0.0,0.0,0.0,28.3,0.0,0.0,0.0,0.0,16.9,0.0,6.1,3,1,50.0,50.0,50.0,0.0,1,1,1,0,30.0,HIGH
Student_416,300,54.4,44.4,0.181,3,20,29,78.0,2,0.0,0.0,45.9,0.0,0.0,0.0,0.0,0.0,0.0,0.0,32.1,4,0,50.0,50.0,50.0,50.0,1,1,1,1,50.0,HIGH
Student_417,486,168.2,59.4,0.346,2,28,32,98.9,3,28.2,0.0,67.2,0.0,0.0,0.0,0.0,0.0,0.0,0.0,3.4,5,2,50.0,78.5,77.9,54.4,1,1,1,1,63.04,HIGH
Student_418,200,7.1,25.0,0.036,0,21,11,47.5,3,0.0,0.0,0.0,18.5,0.0,0.0,0.0,0.0,0.0,15.0,14.0,1,0,50.0,50.0,50.0,50.0,1,1,1,1,50.0,HIGH
Student_419,600,227.6,73.5,0.379,0,18,16,31.1,3,0.0,0.0,0.0,0.0,1.8,3.2,0.0,0.0,26.1,0.0,0.0,10,5,50.0,69.8,78.2,72.3,1,1,1,1,68.52,HIGH
Student_420,400,182.5,63.6,0.456,1,20,24,40.9,2,0.0,0.0,0.0,0.0,12.7,0.0,0.0,0.0,28.2,0.0,0.0,2,1,50.0,62.3,78.8,59.0,1,1,1,1,61.82,HIGH
Student_421,240,101.2,77.8,0.422,0,6,70,269.6,7,0.0,0.0,23.2,36.6,6.2,20.6,124.5,28.1,0.0,30.4,0.0,7,3,70.1,76.9,91.2,88.4,1,1,1,1,83.0,MEDIUM
Student_422,600,27.9,23.8,0.046,1,64,6,13.0,2,0.0,0.0,0.0,0.0,0.0,0.0,0.0,10.4,2.6,0.0,0.0,1,0,50.0,50.0,50.0,50.0,1,1,1,1,50.0,HIGH
Student_423,300,98.5,74.4,0.328,1,10,26,59.2,6,0.0,0.0,10.4,5.2,16.6,3.7,0.0,0.0,9.2,14.1,0.0,10,2,50.0,70.9,65.6,64.7,1,1,1,1,63.18,HIGH
Student_424,486,92.4,49.3,0.19,0,36,26,125.0,4,30.0,8.1,9.8,0.0,0.0,0.0,0.0,0.0,77.1,0.0,0.0,0,0,50.0,50.0,50.0,0.0,1,1,1,0,30.0,HIGH
Student_425,240,44.7,44.8,0.186,0,16,19,92.0,4,27.2,0.0,0.0,10.0,0.0,0.0,25.1,0.0,0.0,29.7,0.0,4,2,50.0,58.4,50.0,0.0,1,1,1,0,31.68,HIGH
Student_426,400,74.1,55.3,0.185,1,21,11,19.5,5,0.0,0.0,5.8,0.7,0.0,0.5,0.0,7.0,0.0,5.5,0.0,2,1,50.0,59.7,57.5,0.0,1,1,1,0,33.44,HIGH
Student_427,200,108.9,68.0,0.544,0,8,68,277.5,10,35.9,49.1,25.9,30.9,5.7,11.8,0.0,15.3,10.0,27.6,65.2,4,2,63.6,98.9,87.8,77.2,1,1,1,1,80.94,MEDIUM
Student_428,240,158.1,67.7,0.659,0,10,52,168.0,6,0.0,0.0,57.6,0.0,5.7,0.0,33.0,32.5,13.0,26.2,0.0,16,4,69.6,93.6,83.5,86.8,1,1,1,1,84.06,MEDIUM
Student_429,300,105.4,63.9,0.351,0,13,34,122.3,5,0.0,54.3,0.0,0.0,3.8,5.4,0.0,24.7,0.0,0.0,34.1,6,3,50.0,92.0,88.5,69.2,1,1,1,1,73.78,HIGH
Student_430,600,367.5,65.2,0.612,0,31,40,72.3,10,10.2,9.2,24.2,0.0,7.5,9.4,0.7,1.2,0.5,2.9,6.5,4,2,50.3,69.5,62.4,73.3,1,1,1,1,65.76,HIGH
Student_431,200,103.1,61.5,0.516,0,10,73,223.2,8,0.0,0.0,0.0,17.1,18.1,6.8,29.5,45.7,47.5,34.7,23.8,5,2,50.0,85.6,94.0,87.2,1,1,1,1,80.8,MEDIUM
Student_432,486,192.1,66.7,0.395,2,19,34,164.0,4,0.0,0.0,29.2,13.4,0.0,118.3,0.0,3.0,0.0,0.0,0.0,5,2,50.0,51.6,52.3,50.0,1,1,1,1,50.78,HIGH
Student_433,300,132.1,57.5,0.44,0,17,78,218.4,5,0.0,0.0,89.6,46.0,0.0,48.4,24.7,0.0,0.0,0.0,9.7,7,2,50.0,59.6,79.7,77.4,1,1,1,1,68.82,HIGH
Student_434,240,147.5,70.6,0.615,0,10,71,108.9,6,10.2,18.3,0.0,5.8,38.2,0.0,0.0,20.9,0.0,0.0,15.4,5,1,52.8,56.4,63.5,81.1,1,1,1,1,66.98,HIGH
Student_435,400,261.0,92.2,0.652,0,4,31,62.4,6,4.0,0.0,0.0,0.0,5.4,5.3,0.0,21.0,0.0,3.6,23.1,4,2,81.2,100.0,93.1,95.7,1,1,1,1,93.14,LOW
Student_436,200,88.7,73.1,0.444,0,7,44,204.0,7,10.1,43.7,0.0,0.0,34.3,35.2,11.5,0.0,35.3,0.0,33.9,8,2,75.6,63.5,74.7,82.0,1,1,1,1,75.56,MEDIUM
Student_437,240,142.2,96.6,0.592,1,1,48,138.0,10,29.8,6.2,6.5,3.2,10.7,0.0,6.0,4.6,9.8,52.0,9.2,10,2,87.5,95.1,94.4,98.9,1,1,1,1,94.96,LOW
Student_438,600,93.4,42.9,0.156,1,40,30,108.0,5,56.0,0.0,34.9,0.0,0.0,8.1,0.0,2.5,0.0,6.5,0.0,6,2,50.0,84.7,57.4,0.0,1,1,1,0,38.42,HIGH
Student_439,400,40.4,37.3,0.101,4,32,2,3.4,2,0.0,0.0,0.0,0.0,0.0,0.0,1.4,2.0,0.0,0.0,0.0,3,0,50.0,50.0,50.0,0.0,1,1,1,0,30.0,HIGH
Student_440,200,47.5,48.0,0.238,0,13,49,206.5,6,23.4,0.0,0.0,33.5,50.9,0.0,0.0,14.5,0.0,78.4,5.8,4,1,50.0,92.5,71.7,63.8,1,1,1,1,68.36,HIGH
Student_441,600,403.4,81.7,0.672,0,15,78,204.0,5,29.3,51.5,0.0,6.2,28.6,88.6,0.0,0.0,0.0,0.0,0.0,6,3,77.7,76.3,100.0,98.7,1,1,1,1,90.28,LOW
Student_442,300,82.8,56.1,0.276,2,18,2,5.6,1,0.0,0.0,0.0,0.0,0.0,5.6,0.0,0.0,0.0,0.0,0.0,11,2,50.0,66.6,60.4,51.8,1,1,1,1,56.12,HIGH
Student_443,600,6.7,7.6,0.011,0,73,14,25.5,1,0.0,0.0,0.0,0.0,0.0,0.0,25.5,0.0,0.0,0.0,0.0,6,1,50.0,50.0,50.0,50.0,1,1,1,1,50.0,HIGH
Student_444,600,250.3,73.4,0.417,2,21,29,57.2,4,0.0,0.0,0.0,5.2,0.0,1.6,23.4,27.0,0.0,0.0,0.0,20,7,50.0,62.7,71.4,63.2,1,1,1,1,62.1,HIGH
Student_445,200,44.3,38.5,0.221,0,16,33,115.9,5,0.0,11.2,0.0,13.5,0.0,0.0,0.0,21.8,0.0,36.2,33.3,10,5,50.0,50.0,50.0,0.0,1,1,1,0,30.0,HIGH
Student_446,200,22.6,32.0,0.113,0,17,15,28.1,5,0.0,0.0,2.3,1.1,0.0,0.0,0.0,0.0,11.7,3.0,10.0,9,5,50.0,50.0,50.0,50.0,1,1,1,1,50.0,HIGH
Student_447,240,66.9,69.0,0.279,0,9,28,71.0,9,6.1,0.9,21.6,1.3,20.2,5.7,0.0,9.0,0.7,0.0,5.5,15,5,50.0,79.1,76.0,72.1,1,1,1,1,69.86,HIGH
Student_448,600,274.4,65.0,0.457,0,28,77,265.3,8,0.0,13.5,12.9,54.8,0.0,47.2,0.0,78.8,10.6,33.7,13.8,1,0,67.0,85.9,77.8,64.9,1,1,1,1,72.1,HIGH
Student_449,600,192.3,59.1,0.32,4,36,31,153.8,2,0.0,0.0,0.0,45.2,0.0,0.0,0.0,0.0,0.0,0.0,108.6,24,7,50.0,50.0,57.8,62.3,1,1,1,1,56.48,HIGH
Student_450,300,103.6,48.8,0.345,1,22,59,199.3,9,11.6,24.7,0.0,40.8,3.1,41.6,11.0,12.3,13.7,40.5,0.0,11,6,50.0,50.0,50.0,66.1,1,1,1,1,56.44,HIGH
Student_451,400,198.9,81.2,0.497,2,9,25,98.8,4,0.0,0.0,0.0,23.9,0.0,51.3,0.0,0.0,14.0,9.6,0.0,7,1,50.0,77.9,76.0,55.6,1,1,1,1,63.02,HIGH
Student_452,200,37.5,44.0,0.188,1,14,13,39.4,1,0.0,0.0,0.0,0.0,0.0,0.0,39.4,0.0,0.0,0.0,0.0,8,3,50.0,50.0,50.0,0.0,1,1,1,0,30.0,HIGH
Student_453,200,63.3,61.5,0.316,1,10,25,56.6,5,0.0,0.0,0.0,42.0,0.0,1.5,1.0,0.0,1.7,10.4,0.0,5,3,50.0,72.1,54.7,56.1,1,1,1,1,57.8,HIGH
Student_454,400,299.8,89.5,0.75,0,6,25,67.1,7,0.0,5.9,23.7,0.0,7.3,0.0,0.0,5.7,11.4,1.2,11.9,16,7,58.5,100.0,88.2,95.3,1,1,1,1,87.46,LOW
Student_455,600,595.7,100.0,0.993,4,0,57,194.8,10,16.2,10.6,14.2,58.1,16.9,0.0,12.2,7.1,4.3,4.6,50.6,23,9,97.3,81.0,98.3,89.5,1,1,1,1,91.12,LOW
Student_456,300,127.4,72.2,0.425,0,10,57,206.5,6,27.0,0.0,43.6,22.9,0.0,44.3,0.0,0.0,43.3,0.0,25.4,9,4,61.3,72.8,51.9,92.9,1,1,1,1,74.36,HIGH
Student_457,600,6.1,4.9,0.01,1,77,1,4.2,3,0.0,0.0,3.5,0.0,0.0,0.0,0.0,0.0,0.1,0.6,0.0,3,1,50.0,50.0,50.0,50.0,1,1,1,1,50.0,HIGH
Student_458,240,31.3,37.9,0.13,1,18,17,79.4,4,0.0,14.7,0.0,0.0,0.0,20.4,26.1,0.0,0.0,0.0,18.1,8,4,50.0,50.0,50.0,50.0,1,1,1,1,50.0,HIGH
Student_459,300,94.8,59.1,0.316,2,18,14,28.5,3,16.3,0.0,0.0,7.1,0.0,0.0,0.0,5.1,0.0,0.0,0.0,15,8,50.0,50.0,50.0,64.6,1,1,1,1,55.84,HIGH
Student_460,200,44.9,52.0,0.224,2,12,23,68.1,6,0.0,0.0,0.0,0.0,13.7,7.8,10.6,11.1,0.0,5.1,19.7,6,3,50.0,50.0,50.0,57.3,1,1,1,1,52.92,HIGH
Student_461,400,221.1,83.0,0.553,0,9,77,343.3,10,78.5,17.9,19.1,21.8,16.6,31.4,34.0,3.1,73.3,47.6,0.0,33,22,58.0,78.6,90.1,81.1,1,1,1,1,77.78,MEDIUM
Student_462,240,134.9,92.9,0.562,1,2,55,138.7,9,14.1,0.0,10.7,7.7,17.0,4.6,42.3,0.0,27.2,10.6,4.5,3,1,74.9,74.4,93.5,95.1,1,1,1,1,86.6,LOW
Student_463,200,107.1,75.9,0.536,1,7,52,166.2,7,0.0,15.3,1.3,42.5,19.2,0.0,45.3,22.2,20.3,0.0,0.0,4,2,61.2,56.7,64.5,75.2,1,1,1,1,66.56,HIGH
Student_464,400,1.5,1.9,0.004,0,53,10,24.7,1,0.0,0.0,0.0,0.0,0.0,0.0,0.0,0.0,0.0,24.7,0.0,2,0,50.0,50.0,50.0,50.0,1,1,1,1,50.0,HIGH
Student_465,200,95.6,55.2,0.478,0,13,34,160.2,6,1.2,7.7,48.9,6.5,0.0,0.0,0.0,0.0,72.9,0.0,22.9,26,6,50.0,73.8,99.6,65.6,1,1,1,1,70.92,HIGH
Student_466,200,127.9,84.6,0.64,0,4,60,261.2,9,29.4,11.7,27.0,7.0,0.0,0.0,27.3,23.9,36.0,40.9,58.0,2,1,94.5,84.7,100.0,99.3,1,1,1,1,95.56,LOW
Student_467,200,118.8,89.3,0.594,0,3,52,205.0,5,0.0,0.0,27.5,0.0,0.0,44.3,0.0,78.7,17.6,36.9,0.0,12,3,66.0,97.7,93.6,98.5,1,1,1,1,90.86,LOW
Student_468,200,58.8,64.0,0.294,1,9,29,122.4,3,0.0,0.0,0.0,13.3,0.0,0.0,0.0,0.0,0.0,91.9,17.2,13,5,50.0,62.0,69.5,50.9,1,1,1,1,56.66,HIGH
Student_469,486,66.8,45.5,0.137,1,30,11,54.8,6,5.7,0.0,6.0,16.5,0.0,4.6,10.5,0.0,11.4,0.0,0.0,3,0,50.0,52.7,50.0,50.0,1,1,1,1,50.54,HIGH
Student_470,300,95.6,56.4,0.319,1,17,22,97.9,4,46.2,0.0,0.0,0.0,3.4,0.0,28.5,0.0,19.7,0.0,0.0,9,4,50.0,90.0,76.1,64.3,1,1,1,1,68.94,HIGH
Student_471,240,58.3,55.2,0.243,2,13,4,18.1,2,0.0,0.0,0.0,0.0,0.0,11.0,0.0,7.1,0.0,0.0,0.0,4,1,50.0,59.1,55.3,0.0,1,1,1,0,32.88,HIGH
Student_472,300,154.4,77.1,0.515,2,8,39,109.6,10,2.8,18.4,9.3,11.3,1.7,1.0,26.7,15.2,13.0,10.1,0.0,21,7,53.5,58.9,76.4,94.9,1,1,1,1,75.72,MEDIUM
Student_473,200,1.7,16.0,0.008,0,21,5,19.7,0,0.0,0.0,0.0,0.0,0.0,0.0,0.0,0.0,0.0,0.0,0.0,3,1,50.0,66.1,56.4,0.0,1,1,1,0,34.5,HIGH
Student_474,486,393.5,86.2,0.81,0,9,43,152.7,8,6.4,40.0,0.0,15.2,39.2,0.0,11.4,0.0,19.3,13.4,7.8,29,13,86.2,67.6,75.4,87.5,1,1,1,1,80.84,MEDIUM
Student_475,200,38.4,42.3,0.192,1,15,21,97.8,5,19.7,0.0,15.8,0.0,6.6,53.7,0.0,0.0,2.1,0.0,0.0,6,3,50.0,55.4,50.0,50.0,1,1,1,1,51.08,HIGH
Student_476,400,67.7,36.2,0.169,3,37,10,31.6,2,0.0,29.4,0.0,0.0,0.0,2.2,0.0,0.0,0.0,0.0,0.0,6,2,50.0,50.0,50.0,50.0,1,1,1,1,50.0,HIGH
Student_477,400,40.8,25.5,0.102,1,41,1,2.2,0,0.0,0.0,0.0,0.0,0.0,0.0,0.0,0.0,0.0,0.0,0.0,12,5,50.0,50.0,61.0,50.0,1,1,1,1,52.2,HIGH
Student_478,600,51.0,29.7,0.085,3,52,12,46.7,0,0.0,0.0,0.0,0.0,0.0,0.0,0.0,0.0,0.0,0.0,0.0,3,1,50.0,56.0,50.0,50.0,1,1,1,1,51.2,HIGH
Student_479,300,55.3,36.1,0.184,2,23,11,38.6,2,0.0,0.0,0.0,25.6,0.0,0.0,0.0,0.0,13.0,0.0,0.0,12,6,50.0,50.0,56.6,0.0,1,1,1,0,31.32,HIGH
Student_480,240,108.7,58.1,0.453,0,13,13,59.7,2,0.0,0.0,37.9,21.8,0.0,0.0,0.0,0.0,0.0,0.0,0.0,13,7,50.0,59.3,68.2,63.9,1,1,1,1,61.06,HIGH
Student_481,300,155.8,70.0,0.519,2,12,16,44.8,6,12.8,0.0,1.6,0.0,0.0,0.0,1.0,15.8,2.2,0.0,11.5,8,3,50.0,75.4,74.9,52.0,1,1,1,1,60.86,HIGH
Student_482,240,170.3,93.8,0.71,0,2,74,331.2,10,59.9,72.7,32.5,14.8,41.1,7.3,10.2,1.4,0.0,34.9,56.3,21,4,89.2,100.0,100.0,100.0,1,1,1,1,97.84,LOW
Student_483,200,103.8,72.0,0.519,0,7,60,135.9,9,19.7,0.0,2.2,7.2,15.0,2.6,13.4,0.0,27.3,19.4,29.2,9,5,78.9,78.2,82.3,89.8,1,1,1,1,83.8,MEDIUM
Student_484,200,68.7,56.0,0.344,0,11,49,197.8,7,8.4,12.4,7.7,31.2,0.0,35.7,62.2,0.0,0.0,40.3,0.0,7,2,51.1,70.9,80.7,80.0,1,1,1,1,72.54,HIGH
Student_485,200,55.2,60.0,0.276,0,10,23,63.1,4,0.0,0.0,15.9,0.0,4.2,22.7,0.0,0.0,20.2,0.0,0.0,10,4,50.0,73.1,63.6,0.0,1,1,1,0,37.34,HIGH
Student_486,486,407.4,96.8,0.838,0,2,37,57.0,6,4.0,5.3,2.6,0.0,0.0,13.3,22.6,0.0,9.1,0.0,0.0,9,4,85.9,75.4,76.5,96.8,1,1,1,1,86.28,LOW
Student_487,486,463.5,92.9,0.954,0,5,41,168.1,10,12.4,17.1,0.0,17.4,8.2,19.5,44.6,6.7,1.3,35.6,5.3,1,0,78.1,82.0,99.6,100.0,1,1,1,1,91.94,LOW
Student_488,486,47.8,21.1,0.098,1,45,33,115.8,3,0.0,0.0,0.0,0.0,24.9,36.3,0.0,54.6,0.0,0.0,0.0,6,1,50.0,58.2,50.0,0.0,1,1,1,0,31.64,HIGH
Student_489,600,349.2,79.1,0.582,1,18,61,211.4,10,6.8,14.8,8.2,10.6,17.8,0.0,8.2,73.8,3.0,22.9,45.3,6,4,82.2,92.5,94.3,87.8,1,1,1,1,88.92,LOW
Student_490,486,206.6,61.8,0.425,4,26,26,121.5,4,0.0,61.1,0.0,0.0,0.0,39.1,0.0,3.1,18.2,0.0,0.0,4,2,50.0,66.7,50.0,65.3,1,1,1,1,59.46,HIGH
Student_491,240,16.1,21.9,0.067,1,25,22,50.5,5,0.0,0.0,1.6,24.0,0.0,0.0,0.0,4.7,6.1,14.1,0.0,6,3,50.0,50.0,50.0,0.0,1,1,1,0,30.0,HIGH
Student_492,486,186.7,48.5,0.384,3,34,16,72.3,4,13.0,46.6,0.0,0.0,0.0,0.0,5.1,0.0,0.0,7.6,0.0,18,10,50.0,53.2,50.0,51.7,1,1,1,1,51.32,HIGH
Student_493,600,101.5,36.4,0.169,0,56,28,112.0,4,0.0,0.0,0.0,4.3,0.5,57.9,0.0,0.0,49.2,0.0,0.0,2,0,50.0,50.0,53.7,0.0,1,1,1,0,30.74,HIGH
Student_494,486,239.8,77.9,0.493,3,15,47,141.8,10,15.0,0.0,1.2,1.8,4.2,22.3,32.4,6.7,20.7,21.0,16.4,6,1,80.0,68.5,68.5,64.7,1,1,1,1,69.28,HIGH
Student_495,300,53.6,50.0,0.179,0,17,29,98.4,5,49.7,19.2,7.0,0.0,0.0,0.0,2.6,20.0,0.0,0.0,0.0,4,2,50.0,50.0,50.0,0.0,1,1,1,0,30.0,HIGH
Student_496,400,231.4,68.6,0.578,0,16,64,287.5,7,36.3,17.4,0.0,0.0,72.6,0.0,8.8,77.9,5.0,69.4,0.0,9,4,78.6,87.6,85.7,82.0,1,1,1,1,83.18,MEDIUM
Student_497,240,55.1,65.6,0.23,3,11,7,17.1,1,0.0,0.0,17.1,0.0,0.0,0.0,0.0,0.0,0.0,0.0,0.0,10,2,50.0,53.3,73.8,50.0,1,1,1,1,55.42,HIGH
Student_498,486,207.8,62.0,0.428,6,27,22,99.9,6,0.0,10.0,0.0,0.0,0.0,17.2,23.2,0.0,30.8,6.7,12.0,5,3,50.0,60.4,50.0,62.6,1,1,1,1,57.12,HIGH
Student_499,200,2.0,8.0,0.01,0,23,1,1.6,0,0.0,0.0,0.0,0.0,0.0,0.0,0.0,0.0,0.0,0.0,0.0,4,1,50.0,50.0,50.0,50.0,1,1,1,1,50.0,HIGH
Student_500,240,29.7,37.9,0.124,0,18,14,55.1,6,17.1,0.0,0.0,0.0,6.1,8.6,0.0,3.3,13.3,6.8,0.0,8,5,50.0,50.0,50.0,0.0,1,1,1,0,30.0,HIGH
Student_501,486,173.3,49.3,0.357,2,35,31,127.6,4,28.1,0.0,0.0,0.0,0.0,44.9,0.0,13.4,0.0,0.0,41.1,4,1,50.0,70.9,80.8,50.0,1,1,1,1,60.34,HIGH
Student_502,200,93.1,70.4,0.465,0,8,47,158.1,10,38.1,4.5,3.1,20.1,5.8,38.0,0.0,10.1,1.4,7.2,29.9,29,15,59.0,92.8,75.6,100.0,1,1,1,1,85.48,LOW
Student_503,486,85.9,30.9,0.177,2,47,55,117.5,7,0.0,0.0,11.9,18.1,12.8,2.1,22.6,0.0,37.3,12.6,0.0,3,2,50.0,53.6,50.0,51.0,1,1,1,1,51.12,HIGH
Student_504,300,9.1,22.9,0.03,0,27,5,20.1,2,0.0,0.0,0.0,1.6,0.0,0.0,0.0,0.0,18.5,0.0,0.0,1,0,50.0,50.0,50.0,50.0,1,1,1,1,50.0,HIGH
Student_505,300,3.3,19.0,0.011,2,34,11,29.8,1,0.0,0.0,0.0,0.0,0.0,0.0,0.0,0.0,29.8,0.0,0.0,1,0,50.0,50.0,50.0,0.0,1,1,1,0,30.0,HIGH
Student_506,300,42.1,41.9,0.14,0,25,8,28.2,2,0.0,0.0,0.0,2.9,0.0,0.0,0.0,25.3,0.0,0.0,0.0,3,1,50.0,50.0,50.0,0.0,1,1,1,0,30.0,HIGH
Student_507,600,167.5,54.1,0.279,5,34,31,149.1,4,22.8,0.0,0.0,0.0,0.0,0.0,41.5,35.1,49.7,0.0,0.0,4,1,50.0,70.3,55.2,51.0,1,1,1,1,55.5,HIGH
Student_508,600,279.0,66.3,0.465,1,29,52,130.9,6,14.6,44.6,0.0,0.0,0.0,24.0,0.0,8.2,0.0,14.7,24.8,1,0,53.7,76.2,76.9,69.0,1,1,1,1,68.96,HIGH
Student_509,240,1.1,2.9,0.005,0,33,10,25.2,5,0.0,0.0,0.0,2.5,0.0,13.0,0.0,6.9,0.8,2.0,0.0,3,1,50.0,50.0,50.0,50.0,1,1,1,1,50.0,HIGH
Student_510,600,121.0,37.0,0.202,0,51,11,25.8,2,0.0,0.0,0.0,15.3,0.0,0.0,10.5,0.0,0.0,0.0,0.0,5,2,50.0,50.0,50.0,0.0,1,1,1,0,30.0,HIGH
Student_511,486,266.2,90.3,0.548,2,6,14,45.3,5,10.5,1.0,11.7,6.5,0.0,0.0,0.0,0.0,15.7,0.0,0.0,8,3,50.0,92.2,89.6,74.6,1,1,1,1,76.2,MEDIUM
Student_512,600,117.8,52.2,0.196,4,33,16,69.8,3,0.0,0.0,29.5,0.0,0.0,0.0,31.5,0.0,0.0,0.0,8.8,2,1,50.0,53.8,55.4,0.0,1,1,1,0,31.84,HIGH
Student_513,400,137.2,55.1,0.343,2,22,6,27.5,2,0.0,0.0,0.0,0.0,6.1,0.0,0.0,21.4,0.0,0.0,0.0,3,0,50.0,68.3,58.8,50.9,1,1,1,1,55.78,HIGH
Student_514,400,281.3,85.7,0.703,1,8,53,153.8,10,5.6,0.9,4.2,51.1,26.4,12.2,7.9,0.0,23.3,15.1,7.3,10,2,82.0,77.0,76.8,79.2,1,1,1,1,78.84,MEDIUM
Student_515,600,135.1,49.4,0.225,1,39,68,273.8,7,67.8,88.7,0.0,62.8,7.9,0.0,3.5,0.0,0.0,16.1,27.0,3,1,50.0,67.1,55.2,0.0,1,1,1,0,34.46,HIGH
Student_516,486,54.1,25.9,0.111,1,43,10,44.8,2,0.0,0.0,15.9,0.0,0.0,0.0,28.9,0.0,0.0,0.0,0.0,4,0,50.0,50.0,50.0,50.0,1,1,1,1,50.0,HIGH
Student_517,400,224.0,70.6,0.56,1,15,33,80.9,6,0.0,0.0,3.8,11.5,26.0,11.6,23.2,0.0,4.9,0.0,0.0,6,3,58.0,87.0,100.0,75.6,1,1,1,1,79.24,MEDIUM
Student_518,486,297.0,65.6,0.611,0,22,66,167.7,10,11.4,27.1,45.6,0.0,9.6,8.7,9.5,1.3,11.4,23.9,19.3,9,6,57.7,80.7,78.0,88.1,1,1,1,1,78.52,MEDIUM
Student_519,600,126.6,35.6,0.211,1,56,24,106.9,6,34.5,0.0,0.0,20.5,15.7,0.0,9.4,0.0,22.7,0.0,4.2,0,0,50.0,50.0,50.0,50.0,1,1,1,1,50.0,HIGH
Student_520,400,263.3,88.7,0.658,0,6,22,66.9,4,0.0,23.3,22.7,0.0,0.0,5.4,0.0,0.0,0.0,0.0,15.5,2,1,66.8,97.3,88.8,79.1,1,1,1,1,82.22,MEDIUM
Student_521,300,55.0,51.5,0.183,1,16,12,50.2,4,13.9,0.0,10.5,0.0,0.0,3.8,0.0,0.0,22.0,0.0,0.0,4,1,50.0,50.0,50.0,50.0,1,1,1,1,50.0,HIGH
Student_522,300,149.3,68.4,0.498,0,12,27,106.6,6,0.0,10.0,0.0,0.0,21.6,36.9,5.1,22.7,10.4,0.0,0.0,2,1,50.0,75.3,68.1,68.3,1,1,1,1,66.0,HIGH
Student_523,300,3.5,24.2,0.012,0,25,0,0.0,0,0.0,0.0,0.0,0.0,0.0,0.0,0.0,0.0,0.0,0.0,0.0,5,1,50.0,50.0,50.0,0.0,1,1,1,0,30.0,HIGH
Student_524,400,73.9,43.4,0.185,0,30,20,35.6,5,0.0,0.0,4.5,0.0,4.9,0.0,0.0,4.4,12.2,0.0,9.5,12,4,50.0,50.0,50.0,62.4,1,1,1,1,54.96,HIGH
Student_525,486,154.4,46.9,0.318,0,34,53,180.1,9,13.6,0.0,11.1,11.3,12.0,0.0,16.0,21.9,47.6,43.3,3.4,8,2,50.0,63.6,62.8,65.8,1,1,1,1,61.6,HIGH
Student_526,200,48.6,50.0,0.243,1,13,18,60.5,5,8.2,1.6,0.0,0.0,10.1,0.0,5.8,0.0,0.0,0.0,34.7,4,2,50.0,50.0,50.0,54.0,1,1,1,1,51.6,HIGH
Student_527,400,108.2,60.0,0.27,0,20,50,170.3,10,20.9,4.4,10.7,3.3,4.6,8.5,0.0,9.9,79.6,14.6,13.7,5,1,50.0,56.4,57.9,67.8,1,1,1,1,59.98,HIGH
Student_528,600,370.5,82.9,0.618,0,12,64,209.3,7,13.0,0.0,38.4,0.0,23.1,38.1,36.8,19.6,0.0,0.0,40.3,3,1,67.2,86.5,94.3,77.4,1,1,1,1,80.56,MEDIUM
Student_529,486,116.9,50.7,0.241,1,34,11,52.2,3,0.0,0.0,0.0,15.0,8.5,0.0,0.0,0.0,0.0,28.7,0.0,2,0,50.0,50.0,50.0,50.3,1,1,1,1,50.12,HIGH
Student_530,200,108.0,64.0,0.54,0,9,30,103.1,9,0.0,0.0,24.7,2.4,5.6,2.0,5.5,27.3,4.4,12.1,19.1,12,6,50.0,78.2,84.6,85.5,1,1,1,1,76.76,MEDIUM
Student_531,600,294.7,77.4,0.491,0,19,17,60.4,3,36.5,9.1,0.0,0.0,14.8,0.0,0.0,0.0,0.0,0.0,0.0,2,0,50.0,61.3,64.7,65.6,1,1,1,1,61.44,HIGH
Student_532,200,128.6,76.0,0.643,0,6,71,303.4,7,25.2,46.6,107.8,8.3,59.0,0.0,0.0,0.0,34.7,21.8,0.0,2,0,74.5,97.6,100.0,84.6,1,1,1,1,88.26,LOW
Student_533,486,83.9,42.6,0.173,4,35,12,30.3,2,12.7,0.0,0.0,0.0,0.0,0.0,0.0,17.6,0.0,0.0,0.0,8,3,50.0,50.0,53.2,50.0,1,1,1,1,50.64,HIGH
Student_534,486,280.8,65.2,0.578,0,23,37,60.8,9,8.0,0.0,6.0,10.7,10.5,8.8,0.8,0.0,12.0,3.0,0.9,4,2,59.0,95.0,70.9,70.6,1,1,1,1,73.22,HIGH
Student_535,300,1.2,7.5,0.004,0,37,6,15.8,2,0.0,9.3,0.0,0.0,0.0,0.0,0.0,0.0,6.5,0.0,0.0,3,0,50.0,50.0,50.0,0.0,1,1,1,0,30.0,HIGH
Student_536,240,73.3,45.7,0.305,0,19,17,76.0,3,0.0,47.1,24.1,0.0,0.0,0.0,4.8,0.0,0.0,0.0,0.0,10,6,50.0,52.5,50.0,50.0,1,1,1,1,50.5,HIGH
Student_537,486,230.4,62.1,0.474,1,22,39,91.3,8,11.1,15.9,0.0,2.1,1.1,7.3,0.0,0.0,7.8,28.3,17.8,17,11,51.0,74.6,70.6,83.7,1,1,1,1,72.72,HIGH
Student_538,600,407.0,88.3,0.678,0,9,34,121.5,9,0.0,16.9,0.0,16.4,17.0,17.6,5.9,16.9,3.5,8.5,18.7,4,2,68.4,100.0,100.0,82.2,1,1,1,1,86.56,LOW
Student_539,300,46.3,34.1,0.154,0,29,8,14.1,2,0.0,0.0,0.0,2.0,0.0,12.1,0.0,0.0,0.0,0.0,0.0,7,4,50.0,50.0,50.0,50.0,1,1,1,1,50.0,HIGH
Student_540,486,202.6,55.9,0.417,0,30,19,63.6,4,0.0,0.0,0.0,1.0,33.3,20.8,8.5,0.0,0.0,0.0,0.0,11,4,50.0,63.9,66.7,54.8,1,1,1,1,58.04,HIGH
Student_541,600,395.8,88.7,0.66,0,8,74,149.5,7,1.7,0.0,39.8,8.5,13.0,3.0,0.0,50.6,0.0,0.0,32.9,11,6,85.1,73.4,78.1,97.9,1,1,1,1,86.48,LOW
Student_542,200,193.3,100.0,0.966,0,0,67,252.6,8,4.8,2.0,56.3,32.9,0.0,15.8,70.2,0.0,50.9,19.7,0.0,16,3,100.0,64.6,75.2,85.4,1,1,1,1,82.12,MEDIUM
Student_543,200,109.4,77.8,0.547,0,6,54,223.5,9,17.2,39.0,5.0,0.0,16.9,15.9,24.8,48.8,15.1,40.8,0.0,12,5,74.8,88.3,93.4,85.2,1,1,1,1,85.38,LOW
Student_544,600,188.6,54.5,0.314,2,35,26,121.0,2,0.0,0.0,29.9,0.0,0.0,0.0,0.0,0.0,91.1,0.0,0.0,3,1,50.0,90.0,87.3,56.5,1,1,1,1,68.06,HIGH
Student_545,200,174.2,100.0,0.871,1,0,45,202.9,7,25.2,7.4,17.8,16.1,0.0,0.0,53.4,0.0,24.7,58.3,0.0,6,3,87.9,83.7,100.0,92.1,1,1,1,1,91.16,LOW
Student_546,400,17.0,28.8,0.042,2,42,14,32.5,3,0.0,4.6,0.0,0.0,14.9,0.0,0.0,0.0,0.0,0.0,13.0,2,1,50.0,50.0,50.0,50.0,1,1,1,1,50.0,HIGH
Student_547,400,95.7,49.0,0.239,2,25,13,55.6,6,24.5,4.8,11.2,1.2,0.0,6.6,0.0,0.0,7.2,0.0,0.0,2,0,50.0,77.1,86.1,57.1,1,1,1,1,65.48,HIGH
Student_548,486,3.9,9.1,0.008,0,50,1,3.0,0,0.0,0.0,0.0,0.0,0.0,0.0,0.0,0.0,0.0,0.0,0.0,1,0,50.0,50.0,50.0,50.0,1,1,1,1,50.0,HIGH
Student_549,200,60.4,48.0,0.302,1,13,17,55.1,2,0.0,0.0,37.0,18.1,0.0,0.0,0.0,0.0,0.0,0.0,0.0,2,1,50.0,61.3,62.2,61.6,1,1,1,1,59.34,HIGH
Student_550,486,372.1,94.1,0.766,1,4,31,60.7,10,11.1,2.4,9.8,3.3,8.6,9.0,2.7,0.8,9.0,0.0,3.9,9,5,79.9,91.8,99.0,87.8,1,1,1,1,89.26,LOW
Student_551,200,143.7,75.0,0.718,0,7,22,91.7,3,27.5,0.0,49.5,0.0,0.0,14.7,0.0,0.0,0.0,0.0,0.0,16,11,50.0,71.0,78.2,76.9,1,1,1,1,70.6,HIGH
Student_552,240,69.5,45.7,0.29,1,19,25,108.2,4,0.0,4.8,14.5,0.0,0.0,0.0,0.0,0.0,20.2,68.6,0.0,9,3,50.0,67.1,80.9,0.0,1,1,1,0,39.6,HIGH
Student_553,600,241.9,53.2,0.403,0,36,56,179.4,6,0.0,25.4,7.5,0.0,4.8,14.9,58.6,68.2,0.0,0.0,0.0,5,2,50.4,71.0,62.0,73.3,1,1,1,1,66.0,HIGH
Student_554,200,112.2,84.0,0.561,0,4,68,233.4,10,31.0,19.9,23.7,0.0,11.6,51.6,34.5,19.7,9.7,20.9,10.9,4,1,97.3,90.2,80.4,94.0,1,1,1,1,91.18,LOW
Student_555,240,8.4,20.0,0.035,0,24,19,86.9,2,0.0,0.0,0.0,0.0,0.0,9.1,77.8,0.0,0.0,0.0,0.0,6,1,50.0,50.0,50.0,50.0,1,1,1,1,50.0,HIGH
Student_556,600,124.9,41.4,0.208,4,51,5,19.2,3,0.0,8.3,0.0,0.0,0.0,3.9,0.0,0.0,0.0,7.0,0.0,5,1,50.0,61.2,50.0,50.0,1,1,1,1,52.24,HIGH
Student_557,486,222.2,76.1,0.457,3,16,25,120.8,2,0.0,64.4,0.0,0.0,0.0,0.0,0.0,56.4,0.0,0.0,0.0,5,2,50.0,83.0,81.2,69.2,1,1,1,1,70.52,HIGH
Student_558,240,191.1,80.0,0.796,0,6,76,325.6,8,2.2,0.0,4.0,40.5,108.4,0.0,0.0,17.1,22.6,119.1,11.6,24,10,80.4,79.3,91.5,100.0,1,1,1,1,90.24,LOW
Student_559,240,180.8,73.3,0.753,0,8,27,117.5,6,24.0,4.5,0.0,0.0,0.0,0.0,14.3,15.8,21.1,0.0,37.7,12,4,63.9,78.3,83.4,88.3,1,1,1,1,80.44,MEDIUM
Student_560,200,80.2,80.0,0.401,1,5,33,127.4,5,23.8,0.0,12.3,0.0,0.0,0.0,28.7,31.7,0.0,30.9,0.0,15,6,53.0,60.5,72.3,75.9,1,1,1,1,67.52,HIGH
Student_561,200,127.0,84.0,0.635,0,4,34,147.2,4,48.4,0.0,6.5,0.0,64.4,0.0,0.0,0.0,28.0,0.0,0.0,9,5,61.2,76.7,74.8,77.0,1,1,1,1,73.34,HIGH
Student_562,600,9.6,23.2,0.016,2,53,8,39.3,1,0.0,0.0,0.0,0.0,0.0,0.0,39.3,0.0,0.0,0.0,0.0,5,1,50.0,50.0,50.0,0.0,1,1,1,0,30.0,HIGH
Student_563,240,0.0,0.0,0.0,0,32,5,10.2,1,0.0,10.2,0.0,0.0,0.0,0.0,0.0,0.0,0.0,0.0,0.0,7,2,50.0,50.0,50.0,0.0,1,1,1,0,30.0,HIGH
Student_564,200,0.0,0.0,0.0,0,27,3,7.2,3,0.0,4.5,0.0,0.0,0.0,0.5,0.0,0.0,2.2,0.0,0.0,3,1,50.0,50.0,50.0,0.0,1,1,1,0,30.0,HIGH
Student_565,200,71.7,60.0,0.359,0,10,60,291.3,10,8.6,8.1,9.5,7.6,30.4,23.7,39.6,47.1,16.5,100.2,0.0,6,2,64.4,72.5,64.0,84.7,1,1,1,1,74.06,HIGH
Student_566,200,56.8,57.1,0.284,1,12,14,22.5,6,4.9,0.0,2.7,0.0,1.3,0.0,3.9,5.6,4.1,0.0,0.0,2,0,50.0,51.5,50.0,54.0,1,1,1,1,51.9,HIGH
Student_567,400,270.1,81.0,0.675,3,11,21,64.0,5,5.4,40.2,5.7,0.0,0.0,5.4,0.0,7.3,0.0,0.0,0.0,2,0,50.0,75.3,81.7,85.6,1,1,1,1,75.64,MEDIUM
Student_568,240,39.3,40.7,0.164,0,16,20,86.3,2,48.5,0.0,37.8,0.0,0.0,0.0,0.0,0.0,0.0,0.0,0.0,9,2,50.0,53.8,50.0,51.4,1,1,1,1,51.32,HIGH
Student_569,400,164.5,87.2,0.411,0,6,15,56.3,6,1.8,0.0,0.0,12.1,10.6,0.0,0.0,17.3,8.9,0.0,5.6,10,4,50.1,100.0,88.4,77.1,1,1,1,1,78.54,MEDIUM
Student_570,200,0.0,0.0,0.0,0,29,6,23.1,2,14.0,0.0,0.0,0.0,0.0,0.0,0.0,9.1,0.0,0.0,0.0,4,0,50.0,50.0,50.0,0.0,1,1,1,0,30.0,HIGH
Student_571,600,318.7,62.4,0.531,0,32,27,52.4,8,5.3,24.0,0.1,1.9,2.7,12.7,5.1,0.0,0.0,0.5,0.0,5,2,54.4,80.9,77.5,63.8,1,1,1,1,68.08,HIGH
Student_572,400,200.5,73.1,0.501,0,14,33,127.2,5,32.1,0.0,17.3,0.0,11.4,0.0,0.0,0.0,45.1,0.0,21.3,7,1,72.4,91.4,75.7,88.9,1,1,1,1,83.46,MEDIUM
Student_573,240,0.0,0.0,0.0,0,30,7,17.3,0,0.0,0.0,0.0,0.0,0.0,0.0,0.0,0.0,0.0,0.0,0.0,5,2,50.0,53.4,50.0,0.0,1,1,1,0,30.68,HIGH
Student_574,240,148.3,71.4,0.618,0,10,25,58.3,5,0.0,0.9,0.0,23.5,0.0,20.0,4.9,9.0,0.0,0.0,0.0,10,2,54.8,81.4,73.6,77.7,1,1,1,1,73.04,HIGH
Student_575,200,61.0,60.0,0.305,1,10,6,20.9,2,0.0,0.0,0.0,3.1,0.0,0.0,0.0,0.0,0.0,17.8,0.0,18,11,50.0,51.3,50.0,56.1,1,1,1,1,52.7,HIGH
Student_576,240,13.4,24.1,0.056,0,22,9,21.1,0,0.0,0.0,0.0,0.0,0.0,0.0,0.0,0.0,0.0,0.0,0.0,5,2,50.0,50.0,50.0,50.0,1,1,1,1,50.0,HIGH
Student_577,300,131.3,63.4,0.438,1,15,21,81.2,6,0.0,0.0,15.7,0.0,3.3,0.0,14.5,23.4,13.0,0.0,11.3,7,4,50.0,73.3,76.8,71.7,1,1,1,1,68.7,HIGH
Student_578,240,91.3,57.1,0.38,0,12,51,251.0,9,56.4,14.9,18.5,45.2,72.0,12.6,18.9,11.4,1.3,0.0,0.0,7,2,63.1,79.5,73.0,69.4,1,1,1,1,70.88,HIGH
Student_579,600,272.0,69.1,0.453,1,25,12,44.6,2,0.0,0.0,0.0,0.0,0.0,0.0,0.0,28.3,0.0,0.0,16.3,3,1,50.0,82.2,80.4,58.6,1,1,1,1,65.96,HIGH
Student_580,400,138.2,58.5,0.346,1,22,11,39.1,2,0.0,0.0,37.3,0.0,0.0,0.0,0.0,0.0,0.0,0.0,1.8,5,1,50.0,70.3,71.8,61.4,1,1,1,1,62.98,HIGH
Student_581,300,82.7,59.5,0.276,2,15,28,47.9,3,0.0,0.0,0.0,0.0,33.8,3.9,0.0,10.2,0.0,0.0,0.0,19,5,50.0,58.0,77.2,63.4,1,1,1,1,62.4,HIGH
Student_582,486,476.2,100.0,0.98,0,0,53,261.2,5,0.0,0.0,0.0,0.0,53.1,50.0,0.0,0.0,88.3,28.4,41.3,6,3,99.3,65.7,72.3,97.4,1,1,1,1,86.42,LOW
Student_583,486,9.7,21.9,0.02,2,50,6,22.6,1,22.6,0.0,0.0,0.0,0.0,0.0,0.0,0.0,0.0,0.0,0.0,5,2,50.0,50.0,50.0,50.0,1,1,1,1,50.0,HIGH
Student_584,600,26.5,22.4,0.044,1,59,3,5.8,2,0.0,2.8,0.0,0.0,0.0,0.0,0.0,0.0,0.0,3.0,0.0,1,0,50.0,50.0,50.0,0.0,1,1,1,0,30.0,HIGH
Student_585,400,55.2,37.5,0.138,3,35,10,29.7,6,3.6,4.2,4.8,9.0,2.8,0.0,0.0,0.0,0.0,0.0,5.3,9,3,50.0,57.8,50.0,50.0,1,1,1,1,51.56,HIGH
Student_586,240,119.1,71.0,0.496,0,9,49,128.9,5,61.3,0.0,0.0,31.0,3.5,0.0,28.9,0.0,0.0,0.0,4.3,5,2,60.7,65.2,78.0,80.5,1,1,1,1,72.98,HIGH
Student_587,600,60.7,24.3,0.101,1,56,5,19.3,1,0.0,0.0,0.0,0.0,0.0,0.0,0.0,19.3,0.0,0.0,0.0,2,0,50.0,50.0,50.0,0.0,1,1,1,0,30.0,HIGH
Student_588,486,199.1,56.9,0.41,1,28,58,203.6,5,2.8,6.1,0.0,48.8,0.0,0.0,52.2,0.0,0.0,93.8,0.0,4,2,50.0,50.0,62.7,73.1,1,1,1,1,61.78,HIGH
Student_589,486,186.6,63.9,0.384,0,22,58,255.8,8,34.2,14.0,31.3,56.6,0.0,45.5,25.7,0.0,0.0,25.9,22.6,13,6,58.6,90.6,81.1,90.4,1,1,1,1,82.22,MEDIUM
Student_590,200,144.6,82.8,0.723,0,5,78,146.4,10,3.9,12.8,0.0,1.8,29.3,33.2,5.6,20.6,12.2,6.3,20.7,27,16,84.0,100.0,96.0,83.5,1,1,1,1,89.4,LOW
Student_591,400,211.4,74.1,0.528,0,14,57,157.8,8,24.2,9.1,3.3,12.1,0.0,28.7,0.0,6.0,69.0,0.0,5.4,12,8,68.3,79.4,85.6,97.2,1,1,1,1,85.54,LOW
Student_592,240,0.4,6.9,0.002,0,27,10,33.4,2,0.0,0.0,15.3,18.1,0.0,0.0,0.0,0.0,0.0,0.0,0.0,1,0,50.0,50.0,50.0,50.0,1,1,1,1,50.0,HIGH
Student_593,200,32.6,34.6,0.163,0,17,29,94.1,2,0.0,0.0,39.4,0.0,0.0,0.0,0.0,54.7,0.0,0.0,0.0,8,4,50.0,50.0,50.0,55.0,1,1,1,1,52.0,HIGH
Student_594,486,109.7,42.4,0.226,3,38,0,0.0,3,0.0,0.0,0.0,0.0,0.0,0.0,0.0,0.0,0.0,0.0,0.0,7,1,50.0,50.0,50.0,50.0,1,1,1,1,50.0,HIGH
Student_595,486,4.1,19.4,0.008,2,50,5,12.6,3,3.6,2.7,6.2,0.0,0.0,0.0,0.0,0.0,0.0,0.0,0.0,3,1,50.0,50.0,50.0,0.0,1,1,1,0,30.0,HIGH
Student_596,300,167.6,80.0,0.559,2,7,73,137.3,6,0.0,0.0,14.0,22.2,27.4,32.2,0.0,0.0,4.6,36.8,0.0,17,3,61.4,90.6,59.8,80.0,1,1,1,1,74.36,HIGH
Student_597,240,188.1,96.9,0.784,0,1,34,112.3,5,6.9,0.0,46.7,7.0,7.5,0.0,0.0,0.0,0.0,0.0,44.3,7,4,77.1,84.1,87.7,94.7,1,1,1,1,87.66,LOW
Student_598,600,341.2,85.9,0.569,2,10,33,52.2,5,11.8,0.0,0.0,0.0,27.2,0.0,0.4,0.0,0.0,4.6,8.3,11,2,50.0,78.9,70.2,75.2,1,1,1,1,69.9,HIGH
Student_599,240,52.2,56.2,0.218,1,14,13,35.4,1,0.0,0.0,0.0,0.0,0.0,0.0,0.0,35.4,0.0,0.0,0.0,7,3,50.0,50.0,50.0,50.0,1,1,1,1,50.0,HIGH
Student_600,600,128.9,56.2,0.215,7,39,24,53.1,5,0.5,8.5,0.0,0.0,0.0,3.9,0.0,0.0,5.2,34.9,0.0,8,4,50.0,50.0,56.0,50.0,1,1,1,1,51.2,HIGH
Student_601,200,167.8,100.0,0.839,0,0,29,102.9,9,17.1,11.6,17.3,15.5,5.6,6.5,0.0,6.2,21.3,0.0,1.8,9,3,65.3,100.0,100.0,98.8,1,1,1,1,92.58,LOW
Student_602,200,179.5,100.0,0.898,0,0,32,91.2,6,0.0,0.0,0.0,0.0,9.6,40.3,1.0,19.7,12.7,7.9,0.0,0,0,78.7,94.3,100.0,100.0,1,1,1,1,94.6,LOW
Student_603,600,167.9,55.2,0.28,3,30,56,150.7,8,0.0,0.0,19.4,0.0,15.6,12.0,36.1,14.7,20.7,19.1,13.1,7,2,50.0,56.9,56.1,0.0,1,1,1,0,32.6,HIGH
Student_604,400,265.6,92.6,0.664,2,4,77,329.8,7,75.1,0.0,26.1,2.7,57.7,0.0,103.7,0.0,56.9,0.0,7.5,4,2,86.7,69.0,81.4,86.9,1,1,1,1,82.18,MEDIUM
Student_605,300,68.2,54.1,0.227,2,17,30,91.6,4,0.0,0.0,0.0,9.0,13.3,0.0,0.0,36.4,32.9,0.0,0.0,8,3,50.0,50.0,59.4,0.0,1,1,1,0,31.88,HIGH
Student_606,240,39.7,38.2,0.165,1,21,13,52.5,5,0.0,18.0,0.0,13.9,0.0,0.0,1.5,11.4,0.0,7.6,0.0,4,1,50.0,50.0,59.4,50.6,1,1,1,1,52.12,HIGH
Student_607,300,195.4,87.8,0.651,0,5,29,98.6,6,13.5,20.4,4.0,0.0,0.0,0.4,0.0,56.0,4.3,0.0,0.0,10,4,70.4,65.3,62.9,66.6,1,1,1,1,66.36,HIGH
Student_608,600,356.3,82.8,0.594,6,15,32,97.0,9,4.7,36.4,7.0,6.9,2.6,15.7,0.0,10.5,8.6,0.0,4.7,5,3,50.0,79.2,84.2,93.5,1,1,1,1,80.08,MEDIUM
Student_609,600,128.7,53.5,0.214,0,40,21,40.7,3,16.8,0.0,0.0,7.8,0.0,0.0,0.0,0.0,0.0,0.0,16.1,7,4,50.0,50.0,52.0,0.0,1,1,1,0,30.4,HIGH
Student_610,486,167.2,52.9,0.344,0,33,13,25.6,2,0.0,0.0,0.0,0.0,0.0,0.0,0.0,0.0,0.0,8.0,17.6,45,23,50.0,58.8,63.2,66.7,1,1,1,1,61.08,HIGH
Student_611,200,116.9,68.0,0.584,1,8,66,254.4,5,0.0,5.2,0.0,0.0,70.8,73.0,42.3,63.2,0.0,0.0,0.0,18,11,91.5,89.2,87.7,84.3,1,1,1,1,87.4,LOW
Student_612,240,51.7,55.6,0.215,1,12,26,121.7,5,3.0,0.0,46.9,0.0,0.0,32.9,0.0,25.4,0.0,13.5,0.0,7,1,50.0,99.4,88.3,66.0,1,1,1,1,73.94,HIGH
Student_613,300,27.4,32.4,0.091,0,25,26,118.2,5,0.0,0.0,11.6,17.6,0.0,38.7,14.0,0.0,0.0,0.0,36.4,2,0,50.0,50.0,50.0,0.0,1,1,1,0,30.0,HIGH
Student_614,300,83.4,52.3,0.278,1,21,0,0.0,0,0.0,0.0,0.0,0.0,0.0,0.0,0.0,0.0,0.0,0.0,0.0,5,1,50.0,50.0,50.0,0.0,1,1,1,0,30.0,HIGH
Student_615,400,23.8,22.0,0.06,1,39,14,51.7,2,0.0,7.5,0.0,0.0,0.0,0.0,0.0,0.0,0.0,44.2,0.0,3,1,50.0,50.0,50.0,50.0,1,1,1,1,50.0,HIGH
Student_616,300,61.7,41.2,0.206,0,20,22,103.9,4,0.0,75.7,11.5,2.5,0.0,0.0,14.2,0.0,0.0,0.0,0.0,8,3,50.0,50.0,53.6,53.2,1,1,1,1,52.0,HIGH
Student_617,300,19.1,23.1,0.064,1,30,13,58.8,3,0.0,25.8,0.0,0.0,0.0,0.0,0.0,3.1,0.0,29.9,0.0,6,2,50.0,50.0,50.0,50.0,1,1,1,1,50.0,HIGH
Student_618,240,65.9,56.7,0.275,1,13,27,41.4,3,0.0,0.0,0.0,0.0,6.3,17.4,0.0,0.0,0.0,0.0,17.7,4,0,50.0,71.5,83.6,0.0,1,1,1,0,41.02,HIGH
Student_619,400,0.0,0.0,0.0,0,49,1,2.9,0,0.0,0.0,0.0,0.0,0.0,0.0,0.0,0.0,0.0,0.0,0.0,4,1,50.0,50.0,50.0,0.0,1,1,1,0,30.0,HIGH
Student_620,600,260.6,67.0,0.434,0,29,70,249.1,6,0.0,0.0,8.7,46.7,13.8,104.3,0.0,48.7,0.0,0.0,26.8,11,7,79.5,92.0,100.0,77.2,1,1,1,1,85.18,LOW
Student_621,300,24.5,24.2,0.082,1,25,4,13.7,1,0.0,0.0,0.0,0.0,0.0,0.0,0.0,0.0,0.0,0.0,13.7,3,0,50.0,50.7,50.0,0.0,1,1,1,0,30.14,HIGH
Student_622,486,363.1,100.0,0.747,0,0,37,143.0,5,0.0,0.0,0.0,0.0,13.8,0.0,66.8,24.6,30.9,6.8,0.0,9,5,68.9,90.6,89.4,80.8,1,1,1,1,82.1,MEDIUM
Student_623,600,172.3,64.8,0.287,1,25,11,42.5,5,0.0,0.0,0.0,7.0,0.0,4.4,0.0,0.0,5.3,21.1,4.7,11,4,50.0,50.0,50.0,51.6,1,1,1,1,50.64,HIGH
Student_624,600,594.3,100.0,0.99,0,0,31,64.5,9,10.2,5.4,6.7,0.0,1.7,18.7,8.8,2.7,5.3,0.0,5.1,7,2,79.2,87.0,73.5,89.0,1,1,1,1,83.54,MEDIUM
Student_625,486,422.8,86.8,0.87,0,9,47,132.8,10,18.1,8.7,16.3,11.8,31.4,13.9,9.2,4.7,10.1,8.6,0.0,5,2,71.8,60.7,85.7,91.6,1,1,1,1,80.28,MEDIUM
Student_626,400,131.3,60.4,0.328,2,19,29,84.7,6,0.0,0.0,14.7,2.6,0.0,0.0,0.0,11.7,18.7,26.7,10.2,3,1,50.0,52.2,70.9,54.3,1,1,1,1,56.34,HIGH
Student_627,486,332.5,72.1,0.684,3,19,30,70.6,3,0.0,0.0,8.6,0.0,3.7,0.0,0.0,58.3,0.0,0.0,0.0,11,3,50.0,81.6,63.7,61.7,1,1,1,1,63.74,HIGH
Student_628,200,24.1,36.0,0.121,1,16,3,13.1,0,0.0,0.0,0.0,0.0,0.0,0.0,0.0,0.0,0.0,0.0,0.0,6,1,50.0,50.0,50.0,50.0,1,1,1,1,50.0,HIGH
Student_629,400,14.9,15.4,0.037,0,44,1,4.7,1,0.0,0.0,0.0,0.0,4.7,0.0,0.0,0.0,0.0,0.0,0.0,0,0,50.0,50.0,50.0,50.0,1,1,1,1,50.0,HIGH
Student_630,486,161.4,56.2,0.332,2,28,27,45.8,3,0.0,12.6,0.0,0.0,0.0,0.0,0.0,14.4,0.0,18.8,0.0,4,1,50.0,50.0,50.0,53.6,1,1,1,1,51.44,HIGH
Student_631,300,26.1,18.6,0.087,0,35,0,0.0,3,0.0,0.0,0.0,0.0,0.0,0.0,0.0,0.0,0.0,0.0,0.0,2,0,50.0,50.0,50.0,50.0,1,1,1,1,50.0,HIGH
Student_632,240,58.3,46.7,0.243,1,16,30,95.2,10,6.9,7.7,2.8,0.0,23.1,11.8,17.9,9.6,5.4,4.6,5.3,3,1,50.0,50.0,50.0,0.0,1,1,1,0,30.0,HIGH
Student_633,600,452.7,96.1,0.754,1,3,74,167.4,10,0.0,29.7,14.1,18.8,6.2,33.4,8.1,39.7,5.1,1.7,10.6,8,4,89.5,100.0,80.2,89.9,1,1,1,1,89.9,LOW
Student_634,240,13.6,23.3,0.057,1,23,8,29.9,2,0.0,0.0,21.6,0.0,0.0,8.3,0.0,0.0,0.0,0.0,0.0,6,2,50.0,51.5,50.0,50.0,1,1,1,1,50.3,HIGH
Student_635,300,39.4,31.4,0.131,1,24,15,51.2,5,0.0,3.8,0.0,0.0,0.0,0.0,6.9,0.0,0.6,5.4,34.5,5,1,50.0,50.0,50.0,0.0,1,1,1,0,30.0,HIGH
Student_636,600,323.1,80.5,0.539,2,15,78,387.6,7,89.0,0.0,0.0,0.0,60.6,0.0,59.5,41.6,78.4,26.0,32.4,12,7,86.4,91.7,85.6,89.7,1,1,1,1,88.62,LOW
Student_637,486,301.2,88.9,0.62,3,7,60,203.8,7,31.7,74.2,0.0,19.0,28.9,0.0,28.0,0.0,4.3,17.7,0.0,21,4,85.6,68.4,79.6,99.2,1,1,1,1,86.4,LOW
Student_638,600,15.0,13.9,0.025,1,62,13,30.1,2,0.0,0.0,25.0,0.0,0.0,0.0,0.0,5.1,0.0,0.0,0.0,2,1,50.0,50.0,54.3,0.0,1,1,1,0,30.86,HIGH
Student_639,200,58.8,64.0,0.294,0,9,14,39.2,0,0.0,0.0,0.0,0.0,0.0,0.0,0.0,0.0,0.0,0.0,0.0,3,1,50.0,67.6,55.6,0.0,1,1,1,0,34.64,HIGH
Student_640,200,12.2,22.2,0.061,0,21,12,20.2,3,16.6,0.0,1.1,0.0,0.0,0.0,0.0,0.0,0.0,0.0,2.5,20,12,50.0,50.0,50.0,50.0,1,1,1,1,50.0,HIGH
Student_641,600,299.4,79.1,0.499,2,18,34,146.6,6,12.2,26.0,58.2,0.0,34.7,0.0,0.0,7.8,0.0,0.0,7.8,17,4,50.0,83.2,71.5,87.4,1,1,1,1,75.9,MEDIUM
Student_642,300,161.3,80.0,0.538,0,8,51,237.1,10,33.3,29.7,0.0,40.9,24.5,7.4,11.0,3.6,48.3,14.8,23.6,4,1,80.9,75.2,78.6,80.8,1,1,1,1,79.26,MEDIUM
Student_643,200,140.7,80.0,0.703,1,5,43,165.0,8,0.6,0.0,1.3,5.7,75.7,21.9,42.0,0.0,3.9,14.0,0.0,8,3,64.5,99.7,88.7,97.5,1,1,1,1,89.58,LOW
Student_644,486,75.9,36.1,0.156,2,46,3,4.6,3,0.0,0.0,0.1,0.0,1.4,0.0,0.0,0.0,0.0,3.1,0.0,5,1,50.0,50.0,50.0,50.0,1,1,1,1,50.0,HIGH
Student_645,486,178.9,69.2,0.368,3,20,16,79.1,2,0.0,37.8,0.0,0.0,41.3,0.0,0.0,0.0,0.0,0.0,0.0,3,1,50.0,70.7,52.7,76.0,1,1,1,1,65.08,HIGH
Student_646,486,131.8,78.9,0.271,2,12,74,213.4,8,14.1,0.0,16.0,7.4,16.8,0.0,0.0,37.9,54.5,39.3,27.4,9,5,65.7,72.1,77.9,0.0,1,1,1,0,43.14,HIGH
Student_647,600,53.1,18.8,0.089,1,65,32,54.7,6,0.0,0.0,10.1,0.0,6.7,10.5,0.0,0.2,10.6,0.0,16.6,5,2,50.0,50.0,50.0,0.0,1,1,1,0,30.0,HIGH
Student_648,300,4.3,17.1,0.014,0,29,9,36.0,3,0.0,0.0,23.1,6.4,0.0,0.0,0.0,0.0,0.0,6.5,0.0,1,0,50.0,50.0,50.0,50.0,1,1,1,1,50.0,HIGH
Student_649,200,15.2,30.8,0.076,0,18,10,34.6,1,0.0,0.0,0.0,0.0,0.0,0.0,34.6,0.0,0.0,0.0,0.0,7,1,50.0,50.1,50.0,0.0,1,1,1,0,30.02,HIGH
Student_650,486,130.0,48.6,0.267,4,36,28,126.9,3,0.0,0.0,0.0,0.0,0.0,0.0,0.0,69.7,0.0,38.8,18.4,2,0,50.0,60.4,55.6,0.0,1,1,1,0,33.2,HIGH
Student_651,600,566.9,97.5,0.945,2,2,78,179.0,5,0.0,30.3,0.0,0.0,73.8,6.1,52.9,15.9,0.0,0.0,0.0,15,6,96.8,95.4,95.8,100.0,1,1,1,1,97.6,LOW
Student_652,486,68.2,38.2,0.14,2,34,10,25.9,6,0.0,0.0,12.3,1.1,0.0,0.0,2.0,3.0,2.6,4.9,0.0,7,2,50.0,50.0,50.0,0.0,1,1,1,0,30.0,HIGH
Student_653,600,11.7,13.5,0.02,1,64,5,22.1,3,0.0,8.0,0.0,0.0,0.0,2.9,0.0,0.0,0.0,11.1,0.0,5,2,50.0,50.0,50.0,0.0,1,1,1,0,30.0,HIGH
Student_654,200,114.2,82.1,0.571,1,5,27,133.1,2,0.0,0.0,0.0,0.0,0.0,0.0,0.0,0.0,36.5,0.0,96.6,17,7,52.5,66.2,77.6,79.1,1,1,1,1,70.9,HIGH
Student_655,600,38.5,32.9,0.064,0,49,12,29.1,1,29.1,0.0,0.0,0.0,0.0,0.0,0.0,0.0,0.0,0.0,0.0,3,1,50.0,50.0,50.0,50.0,1,1,1,1,50.0,HIGH
Student_656,200,25.0,31.0,0.125,1,20,11,32.7,0,0.0,0.0,0.0,0.0,0.0,0.0,0.0,0.0,0.0,0.0,0.0,4,1,50.0,50.0,50.0,50.0,1,1,1,1,50.0,HIGH
Student_657,240,81.3,55.9,0.339,1,15,19,60.4,2,0.0,0.0,0.0,0.0,0.0,0.0,20.0,0.0,0.0,40.4,0.0,8,3,50.0,69.0,50.0,63.8,1,1,1,1,59.32,HIGH
Student_658,200,0.0,0.0,0.0,0,25,8,15.5,3,0.0,0.0,0.0,2.8,0.0,0.0,6.4,6.3,0.0,0.0,0.0,4,1,50.0,50.0,50.0,0.0,1,1,1,0,30.0,HIGH
Student_659,400,145.8,64.0,0.365,3,18,71,162.2,8,3.4,72.1,16.5,0.0,20.4,0.0,21.0,0.0,10.3,7.6,10.9,5,1,68.5,70.8,63.6,76.6,1,1,1,1,71.22,HIGH
Student_660,240,27.5,27.6,0.115,0,21,14,44.4,1,0.0,0.0,0.0,44.4,0.0,0.0,0.0,0.0,0.0,0.0,0.0,2,0,50.0,50.0,50.0,50.0,1,1,1,1,50.0,HIGH
Student_661,486,313.9,88.3,0.646,3,7,48,84.3,7,16.5,8.1,0.0,10.4,5.4,0.0,30.1,1.5,12.2,0.0,0.0,5,2,71.0,93.0,95.3,89.9,1,1,1,1,87.82,LOW
Student_662,240,2.6,11.1,0.011,0,24,0,0.0,0,0.0,0.0,0.0,0.0,0.0,0.0,0.0,0.0,0.0,0.0,0.0,8,2,50.0,50.0,50.0,50.0,1,1,1,1,50.0,HIGH
Student_663,240,8.4,17.9,0.035,0,23,11,16.6,1,16.6,0.0,0.0,0.0,0.0,0.0,0.0,0.0,0.0,0.0,0.0,4,1,50.0,50.0,50.0,0.0,1,1,1,0,30.0,HIGH
Student_664,300,20.6,28.2,0.069,0,28,21,93.9,6,0.0,9.7,0.0,0.0,43.2,12.5,0.0,23.8,0.0,1.9,2.8,7,4,50.0,50.0,50.0,50.0,1,1,1,1,50.0,HIGH
Student_665,200,134.1,84.6,0.67,0,4,41,116.5,5,14.7,28.9,16.2,0.0,0.0,0.0,27.9,0.0,0.0,0.0,28.7,27,9,60.4,72.2,73.1,81.2,1,1,1,1,73.62,HIGH
Student_666,486,299.6,75.0,0.616,0,15,44,85.9,5,19.0,0.0,0.0,9.4,44.8,3.0,9.7,0.0,0.0,0.0,0.0,5,2,71.2,75.7,70.2,87.0,1,1,1,1,78.22,MEDIUM
Student_667,300,157.0,74.4,0.523,2,11,14,65.5,4,6.8,7.0,2.8,0.0,0.0,48.9,0.0,0.0,0.0,0.0,0.0,23,5,50.0,52.0,58.2,75.4,1,1,1,1,62.2,HIGH
Student_668,600,318.5,70.4,0.531,0,21,56,99.1,9,3.1,9.8,7.3,6.7,27.0,8.8,27.0,2.4,0.0,0.0,6.9,16,9,66.4,100.0,93.7,92.9,1,1,1,1,89.18,LOW
Student_669,200,43.3,60.7,0.216,3,11,2,7.7,2,0.0,0.0,0.0,0.0,3.5,0.0,4.2,0.0,0.0,0.0,0.0,5,1,50.0,58.2,50.0,50.0,1,1,1,1,51.64,HIGH
Student_670,600,280.9,82.9,0.468,5,14,14,37.2,3,0.0,0.0,18.9,0.0,0.0,17.1,0.0,0.0,0.0,0.0,1.2,11,7,50.0,57.2,72.2,60.9,1,1,1,1,60.24,HIGH
Student_671,400,18.0,18.9,0.045,2,43,4,8.2,2,0.0,0.0,0.0,1.9,0.0,6.3,0.0,0.0,0.0,0.0,0.0,1,0,50.0,50.0,50.0,0.0,1,1,1,0,30.0,HIGH
Student_672,240,67.3,54.5,0.28,2,15,32,93.7,4,0.0,5.1,29.0,0.0,0.0,0.0,0.0,51.6,0.0,7.9,0.0,4,2,50.0,63.5,50.7,50.5,1,1,1,1,53.04,HIGH
Student_673,600,67.0,38.0,0.112,5,49,13,45.8,2,34.3,0.0,0.0,11.5,0.0,0.0,0.0,0.0,0.0,0.0,0.0,6,2,50.0,50.0,50.0,50.0,1,1,1,1,50.0,HIGH
Student_674,240,50.6,56.7,0.211,1,13,31,136.2,6,0.0,4.7,0.0,11.9,0.0,33.0,0.0,20.8,16.8,0.0,49.0,1,0,50.0,50.0,50.0,50.0,1,1,1,1,50.0,HIGH
Student_675,200,126.8,85.7,0.634,0,4,21,88.6,2,0.0,29.7,0.0,0.0,0.0,0.0,0.0,0.0,0.0,58.9,0.0,10,6,50.0,83.0,91.5,80.2,1,1,1,1,76.98,MEDIUM
Student_676,600,401.7,85.5,0.67,0,10,51,114.7,9,0.0,10.3,0.0,25.7,7.8,8.7,15.1,15.8,13.7,12.3,5.3,48,10,94.2,100.0,96.9,82.1,1,1,1,1,91.06,LOW
Student_677,400,242.3,100.0,0.606,1,0,50,131.3,8,43.7,15.6,11.9,0.5,0.0,31.2,0.0,17.6,0.0,3.2,7.5,6,3,93.8,97.8,100.0,96.4,1,1,1,1,96.88,LOW
Student_678,400,152.2,63.0,0.38,2,17,18,53.4,5,0.0,0.0,17.9,0.0,3.6,4.3,0.0,18.3,9.3,0.0,0.0,7,1,50.0,77.6,54.6,66.7,1,1,1,1,63.12,HIGH
Student_679,240,20.1,31.0,0.084,0,20,6,23.2,3,0.8,0.0,0.0,0.0,0.0,0.0,19.3,3.0,0.0,0.0,0.0,1,0,50.0,50.0,50.0,0.0,1,1,1,0,30.0,HIGH
Student_680,200,111.3,76.0,0.556,2,6,63,286.2,5,0.0,0.0,73.5,13.2,47.9,112.1,0.0,0.0,0.0,0.0,39.6,12,2,89.5,100.0,80.6,92.6,1,1,1,1,91.06,LOW
Student_681,200,67.3,58.6,0.336,3,12,16,38.6,3,27.4,8.2,0.0,0.0,0.0,0.0,0.0,0.0,0.0,0.0,2.9,3,1,50.0,66.8,61.0,59.7,1,1,1,1,59.44,HIGH
Student_682,300,2.5,7.0,0.008,1,40,5,11.8,2,0.0,0.0,0.0,9.6,0.0,0.0,0.0,0.0,2.2,0.0,0.0,5,3,50.0,50.0,50.0,0.0,1,1,1,0,30.0,HIGH
Student_683,200,29.5,37.9,0.148,0,18,62,141.7,8,8.0,17.8,4.2,0.0,16.5,17.8,0.0,11.1,24.8,0.0,41.5,1,0,50.0,50.0,50.0,62.6,1,1,1,1,55.04,HIGH
Student_684,200,210.8,92.9,1.054,0,2,30,135.1,5,0.0,0.0,12.3,0.0,0.0,0.0,29.3,40.3,34.9,18.3,0.0,7,3,64.9,97.1,94.2,100.0,1,1,1,1,91.24,LOW
Student_685,300,48.5,32.4,0.162,0,25,34,103.3,3,0.0,0.0,0.0,38.7,13.0,51.6,0.0,0.0,0.0,0.0,0.0,13,4,50.0,50.0,50.0,0.0,1,1,1,0,30.0,HIGH
Student_686,300,177.4,72.5,0.591,0,11,48,124.0,10,22.5,0.0,32.8,18.9,5.5,2.1,5.8,4.8,4.3,23.5,3.6,21,12,84.2,83.3,92.9,73.9,1,1,1,1,81.64,MEDIUM
Student_687,240,43.6,51.6,0.182,2,15,19,73.7,6,5.8,0.0,0.0,0.0,0.0,0.0,8.9,6.9,27.8,17.5,6.9,8,3,50.0,50.0,50.0,61.0,1,1,1,1,54.4,HIGH
Student_688,200,49.3,48.0,0.246,0,13,65,300.6,7,39.3,37.2,9.3,0.0,0.0,15.4,58.5,0.0,86.6,0.0,54.3,5,1,50.0,53.4,60.8,76.6,1,1,1,1,63.48,HIGH
Student_689,240,174.2,86.2,0.726,0,4,74,339.1,5,0.0,46.1,96.6,0.0,0.0,23.8,0.0,91.3,0.0,81.3,0.0,4,2,78.5,74.2,77.0,85.9,1,1,1,1,80.3,MEDIUM
Student_690,200,43.5,44.0,0.218,0,14,25,123.7,4,0.0,41.6,0.0,18.7,0.0,7.0,0.0,56.5,0.0,0.0,0.0,26,7,50.0,50.0,76.0,50.0,1,1,1,1,55.2,HIGH
Student_691,240,62.6,42.9,0.261,0,20,61,127.7,6,25.0,0.0,28.5,0.0,8.2,0.0,27.8,26.8,0.0,11.4,0.0,2,1,50.0,50.0,50.0,52.0,1,1,1,1,50.8,HIGH
Student_692,200,63.4,52.0,0.317,0,12,18,56.1,4,0.0,26.2,0.0,13.4,0.0,0.0,0.0,0.0,0.0,4.0,12.5,1,0,50.0,65.6,57.0,50.7,1,1,1,1,54.8,HIGH
Student_693,300,92.9,42.5,0.31,1,23,34,69.6,5,7.5,0.0,0.0,7.9,0.0,6.9,25.3,0.0,0.0,21.9,0.0,3,1,50.0,68.7,74.4,66.6,1,1,1,1,65.26,HIGH
Student_694,200,60.9,50.0,0.304,0,13,14,32.7,2,0.0,0.0,0.0,11.6,0.0,0.0,0.0,0.0,0.0,0.0,21.1,4,1,50.0,63.9,51.6,61.3,1,1,1,1,57.62,HIGH
Student_695,300,7.9,11.1,0.026,0,32,6,9.8,3,0.0,0.0,0.0,0.0,4.0,0.0,0.0,0.0,0.0,2.9,2.9,4,0,50.0,50.0,50.0,50.0,1,1,1,1,50.0,HIGH
Student_696,240,187.6,97.1,0.782,0,1,73,142.5,5,31.3,16.2,50.2,0.0,0.0,0.0,0.0,12.2,0.0,0.0,32.6,5,1,98.9,100.0,100.0,100.0,1,1,1,1,99.78,LOW
Student_697,200,56.3,64.0,0.282,0,9,13,60.4,5,0.0,0.0,0.0,2.5,13.3,0.0,0.0,10.2,5.8,28.6,0.0,4,1,50.0,50.0,50.0,0.0,1,1,1,0,30.0,HIGH
Student_698,240,136.5,86.2,0.569,0,4,44,163.2,10,0.8,0.9,26.0,10.8,7.2,53.9,15.1,24.0,14.8,9.8,0.0,6,2,72.4,72.2,96.1,89.1,1,1,1,1,83.78,MEDIUM
Student_699,486,210.2,59.7,0.433,3,27,31,124.8,7,0.0,14.0,0.0,68.7,6.2,15.5,0.5,0.0,11.7,8.1,0.0,8,2,50.0,73.9,76.1,73.8,1,1,1,1,69.52,HIGH
Student_700,600,523.1,90.5,0.872,0,8,58,226.6,5,39.7,0.0,0.0,0.0,0.0,0.0,21.6,60.2,94.4,10.7,0.0,9,3,81.0,93.2,92.2,90.9,1,1,1,1,89.64,LOW
Student_701,240,26.0,33.3,0.108,1,18,17,68.1,5,0.8,0.0,31.2,0.0,0.0,6.9,4.2,24.9,0.0,0.0,0.0,5,2,50.0,50.0,50.0,50.0,1,1,1,1,50.0,HIGH
Student_702,200,68.1,68.0,0.34,0,8,66,247.1,6,0.0,15.6,7.2,0.0,29.2,103.4,85.7,0.0,0.0,0.0,6.0,13,2,73.7,66.0,78.7,74.6,1,1,1,1,73.52,HIGH
Student_703,300,29.8,28.6,0.099,1,25,3,5.5,2,2.0,0.0,3.5,0.0,0.0,0.0,0.0,0.0,0.0,0.0,0.0,6,3,50.0,50.0,50.0,50.0,1,1,1,1,50.0,HIGH
Student_704,600,314.1,73.1,0.524,5,18,30,50.2,3,0.0,15.6,0.0,0.0,0.0,0.0,4.3,0.0,30.3,0.0,0.0,5,3,52.6,64.7,74.3,68.6,1,1,1,1,65.76,HIGH
Student_705,200,3.6,16.0,0.018,0,21,2,5.3,1,0.0,0.0,0.0,5.3,0.0,0.0,0.0,0.0,0.0,0.0,0.0,0,0,50.0,50.0,50.0,50.0,1,1,1,1,50.0,HIGH
Student_706,200,59.2,60.0,0.296,1,10,68,132.9,7,12.7,0.0,18.1,35.8,5.1,0.0,34.2,9.2,0.0,17.8,0.0,3,2,50.0,56.6,50.0,73.7,1,1,1,1,60.8,HIGH
Student_707,240,99.4,71.4,0.414,0,8,25,96.4,6,0.0,0.0,0.0,27.1,2.1,31.5,11.8,0.0,12.4,0.0,11.6,2,1,52.1,67.4,83.2,74.0,1,1,1,1,70.14,HIGH
Student_708,240,108.6,57.1,0.452,0,15,43,167.8,6,0.0,43.6,53.3,0.8,0.0,0.0,26.8,0.0,17.7,25.5,0.0,19,8,50.0,58.9,50.0,69.5,1,1,1,1,59.58,HIGH
Student_709,400,53.9,38.9,0.135,1,33,6,24.4,0,0.0,0.0,0.0,0.0,0.0,0.0,0.0,0.0,0.0,0.0,0.0,16,5,50.0,50.0,50.2,50.0,1,1,1,1,50.04,HIGH
Student_710,300,3.7,13.2,0.012,1,33,13,26.4,0,0.0,0.0,0.0,0.0,0.0,0.0,0.0,0.0,0.0,0.0,0.0,4,1,50.0,50.0,50.0,50.0,1,1,1,1,50.0,HIGH
Student_711,600,18.0,17.2,0.03,2,72,10,27.7,2,0.0,0.0,0.0,14.0,0.0,0.0,0.0,0.0,13.7,0.0,0.0,4,0,50.0,50.0,50.0,50.0,1,1,1,1,50.0,HIGH
Student_712,400,51.5,37.3,0.129,1,32,34,116.1,5,0.0,21.0,2.9,0.0,68.6,11.5,0.0,0.0,0.0,0.0,12.0,2,0,50.0,66.1,55.5,0.0,1,1,1,0,34.32,HIGH
Student_713,300,143.0,70.7,0.477,0,12,29,132.0,3,37.0,0.0,0.0,0.0,63.6,0.0,0.0,0.0,0.0,0.0,31.5,11,2,50.0,58.4,70.6,61.8,1,1,1,1,60.52,HIGH
Student_714,300,92.6,55.0,0.309,0,18,12,26.5,2,11.4,0.0,0.0,0.0,0.0,0.0,0.0,15.1,0.0,0.0,0.0,9,3,50.0,50.0,50.0,53.4,1,1,1,1,51.36,HIGH
Student_715,486,139.4,59.0,0.287,3,25,12,39.0,6,2.7,0.0,20.2,0.0,4.6,1.8,0.0,1.9,7.8,0.0,0.0,8,4,50.0,54.8,50.0,0.0,1,1,1,0,30.96,HIGH
Student_716,200,201.1,96.6,1.006,0,1,76,308.1,8,34.3,47.8,0.7,32.4,0.0,1.9,116.6,49.6,0.0,24.8,0.0,24,6,78.3,91.5,90.0,99.9,1,1,1,1,91.92,LOW
Student_717,486,250.2,85.0,0.515,0,9,68,216.7,10,8.5,6.1,9.4,26.8,28.7,25.2,14.3,45.0,0.0,29.6,23.3,3,1,69.3,81.2,77.7,95.6,1,1,1,1,83.88,MEDIUM
Student_718,200,1.8,16.0,0.009,0,21,12,48.5,0,0.0,0.0,0.0,0.0,0.0,0.0,0.0,0.0,0.0,0.0,0.0,4,2,50.0,50.0,50.0,50.0,1,1,1,1,50.0,HIGH
Student_719,300,75.7,55.3,0.252,3,17,11,32.0,2,0.0,0.0,22.1,0.0,0.0,9.9,0.0,0.0,0.0,0.0,0.0,24,5,50.0,57.1,60.6,69.1,1,1,1,1,61.18,HIGH
Student_720,486,358.1,95.3,0.737,0,3,72,273.2,5,0.0,20.6,49.7,0.0,0.0,0.0,0.0,61.3,0.0,121.6,20.0,21,8,86.3,100.0,100.0,100.0,1,1,1,1,97.26,LOW
Student_721,200,10.8,13.8,0.054,0,25,5,19.9,2,0.0,0.0,0.0,0.0,0.0,0.0,0.0,0.0,11.8,8.1,0.0,5,3,50.0,50.0,50.0,0.0,1,1,1,0,30.0,HIGH
Student_722,600,403.6,81.6,0.673,1,14,46,90.9,5,13.0,0.0,0.0,0.0,7.3,0.0,4.0,3.2,0.0,63.4,0.0,9,2,80.5,67.0,65.7,81.5,1,1,1,1,75.24,MEDIUM
Student_723,600,172.8,50.0,0.288,0,44,34,134.1,3,0.0,0.0,0.0,31.5,62.5,0.0,40.2,0.0,0.0,0.0,0.0,6,3,50.0,50.0,50.0,0.0,1,1,1,0,30.0,HIGH
Student_724,200,124.4,88.0,0.622,0,3,50,136.0,9,2.7,23.8,17.2,0.0,10.6,4.7,2.1,41.7,0.0,27.3,6.0,14,9,93.9,88.9,97.0,100.0,1,1,1,1,95.96,LOW
Student_725,600,307.7,76.7,0.513,0,17,27,98.8,7,18.2,11.2,0.0,0.0,0.0,7.6,16.2,3.3,28.1,14.3,0.0,9,3,58.3,76.2,82.8,90.0,1,1,1,1,79.46,MEDIUM
Student_726,486,129.7,54.5,0.267,4,25,17,49.0,5,14.8,0.0,0.0,3.1,9.3,0.0,0.0,15.1,0.0,0.0,6.7,26,10,50.0,56.2,52.0,53.0,1,1,1,1,52.84,HIGH
Student_727,486,202.7,69.0,0.417,0,18,44,164.3,7,0.0,6.8,22.9,0.0,5.4,7.9,0.0,7.7,0.0,17.7,95.9,10,3,66.4,82.8,93.9,79.6,1,1,1,1,80.46,MEDIUM
Student_728,200,102.8,84.6,0.514,0,4,62,217.2,9,37.2,20.5,0.0,24.5,5.2,21.9,22.0,10.4,0.0,13.4,62.1,11,4,68.8,58.5,76.6,91.6,1,1,1,1,77.42,MEDIUM
Student_729,200,124.0,80.0,0.62,1,5,61,92.7,10,4.2,4.4,0.0,26.7,9.3,4.0,3.5,7.0,5.6,27.0,1.0,4,2,74.9,79.6,82.9,87.3,1,1,1,1,82.4,MEDIUM
Student_730,486,232.7,67.6,0.479,0,23,19,89.1,2,0.0,69.2,0.0,0.0,0.0,0.0,0.0,0.0,0.0,0.0,19.9,18,6,50.0,83.8,79.7,66.6,1,1,1,1,69.34,HIGH
Student_731,486,186.3,60.3,0.383,2,23,39,89.6,5,31.3,0.0,0.0,0.0,0.0,0.0,0.0,2.3,36.8,5.5,13.7,28,12,54.5,83.7,77.5,82.2,1,1,1,1,76.02,MEDIUM
Student_732,600,116.5,50.0,0.194,4,37,16,31.4,4,11.1,0.0,0.0,0.0,0.0,0.9,16.1,0.0,0.0,0.0,3.3,10,5,50.0,50.0,50.0,0.0,1,1,1,0,30.0,HIGH
Student_733,400,81.6,51.1,0.204,0,22,29,135.5,5,0.0,9.6,0.0,75.8,0.0,0.0,0.0,19.3,24.5,6.4,0.0,5,1,50.0,50.3,50.0,0.0,1,1,1,0,30.06,HIGH
Student_734,400,0.0,0.0,0.0,0,48,4,10.0,3,0.0,0.0,0.0,0.0,0.0,0.0,0.0,1.9,0.0,5.3,2.8,7,3,50.0,50.0,50.0,0.0,1,1,1,0,30.0,HIGH
Student_735,300,60.0,36.4,0.2,2,28,6,21.1,1,0.0,0.0,21.1,0.0,0.0,0.0,0.0,0.0,0.0,0.0,0.0,7,3,50.0,50.0,50.0,50.0,1,1,1,1,50.0,HIGH
Student_736,400,17.1,12.0,0.043,1,44,8,32.3,0,0.0,0.0,0.0,0.0,0.0,0.0,0.0,0.0,0.0,0.0,0.0,8,3,50.0,50.0,50.0,0.0,1,1,1,0,30.0,HIGH
Student_737,600,37.6,25.0,0.063,1,63,11,38.6,3,0.0,0.0,0.0,6.9,0.0,12.4,19.4,0.0,0.0,0.0,0.0,1,0,50.0,60.5,50.0,50.0,1,1,1,1,52.1,HIGH
Student_738,400,297.4,88.9,0.743,0,6,43,189.6,6,7.2,0.0,32.5,35.1,26.6,0.0,69.1,0.0,0.0,0.0,19.2,9,5,70.1,96.5,75.0,80.2,1,1,1,1,80.4,MEDIUM
Student_739,600,211.9,59.7,0.353,0,31,53,135.2,8,2.8,19.0,17.4,5.8,0.0,1.6,40.0,2.6,0.0,46.1,0.0,4,1,57.4,81.4,83.6,70.3,1,1,1,1,72.6,HIGH
Student_740,400,150.3,74.5,0.376,5,14,26,100.0,5,5.9,16.6,0.0,0.0,0.0,0.0,49.9,0.0,10.5,0.0,17.1,5,3,51.2,82.9,88.8,73.7,1,1,1,1,74.06,HIGH
Student_741,240,4.4,10.0,0.018,0,27,0,0.0,3,0.0,0.0,0.0,0.0,0.0,0.0,0.0,0.0,0.0,0.0,0.0,2,1,50.0,50.0,50.0,50.0,1,1,1,1,50.0,HIGH
Student_742,600,22.9,24.6,0.038,3,52,1,2.1,2,0.0,0.0,0.0,1.7,0.0,0.0,0.0,0.0,0.0,0.4,0.0,9,3,50.0,50.0,50.0,50.0,1,1,1,1,50.0,HIGH
Student_743,600,60.3,29.6,0.1,3,57,11,33.5,6,4.8,0.0,1.6,0.0,0.0,5.9,8.4,0.0,11.0,1.9,0.0,4,1,50.0,50.0,51.9,0.0,1,1,1,0,30.38,HIGH
Student_744,200,40.4,56.0,0.202,0,11,23,36.8,3,5.8,0.0,0.0,0.0,0.0,0.0,5.4,0.0,0.0,25.6,0.0,5,3,50.0,50.0,50.0,55.8,1,1,1,1,52.32,HIGH
Student_745,400,274.5,83.3,0.686,0,8,62,296.0,9,11.0,38.4,15.4,9.5,46.3,44.7,59.1,0.0,0.0,10.1,61.4,8,3,99.5,76.0,70.0,91.3,1,1,1,1,85.62,LOW
Student_746,300,80.4,51.4,0.268,1,17,25,72.8,5,0.0,2.3,0.0,0.0,8.1,35.7,0.0,1.1,0.0,0.0,25.5,9,5,50.0,60.9,59.6,0.0,1,1,1,0,34.1,HIGH
Student_747,200,12.2,24.0,0.061,0,19,15,48.9,3,0.0,0.0,0.0,0.0,23.5,0.0,0.0,21.9,0.0,0.0,3.6,0,0,50.0,50.0,50.0,50.0,1,1,1,1,50.0,HIGH
Student_748,600,49.1,32.4,0.082,2,50,24,56.1,2,24.7,0.0,0.0,31.4,0.0,0.0,0.0,0.0,0.0,0.0,0.0,4,1,50.0,50.0,50.0,0.0,1,1,1,0,30.0,HIGH
Student_749,400,35.5,29.2,0.089,3,34,14,21.1,4,0.0,0.0,0.0,0.0,0.0,7.1,6.2,0.0,3.0,4.8,0.0,2,0,50.0,54.2,50.0,52.4,1,1,1,1,51.8,HIGH
Student_750,600,103.0,46.6,0.172,5,47,15,37.8,2,0.0,0.0,0.0,17.0,0.0,20.8,0.0,0.0,0.0,0.0,0.0,7,4,50.0,50.0,51.1,50.4,1,1,1,1,50.38,HIGH
Student_751,400,199.1,80.0,0.498,3,9,35,113.7,10,8.1,0.0,19.6,5.5,23.4,3.1,9.5,12.0,16.0,9.2,7.3,8,3,50.0,77.2,79.2,76.2,1,1,1,1,71.76,HIGH
Student_752,400,66.8,40.8,0.167,1,29,9,23.8,0,0.0,0.0,0.0,0.0,0.0,0.0,0.0,0.0,0.0,0.0,0.0,2,1,50.0,50.0,54.6,53.8,1,1,1,1,52.44,HIGH
Student_753,300,26.7,33.3,0.089,0,24,18,88.0,4,0.0,0.0,0.0,33.6,0.0,19.6,29.6,5.2,0.0,0.0,0.0,6,2,50.0,50.0,50.0,50.0,1,1,1,1,50.0,HIGH
Student_754,200,19.2,25.0,0.096,0,21,14,66.9,3,0.0,14.0,0.0,0.0,22.7,0.0,0.0,0.0,30.2,0.0,0.0,7,3,50.0,63.2,58.4,50.0,1,1,1,1,54.32,HIGH
Student_755,600,142.4,48.1,0.237,5,41,14,64.3,3,0.0,0.0,0.0,0.0,0.0,0.0,0.0,51.1,8.1,5.1,0.0,2,0,50.0,50.0,61.7,50.0,1,1,1,1,52.34,HIGH
Student_756,200,28.2,42.9,0.141,0,16,6,28.0,0,0.0,0.0,0.0,0.0,0.0,0.0,0.0,0.0,0.0,0.0,0.0,8,2,50.0,58.0,57.7,50.0,1,1,1,1,53.14,HIGH
Student_757,400,326.5,87.0,0.816,0,7,30,87.9,9,7.8,10.8,10.9,12.9,9.1,29.0,1.9,2.7,2.8,0.0,0.0,3,1,66.1,69.0,72.4,100.0,1,1,1,1,81.5,MEDIUM
Student_758,200,35.6,52.0,0.178,1,12,11,21.0,3,0.0,0.0,0.0,0.0,0.0,3.5,14.7,0.0,0.0,2.8,0.0,3,0,50.0,65.8,51.2,0.0,1,1,1,0,33.4,HIGH
Student_759,400,98.9,51.1,0.247,1,23,21,48.0,6,15.5,2.6,0.0,0.0,0.0,0.0,10.7,6.8,0.0,8.9,3.4,25,14,50.0,50.0,50.0,50.0,1,1,1,1,50.0,HIGH
Student_760,300,118.5,72.2,0.395,2,10,26,72.4,6,17.2,0.0,11.2,0.0,6.9,5.2,0.0,0.0,26.0,5.9,0.0,7,4,50.0,90.5,95.0,68.9,1,1,1,1,74.66,HIGH
Student_761,486,305.3,71.7,0.628,0,17,60,190.1,6,0.0,40.0,81.2,16.7,0.0,3.5,0.0,42.8,0.0,0.0,5.9,10,4,63.6,84.5,88.4,96.1,1,1,1,1,85.74,LOW
Student_762,240,46.9,48.1,0.195,0,14,17,37.5,6,0.0,0.0,8.9,0.0,0.0,10.2,0.0,1.9,2.4,0.9,13.3,4,1,50.0,61.7,55.9,50.0,1,1,1,1,53.52,HIGH
Student_763,486,303.0,83.6,0.623,0,10,37,157.8,5,0.0,38.9,0.0,0.0,0.0,25.3,0.0,0.0,6.2,64.3,23.2,9,5,51.2,76.4,84.0,87.6,1,1,1,1,77.36,MEDIUM
Student_764,240,26.1,33.3,0.109,0,22,8,26.0,1,0.0,0.0,0.0,26.0,0.0,0.0,0.0,0.0,0.0,0.0,0.0,2,0,50.0,52.1,57.8,0.0,1,1,1,0,31.98,HIGH
Student_765,400,66.3,34.8,0.166,0,30,11,28.5,2,4.5,0.0,0.0,0.0,0.0,0.0,0.0,24.0,0.0,0.0,0.0,14,9,50.0,54.4,50.0,0.0,1,1,1,0,30.88,HIGH
Student_766,240,75.6,52.9,0.315,1,16,29,127.9,4,26.6,45.1,0.0,0.0,21.5,34.8,0.0,0.0,0.0,0.0,0.0,9,4,50.0,50.0,66.8,58.6,1,1,1,1,56.8,HIGH
Student_767,600,132.8,49.4,0.221,1,45,12,27.5,6,0.0,5.5,0.0,0.0,0.1,2.2,12.5,2.1,5.0,0.0,0.0,4,2,50.0,51.0,50.0,50.0,1,1,1,1,50.2,HIGH
Student_768,486,13.5,32.3,0.028,1,42,3,15.0,0,0.0,0.0,0.0,0.0,0.0,0.0,0.0,0.0,0.0,0.0,0.0,4,1,50.0,50.0,50.0,50.0,1,1,1,1,50.0,HIGH
Student_769,200,43.1,46.4,0.216,0,15,2,9.2,2,0.0,0.0,0.0,6.6,0.0,0.0,0.0,2.6,0.0,0.0,0.0,8,4,50.0,50.0,54.1,50.0,1,1,1,1,50.82,HIGH
Student_770,400,339.0,100.0,0.848,2,0,57,107.4,8,0.0,40.3,14.6,0.0,5.0,16.2,1.6,12.5,12.7,4.7,0.0,13,3,87.0,84.3,66.5,98.5,1,1,1,1,86.96,LOW
Student_771,200,39.9,57.7,0.199,3,11,23,100.3,6,8.8,0.0,12.2,0.0,0.0,10.0,26.2,0.0,1.2,41.9,0.0,7,1,50.0,50.1,50.0,50.0,1,1,1,1,50.02,HIGH
Student_772,400,153.9,71.9,0.385,3,16,22,78.8,4,0.0,0.0,24.1,0.0,10.3,0.0,0.0,0.0,23.0,21.4,0.0,5,2,50.0,67.2,62.1,56.9,1,1,1,1,58.62,HIGH
Student_773,200,35.0,32.1,0.175,1,19,27,87.8,2,36.3,51.5,0.0,0.0,0.0,0.0,0.0,0.0,0.0,0.0,0.0,11,6,50.0,56.8,55.6,0.0,1,1,1,0,32.48,HIGH
Student_774,486,231.2,72.7,0.476,4,15,10,24.9,6,0.0,0.0,0.9,15.3,0.4,1.6,5.6,0.0,0.0,0.0,1.1,7,3,50.0,71.6,62.8,64.7,1,1,1,1,62.76,HIGH
Student_775,400,60.7,37.3,0.152,3,32,25,68.5,2,0.0,0.0,0.0,0.0,22.6,0.0,0.0,0.0,45.9,0.0,0.0,4,2,50.0,50.0,65.4,50.0,1,1,1,1,53.08,HIGH
Student_776,200,16.6,38.5,0.083,1,16,11,37.3,2,0.0,0.0,0.0,0.0,0.0,13.8,0.0,0.0,0.0,23.5,0.0,2,1,50.0,50.0,50.0,0.0,1,1,1,0,30.0,HIGH
Student_777,300,21.6,25.6,0.072,0,32,7,23.1,2,0.0,0.0,0.0,0.0,0.0,10.4,12.7,0.0,0.0,0.0,0.0,1,0,50.0,50.0,50.0,50.0,1,1,1,1,50.0,HIGH
Student_778,300,88.5,52.6,0.295,0,18,27,103.8,2,68.7,0.0,0.0,0.0,0.0,0.0,0.0,0.0,35.1,0.0,0.0,5,1,50.0,58.6,53.6,0.0,1,1,1,0,32.44,HIGH
Student_779,200,130.3,62.1,0.652,0,11,70,263.6,6,26.3,56.6,0.0,0.0,0.0,21.4,63.4,0.0,0.0,77.2,18.8,4,2,66.1,100.0,100.0,93.0,1,1,1,1,90.42,LOW
Student_780,240,4.1,14.3,0.017,0,24,11,41.2,3,0.0,0.0,0.0,0.0,0.0,30.1,8.4,2.7,0.0,0.0,0.0,7,4,50.0,50.0,50.0,50.0,1,1,1,1,50.0,HIGH
Student_781,240,61.6,40.6,0.257,1,19,15,52.5,5,10.2,0.0,14.4,0.0,12.8,0.0,12.7,2.4,0.0,0.0,0.0,4,1,50.0,50.0,51.1,0.0,1,1,1,0,30.22,HIGH
Student_782,200,53.6,61.5,0.268,0,10,27,94.1,4,0.0,20.9,25.0,0.0,0.0,0.0,12.6,0.0,35.6,0.0,0.0,8,2,50.0,65.6,68.3,0.0,1,1,1,0,36.78,HIGH
Student_783,486,281.7,77.6,0.58,1,13,73,354.2,7,26.4,0.0,21.8,0.0,0.0,63.9,55.9,0.0,19.9,93.4,72.9,25,6,69.9,71.7,79.5,92.4,1,1,1,1,81.18,MEDIUM
Student_784,400,184.7,74.5,0.462,2,14,76,171.5,9,10.6,17.6,19.5,9.0,0.0,21.6,17.3,22.9,34.1,0.0,18.9,13,7,63.8,84.6,82.9,90.0,1,1,1,1,82.26,MEDIUM
Student_785,486,107.6,54.2,0.221,0,27,30,133.5,2,69.6,63.9,0.0,0.0,0.0,0.0,0.0,0.0,0.0,0.0,0.0,5,2,50.0,50.0,56.2,59.3,1,1,1,1,54.96,HIGH
Student_786,486,234.2,71.4,0.482,0,16,55,128.7,5,0.0,2.1,0.0,26.1,0.0,23.9,0.0,44.4,0.0,32.2,0.0,6,1,72.7,74.7,84.3,76.3,1,1,1,1,76.86,MEDIUM
Student_787,600,0.0,0.0,0.0,0,69,1,5.0,1,0.0,0.0,0.0,0.0,0.0,0.0,0.0,0.0,0.0,5.0,0.0,21,7,50.0,50.0,50.0,50.0,1,1,1,1,50.0,HIGH
Student_788,300,14.7,23.5,0.049,0,26,12,50.5,1,0.0,0.0,0.0,0.0,0.0,50.5,0.0,0.0,0.0,0.0,0.0,1,0,50.0,50.0,50.0,0.0,1,1,1,0,30.0,HIGH
Student_789,200,51.6,52.0,0.258,1,12,23,85.0,6,11.8,3.0,0.0,0.0,16.6,8.5,0.0,0.0,7.7,37.4,0.0,4,1,50.0,50.0,53.1,50.8,1,1,1,1,50.94,HIGH
Student_790,400,191.3,75.0,0.478,4,13,29,106.8,3,0.0,83.3,0.0,0.0,0.0,10.9,12.6,0.0,0.0,0.0,0.0,15,6,50.0,58.2,54.9,80.9,1,1,1,1,64.98,HIGH
Student_791,400,79.1,52.5,0.198,0,28,22,81.6,5,0.0,0.0,20.6,0.0,14.6,7.3,0.0,0.0,0.0,30.6,8.5,3,1,50.0,63.9,50.0,0.0,1,1,1,0,32.78,HIGH
Student_792,300,60.1,40.9,0.2,2,26,19,33.4,5,3.8,0.0,0.0,5.5,3.3,0.0,0.0,0.0,3.4,0.0,17.3,5,1,50.0,62.9,50.0,55.7,1,1,1,1,54.86,HIGH
Student_793,400,6.7,12.5,0.017,0,49,14,38.6,1,38.6,0.0,0.0,0.0,0.0,0.0,0.0,0.0,0.0,0.0,0.0,2,1,50.0,50.0,50.0,50.0,1,1,1,1,50.0,HIGH
Student_794,600,54.9,43.7,0.092,5,40,2,4.8,1,0.0,0.0,0.0,0.0,0.0,0.0,4.8,0.0,0.0,0.0,0.0,1,0,50.0,50.0,50.0,0.0,1,1,1,0,30.0,HIGH
Student_795,400,58.8,32.7,0.147,0,35,16,60.5,2,0.0,0.0,0.0,0.0,32.5,0.0,0.0,0.0,28.0,0.0,0.0,15,4,50.0,50.0,50.0,50.0,1,1,1,1,50.0,HIGH
Student_796,300,169.3,70.5,0.564,2,13,12,29.6,3,4.9,0.0,6.0,0.0,0.0,0.0,0.0,0.0,0.0,18.8,0.0,4,2,50.0,66.0,71.4,80.9,1,1,1,1,69.84,HIGH
Student_797,600,27.0,26.2,0.045,4,62,7,24.4,3,0.0,23.0,1.2,0.0,0.2,0.0,0.0,0.0,0.0,0.0,0.0,1,0,50.0,50.0,50.0,50.0,1,1,1,1,50.0,HIGH
Student_798,240,40.0,34.4,0.167,0,21,22,91.4,4,0.0,49.1,0.0,0.0,0.0,0.0,0.0,0.0,31.3,7.6,3.4,5,1,50.0,60.6,50.0,0.0,1,1,1,0,32.12,HIGH
Student_799,200,106.4,72.0,0.532,1,7,30,47.8,2,0.0,0.0,0.0,0.0,0.0,0.0,0.0,0.0,0.0,39.1,8.7,29,14,55.4,64.5,65.2,64.8,1,1,1,1,62.94,HIGH
Student_800,400,5.6,13.8,0.014,0,50,1,1.7,2,0.0,0.0,0.0,0.0,0.5,1.2,0.0,0.0,0.0,0.0,0.0,1,0,50.0,50.0,50.0,50.0,1,1,1,1,50.0,HIGH
Student_801,600,267.8,52.3,0.446,6,41,46,72.9,10,13.3,3.6,10.3,4.2,7.2,2.6,11.3,9.3,0.0,8.1,3.0,4,2,50.0,65.3,81.7,86.2,1,1,1,1,73.88,HIGH
Student_802,240,15.1,25.8,0.063,1,23,11,52.8,3,0.0,0.0,12.5,28.1,0.0,0.0,0.0,0.0,0.0,0.0,12.2,1,0,50.0,50.0,51.8,50.0,1,1,1,1,50.36,HIGH
Student_803,600,118.9,35.0,0.198,1,52,25,109.9,4,0.0,0.0,21.1,0.0,68.2,0.0,4.3,16.4,0.0,0.0,0.0,8,4,50.0,58.6,59.9,50.0,1,1,1,1,53.7,HIGH
Student_804,240,33.2,32.3,0.138,1,21,3,14.3,2,0.0,0.0,3.7,0.0,0.0,10.6,0.0,0.0,0.0,0.0,0.0,7,2,50.0,50.0,50.0,50.0,1,1,1,1,50.0,HIGH
Student_805,486,310.5,84.4,0.639,0,10,33,110.8,6,4.0,7.8,0.0,55.9,24.3,11.3,0.0,0.0,0.0,7.4,0.0,14,5,73.8,98.4,83.7,90.7,1,1,1,1,87.46,LOW
Student_806,600,376.9,74.0,0.628,0,19,69,339.3,5,0.0,0.0,0.0,0.0,0.0,126.4,8.7,62.5,107.2,34.5,0.0,16,9,70.8,98.1,92.3,92.1,1,1,1,1,89.08,LOW
Student_807,300,78.7,41.5,0.262,2,24,15,41.9,4,5.2,0.0,0.0,0.0,7.8,0.0,16.1,0.0,0.0,0.0,12.7,7,3,50.0,50.6,50.0,50.0,1,1,1,1,50.12,HIGH
Student_808,240,143.6,79.3,0.598,0,6,40,66.1,8,19.4,6.9,1.0,0.0,4.8,3.6,0.0,0.0,6.7,11.0,12.7,21,14,60.5,92.1,83.3,93.5,1,1,1,1,84.58,MEDIUM
Student_809,486,137.7,52.3,0.283,2,31,48,178.2,8,0.0,17.1,0.0,5.0,20.2,16.9,29.7,46.0,18.5,24.9,0.0,5,1,56.4,57.2,73.6,0.0,1,1,1,0,37.44,HIGH
Student_810,400,257.4,68.6,0.644,0,16,72,179.8,8,15.4,44.5,21.0,3.7,0.0,38.1,46.1,0.0,0.0,9.8,1.2,5,1,71.8,90.6,72.7,78.2,1,1,1,1,78.3,MEDIUM
Student_811,486,249.4,68.3,0.513,5,20,11,47.6,2,26.1,21.5,0.0,0.0,0.0,0.0,0.0,0.0,0.0,0.0,0.0,14,6,52.8,50.0,69.0,64.4,1,1,1,1,60.12,HIGH
Student_812,200,152.5,76.9,0.762,0,6,27,128.3,6,6.1,0.0,0.0,0.0,16.5,40.2,0.0,31.8,24.6,0.0,9.2,5,1,64.1,100.0,93.5,81.4,1,1,1,1,84.08,MEDIUM
Student_813,600,204.2,74.0,0.34,1,20,71,124.3,5,4.4,0.0,0.0,28.3,0.0,38.8,5.7,47.1,0.0,0.0,0.0,2,1,58.2,57.7,60.7,74.9,1,1,1,1,65.28,HIGH
Student_814,300,2.3,5.6,0.008,0,34,4,7.8,0,0.0,0.0,0.0,0.0,0.0,0.0,0.0,0.0,0.0,0.0,0.0,4,2,50.0,50.0,50.0,0.0,1,1,1,0,30.0,HIGH
Student_815,240,14.8,23.3,0.062,0,23,9,32.4,2,0.0,0.0,0.0,0.0,0.0,31.0,0.0,0.0,0.0,0.0,1.4,16,7,50.0,50.0,50.0,0.0,1,1,1,0,30.0,HIGH
Student_816,200,44.8,56.0,0.224,2,11,34,107.1,4,0.0,40.9,45.0,0.0,8.0,0.0,0.0,0.0,0.0,0.0,13.2,3,1,50.0,50.0,52.0,57.4,1,1,1,1,53.36,HIGH
Student_817,300,6.0,16.7,0.02,1,35,8,36.0,1,36.0,0.0,0.0,0.0,0.0,0.0,0.0,0.0,0.0,0.0,0.0,5,1,50.0,50.0,50.0,50.0,1,1,1,1,50.0,HIGH
Student_818,486,64.6,24.2,0.133,2,47,30,60.3,3,0.0,0.0,23.0,0.0,0.0,0.0,0.0,5.6,0.0,0.0,31.6,4,2,50.0,54.9,50.0,0.0,1,1,1,0,30.98,HIGH
Student_819,300,165.0,86.8,0.55,1,5,69,167.9,6,59.5,2.0,83.0,4.1,0.0,0.0,0.0,13.0,6.2,0.0,0.0,18,11,66.8,62.2,90.5,77.2,1,1,1,1,74.78,HIGH
Student_820,486,64.7,33.3,0.133,2,46,22,71.5,4,11.6,0.0,0.0,0.0,7.9,0.0,31.4,0.0,20.6,0.0,0.0,7,3,50.0,50.0,52.0,50.0,1,1,1,1,50.4,HIGH
Student_821,400,393.6,100.0,0.984,0,0,76,364.9,6,52.6,41.1,0.0,86.1,0.0,0.0,0.0,30.1,22.8,0.0,132.2,6,1,99.5,70.9,75.4,87.7,1,1,1,1,84.24,MEDIUM
Student_822,300,7.6,10.3,0.025,0,35,13,44.9,2,0.0,0.0,28.1,0.0,0.0,0.0,0.0,0.0,0.0,16.8,0.0,3,1,50.0,50.0,50.0,50.0,1,1,1,1,50.0,HIGH
Student_823,300,68.2,58.3,0.227,0,15,24,45.3,3,0.0,0.0,0.0,10.6,17.5,0.0,17.2,0.0,0.0,0.0,0.0,2,0,50.0,50.0,50.0,0.0,1,1,1,0,30.0,HIGH
Student_824,486,84.4,42.2,0.174,4,37,14,39.1,2,0.0,0.0,35.4,3.7,0.0,0.0,0.0,0.0,0.0,0.0,0.0,3,0,50.0,50.0,50.0,50.0,1,1,1,1,50.0,HIGH
Student_825,300,29.7,27.8,0.099,0,26,27,94.9,3,0.0,0.0,0.0,0.0,0.0,0.0,15.6,0.0,0.0,23.7,55.6,3,1,50.0,50.0,50.0,50.0,1,1,1,1,50.0,HIGH
Student_826,600,161.0,48.3,0.268,3,45,28,63.8,6,4.3,0.0,0.0,0.0,4.8,35.9,0.0,7.8,4.9,0.0,6.2,8,2,50.0,60.1,50.5,58.8,1,1,1,1,55.64,HIGH
Student_827,300,4.8,14.7,0.016,0,29,14,65.9,2,29.3,0.0,0.0,0.0,36.6,0.0,0.0,0.0,0.0,0.0,0.0,4,1,50.0,50.0,50.0,50.0,1,1,1,1,50.0,HIGH
Student_828,600,326.6,77.5,0.544,1,18,53,252.0,5,0.0,0.0,3.6,0.0,26.3,0.0,0.0,32.4,147.7,42.1,0.0,5,2,61.2,100.0,92.7,79.2,1,1,1,1,82.46,MEDIUM
Student_829,486,72.9,41.4,0.15,1,34,25,49.1,2,16.7,0.0,0.0,0.0,32.4,0.0,0.0,0.0,0.0,0.0,0.0,4,2,50.0,50.0,50.0,54.2,1,1,1,1,51.68,HIGH
Student_830,300,1.3,9.1,0.004,0,40,1,3.5,0,0.0,0.0,0.0,0.0,0.0,0.0,0.0,0.0,0.0,0.0,0.0,4,2,50.0,50.0,50.0,0.0,1,1,1,0,30.0,HIGH
Student_831,240,80.5,54.8,0.335,2,14,33,158.6,6,0.0,0.0,57.4,19.6,21.2,0.0,29.6,0.0,10.7,0.0,20.0,3,1,50.0,50.0,50.0,54.4,1,1,1,1,51.76,HIGH
Student_832,400,56.1,40.8,0.14,2,29,22,57.0,6,6.4,8.0,7.9,0.0,0.0,13.4,4.2,17.1,0.0,0.0,0.0,0,0,50.0,50.0,50.0,50.0,1,1,1,1,50.0,HIGH
Student_833,300,21.3,29.4,0.071,0,24,29,86.5,5,0.0,7.9,0.0,0.0,0.0,45.2,7.3,0.0,4.2,0.0,22.0,5,1,50.0,50.0,50.0,50.0,1,1,1,1,50.0,HIGH
Student_834,200,98.9,72.0,0.495,0,7,24,119.6,2,0.0,0.0,60.8,0.0,0.0,0.0,0.0,58.8,0.0,0.0,0.0,17,3,50.8,77.7,62.2,66.2,1,1,1,1,64.62,HIGH
Student_835,240,185.7,78.6,0.774,0,6,64,256.2,8,50.5,0.0,54.2,0.0,9.3,0.0,18.5,71.4,12.9,5.3,34.1,13,3,83.5,89.8,93.5,72.4,1,1,1,1,82.32,MEDIUM
Student_836,240,1.5,6.7,0.006,0,28,5,8.0,2,0.0,0.0,0.0,6.9,1.1,0.0,0.0,0.0,0.0,0.0,0.0,2,0,50.0,50.0,50.0,0.0,1,1,1,0,30.0,HIGH
Student_837,600,114.5,45.6,0.191,4,37,2,6.6,2,0.0,0.0,0.0,0.0,0.0,1.9,0.0,0.0,4.7,0.0,0.0,5,1,50.0,90.4,78.5,0.0,1,1,1,0,43.78,HIGH
Student_838,400,45.7,52.1,0.114,5,23,15,73.2,2,0.0,0.0,0.0,0.0,0.0,6.5,66.7,0.0,0.0,0.0,0.0,16,5,50.0,50.0,50.0,0.0,1,1,1,0,30.0,HIGH
Student_839,400,168.4,72.9,0.421,1,13,17,37.7,3,0.0,0.0,0.0,6.7,0.0,0.0,0.0,8.1,0.0,22.9,0.0,2,1,50.0,51.7,50.6,68.7,1,1,1,1,57.94,HIGH
Student_840,300,10.1,22.5,0.034,2,31,4,16.1,0,0.0,0.0,0.0,0.0,0.0,0.0,0.0,0.0,0.0,0.0,0.0,2,0,50.0,50.0,50.0,50.0,1,1,1,1,50.0,HIGH
Student_841,200,79.3,69.2,0.396,0,8,77,282.4,6,111.0,97.3,14.3,23.6,0.0,17.8,0.0,0.0,0.0,18.4,0.0,3,1,57.1,84.3,89.0,96.5,1,1,1,1,84.68,MEDIUM
Student_842,300,31.3,35.0,0.104,3,26,18,75.4,5,7.7,0.0,0.0,0.0,0.0,19.9,11.6,0.0,21.2,0.0,15.0,10,6,50.0,51.4,55.9,51.5,1,1,1,1,52.06,HIGH
Student_843,300,76.1,51.4,0.254,0,17,11,19.3,2,0.0,14.1,0.0,0.0,0.0,0.0,0.0,5.2,0.0,0.0,0.0,16,9,50.0,50.0,50.0,0.0,1,1,1,0,30.0,HIGH
Student_844,300,170.2,87.9,0.567,1,4,31,57.1,6,12.3,0.0,0.0,3.2,0.0,3.1,0.0,7.6,26.1,4.8,0.0,5,3,69.0,85.8,95.9,89.5,1,1,1,1,85.94,LOW
Student_845,400,21.4,23.5,0.054,1,39,0,0.0,3,0.0,0.0,0.0,0.0,0.0,0.0,0.0,0.0,0.0,0.0,0.0,6,1,50.0,50.0,50.0,50.0,1,1,1,1,50.0,HIGH
Student_846,600,25.9,19.4,0.043,2,58,23,38.4,6,2.1,9.3,11.0,0.0,0.0,5.5,0.0,6.5,0.0,3.9,0.0,7,3,50.0,50.0,50.0,50.0,1,1,1,1,50.0,HIGH
Student_847,200,98.5,84.0,0.492,0,4,42,205.4,9,77.5,1.5,0.0,18.4,0.0,24.0,22.1,2.0,14.6,9.4,35.9,2,1,63.7,58.6,50.0,75.2,1,1,1,1,64.54,HIGH
Student_848,200,93.6,62.1,0.468,1,11,26,127.0,6,0.0,0.0,35.6,36.1,9.0,0.0,0.0,34.6,9.7,0.0,2.0,27,5,50.0,77.0,57.0,62.6,1,1,1,1,61.84,HIGH
Student_849,600,184.8,51.2,0.308,4,41,24,45.2,5,0.0,2.0,12.7,3.4,8.9,0.0,0.0,0.0,18.2,0.0,0.0,12,5,50.0,59.0,50.0,50.7,1,1,1,1,52.08,HIGH
Student_850,486,442.1,88.7,0.91,0,7,49,74.4,6,1.9,0.0,15.3,0.0,30.7,0.0,9.6,9.0,0.0,8.0,0.0,4,1,97.3,70.1,68.3,73.9,1,1,1,1,76.7,MEDIUM
Student_851,400,372.5,92.0,0.931,0,4,37,55.9,8,8.3,3.0,2.8,0.0,4.7,1.2,0.0,20.9,3.0,11.9,0.0,19,11,85.3,90.6,92.6,100.0,1,1,1,1,93.7,LOW
Student_852,400,33.6,38.6,0.084,0,35,9,17.3,1,0.0,0.0,0.0,0.0,0.0,0.0,0.0,0.0,0.0,17.3,0.0,0,0,50.0,50.0,50.0,50.0,1,1,1,1,50.0,HIGH
Student_853,600,45.2,22.1,0.075,1,53,17,57.6,3,37.1,0.0,13.3,7.2,0.0,0.0,0.0,0.0,0.0,0.0,0.0,3,1,50.0,50.0,50.0,0.0,1,1,1,0,30.0,HIGH
Student_854,486,316.0,88.1,0.65,1,7,25,100.7,6,0.0,22.7,2.0,14.4,7.4,0.0,38.0,0.0,0.0,0.0,16.2,6,1,55.2,86.6,78.7,100.0,1,1,1,1,84.1,MEDIUM
Student_855,400,266.5,91.5,0.666,1,5,72,257.6,10,5.2,32.7,52.8,22.9,27.8,8.4,71.0,20.0,0.6,0.0,16.1,23,11,78.2,75.1,75.4,84.4,1,1,1,1,79.5,MEDIUM
Student_856,600,393.3,73.1,0.656,0,21,34,71.4,5,0.0,6.2,0.0,0.0,22.4,0.0,0.0,4.5,15.2,0.0,23.1,5,2,62.5,86.9,99.5,56.3,1,1,1,1,72.3,HIGH
Student_857,600,68.6,33.3,0.114,3,48,33,143.4,3,63.8,0.0,0.0,9.4,0.0,0.0,0.0,0.0,0.0,70.2,0.0,6,3,50.0,50.0,50.0,50.0,1,1,1,1,50.0,HIGH
Student_858,240,174.7,100.0,0.728,2,0,50,156.9,9,3.5,0.0,6.0,9.1,23.5,39.0,15.1,11.3,33.1,0.0,16.1,5,1,86.4,83.0,92.2,74.2,1,1,1,1,82.0,MEDIUM
Student_859,300,92.9,47.7,0.31,0,23,6,18.9,0,0.0,0.0,0.0,0.0,0.0,0.0,0.0,0.0,0.0,0.0,0.0,0,0,50.0,57.0,63.1,50.0,1,1,1,1,54.02,HIGH
Student_860,600,1.6,1.4,0.003,0,72,0,0.0,1,0.0,0.0,0.0,0.0,0.0,0.0,0.0,0.0,0.0,0.0,0.0,13,7,50.0,50.0,50.0,50.0,1,1,1,1,50.0,HIGH
Student_861,300,26.8,19.5,0.089,0,33,15,42.8,2,0.0,0.0,0.0,40.7,0.0,0.0,0.0,0.0,0.0,0.0,2.1,9,3,50.0,62.0,65.1,50.0,1,1,1,1,55.42,HIGH
Student_862,200,101.5,69.0,0.507,0,9,32,50.5,6,12.9,0.0,11.0,0.0,4.9,2.9,0.0,13.0,5.8,0.0,0.0,6,3,65.1,100.0,100.0,70.8,1,1,1,1,81.34,MEDIUM
Student_863,240,58.0,60.0,0.242,0,12,24,76.6,5,0.0,25.0,0.0,0.0,11.4,20.7,0.0,0.7,18.7,0.0,0.0,2,1,50.0,56.0,57.2,50.0,1,1,1,1,52.64,HIGH
Student_864,600,190.8,57.9,0.318,0,32,67,305.3,6,0.0,0.0,25.8,0.0,68.9,55.6,38.8,0.0,0.0,96.4,19.8,7,2,62.1,50.0,50.0,66.4,1,1,1,1,58.98,HIGH
Student_865,240,51.3,53.1,0.214,0,15,24,55.5,2,0.0,0.0,0.0,0.0,0.0,41.2,14.3,0.0,0.0,0.0,0.0,2,1,50.0,50.0,54.1,50.0,1,1,1,1,50.82,HIGH
Student_866,600,335.5,83.1,0.559,4,14,10,40.3,2,0.0,0.0,0.0,5.6,0.0,34.7,0.0,0.0,0.0,0.0,0.0,10,2,50.0,56.7,60.1,73.2,1,1,1,1,62.64,HIGH
Student_867,600,207.9,67.1,0.347,1,28,32,94.3,2,34.0,0.0,0.0,0.0,0.0,0.0,0.0,0.0,0.0,60.3,0.0,7,1,50.0,75.7,75.8,58.8,1,1,1,1,63.82,HIGH
Student_868,300,186.7,92.7,0.622,1,3,18,84.2,3,0.0,0.0,0.0,0.0,30.3,0.0,0.0,31.8,22.2,0.0,0.0,16,7,52.0,87.3,81.1,72.3,1,1,1,1,73.0,HIGH
Student_869,240,213.8,85.3,0.891,0,5,38,137.3,6,28.6,7.6,0.0,0.0,19.0,0.0,55.6,0.0,0.0,22.2,4.4,30,17,79.5,100.0,86.5,91.4,1,1,1,1,89.76,LOW
Student_870,200,64.6,68.0,0.323,2,8,23,81.1,2,45.4,0.0,0.0,0.0,0.0,0.0,0.0,0.0,35.7,0.0,0.0,19,11,50.0,71.3,52.3,68.5,1,1,1,1,62.12,HIGH
Student_871,300,78.6,63.4,0.262,3,15,14,26.1,0,0.0,0.0,0.0,0.0,0.0,0.0,0.0,0.0,0.0,0.0,0.0,1,0,50.0,50.0,50.0,50.0,1,1,1,1,50.0,HIGH
Student_872,300,207.0,69.8,0.69,0,13,71,176.4,10,13.3,3.7,72.5,31.4,17.3,4.0,0.0,4.8,7.6,10.7,11.2,8,1,85.9,97.4,100.0,65.1,1,1,1,1,82.7,MEDIUM
Student_873,600,4.9,5.2,0.008,0,73,1,4.5,0,0.0,0.0,0.0,0.0,0.0,0.0,0.0,0.0,0.0,0.0,0.0,0,0,50.0,50.0,50.0,50.0,1,1,1,1,50.0,HIGH
Student_874,200,57.4,46.4,0.287,0,15,33,150.8,3,9.6,0.0,0.0,0.0,0.0,0.0,0.0,105.6,0.0,35.6,0.0,4,2,50.0,50.0,55.0,0.0,1,1,1,0,31.0,HIGH
Student_875,486,8.3,12.9,0.017,0,54,13,21.8,2,0.0,0.0,0.0,0.0,0.0,19.5,0.0,2.3,0.0,0.0,0.0,0,0,50.0,50.0,50.0,50.0,1,1,1,1,50.0,HIGH
Student_876,300,23.5,34.3,0.078,1,23,16,79.4,3,46.2,0.0,0.0,0.0,0.0,0.0,0.0,0.0,21.6,11.6,0.0,1,0,50.0,50.0,50.0,50.0,1,1,1,1,50.0,HIGH
Student_877,240,156.3,68.8,0.651,0,10,27,102.4,3,0.0,42.1,0.0,0.0,0.0,36.8,0.0,0.0,0.0,0.0,23.5,12,7,50.0,100.0,94.6,67.2,1,1,1,1,75.8,MEDIUM
Student_878,486,36.2,31.1,0.074,0,42,28,82.4,5,22.2,0.0,15.6,0.0,0.0,12.5,2.3,29.8,0.0,0.0,0.0,5,1,50.0,50.0,50.0,0.0,1,1,1,0,30.0,HIGH
Student_879,400,206.4,86.7,0.516,0,6,60,297.4,6,0.0,0.0,34.9,22.7,20.4,0.0,24.2,157.0,0.0,0.0,38.2,4,1,76.9,92.9,98.6,98.0,1,1,1,1,92.88,LOW
Student_880,240,112.4,67.6,0.468,4,11,52,172.2,10,6.2,7.5,5.5,16.2,0.0,11.5,47.9,32.2,5.1,28.6,11.5,27,8,78.0,90.0,87.7,80.1,1,1,1,1,83.18,MEDIUM
Student_881,600,463.4,83.1,0.772,4,13,27,74.0,9,4.7,9.7,4.0,5.7,0.0,9.8,23.3,5.7,0.0,1.4,9.6,10,6,56.4,95.1,88.1,92.2,1,1,1,1,84.8,MEDIUM
Student_882,300,112.0,73.2,0.373,1,11,34,81.0,5,0.0,19.5,0.0,21.0,38.1,1.0,0.0,0.0,0.0,1.5,0.0,9,3,50.0,61.8,66.4,65.3,1,1,1,1,61.76,HIGH
Student_883,400,149.8,63.0,0.375,2,17,34,126.1,4,28.5,0.0,24.9,0.0,0.0,61.7,0.0,0.0,0.0,10.9,0.0,8,4,50.0,82.9,76.7,65.6,1,1,1,1,68.16,HIGH
Student_884,240,231.9,97.1,0.966,0,1,25,53.7,6,28.1,11.3,0.0,2.8,0.0,5.5,3.9,1.9,0.0,0.0,0.0,11,4,64.6,100.0,100.0,82.0,1,1,1,1,85.72,LOW
Student_885,300,45.4,42.5,0.151,1,23,30,114.7,5,9.1,12.9,0.0,71.9,13.0,0.0,0.0,7.8,0.0,0.0,0.0,2,0,50.0,50.0,53.6,0.0,1,1,1,0,30.72,HIGH
Student_886,200,99.0,69.2,0.495,0,8,28,93.1,8,0.0,0.0,18.1,34.1,4.5,0.0,12.6,11.7,1.8,8.2,2.1,7,4,50.0,92.6,100.0,70.7,1,1,1,1,76.8,MEDIUM
Student_887,486,57.9,32.8,0.119,0,45,27,55.1,4,0.0,25.2,17.0,8.7,0.0,0.0,4.3,0.0,0.0,0.0,0.0,8,5,50.0,61.1,50.0,50.0,1,1,1,1,52.22,HIGH
Student_888,400,211.7,71.7,0.529,0,13,52,131.0,7,17.6,0.0,37.9,4.5,25.8,0.0,6.8,28.2,10.2,0.0,0.0,5,2,61.0,92.5,79.7,80.6,1,1,1,1,78.88,MEDIUM
Student_889,240,4.1,11.1,0.017,0,24,6,21.8,3,0.0,17.5,0.0,0.0,0.0,1.8,2.5,0.0,0.0,0.0,0.0,3,0,50.0,50.0,50.0,50.0,1,1,1,1,50.0,HIGH
Student_890,240,124.7,65.7,0.52,0,12,27,60.3,6,0.0,5.0,6.4,0.0,10.5,0.0,8.4,0.0,5.2,0.0,24.8,5,2,50.0,72.2,69.9,73.1,1,1,1,1,67.66,HIGH
Student_891,400,59.7,39.3,0.149,3,34,7,14.6,1,0.0,0.0,0.0,0.0,14.6,0.0,0.0,0.0,0.0,0.0,0.0,7,4,50.0,50.0,50.0,50.0,1,1,1,1,50.0,HIGH
Student_892,240,9.3,18.2,0.039,0,27,4,6.5,0,0.0,0.0,0.0,0.0,0.0,0.0,0.0,0.0,0.0,0.0,0.0,4,0,50.0,50.0,50.0,0.0,1,1,1,0,30.0,HIGH
Student_893,486,13.6,10.1,0.028,1,62,28,73.2,3,0.0,13.4,0.0,45.9,0.0,0.0,0.0,0.0,0.0,0.0,13.9,1,0,50.0,50.0,50.0,0.0,1,1,1,0,30.0,HIGH
Student_894,486,355.4,85.5,0.731,0,8,57,111.7,8,4.6,13.9,0.0,13.1,7.1,30.8,0.0,23.4,0.0,7.3,11.5,10,4,96.0,100.0,100.0,96.7,1,1,1,1,97.88,LOW
Student_895,486,44.9,23.8,0.092,1,48,8,23.0,0,0.0,0.0,0.0,0.0,0.0,0.0,0.0,0.0,0.0,0.0,0.0,3,0,50.0,50.0,50.0,50.0,1,1,1,1,50.0,HIGH
Student_896,486,438.8,84.5,0.903,0,11,35,75.4,6,0.0,6.1,0.0,5.3,0.0,0.0,24.4,4.5,6.2,28.8,0.0,9,4,77.0,100.0,99.8,86.7,1,1,1,1,90.04,LOW
Student_897,200,21.9,37.0,0.109,0,17,11,48.0,2,0.0,0.0,0.0,0.0,1.4,0.0,0.0,0.0,46.6,0.0,0.0,13,4,50.0,50.0,50.0,50.0,1,1,1,1,50.0,HIGH
Student_898,200,76.9,57.7,0.384,2,11,22,94.8,6,0.0,7.5,9.8,0.0,0.0,0.0,13.5,43.3,0.0,12.8,8.0,5,2,50.0,64.6,53.5,56.5,1,1,1,1,56.22,HIGH
Student_899,240,23.1,27.6,0.096,0,21,31,76.2,4,0.0,6.1,0.0,0.0,13.6,0.0,0.0,0.0,48.8,0.0,7.7,6,3,50.0,76.0,60.6,0.0,1,1,1,0,37.32,HIGH
Student_900,400,9.2,12.3,0.023,0,50,8,24.5,2,0.0,0.0,8.3,0.0,16.2,0.0,0.0,0.0,0.0,0.0,0.0,0,0,50.0,50.0,50.0,50.0,1,1,1,1,50.0,HIGH
Student_901,400,1.1,1.8,0.003,0,56,8,26.9,3,3.6,7.5,0.0,0.0,0.0,0.0,0.0,0.0,15.8,0.0,0.0,6,3,50.0,50.0,50.0,50.0,1,1,1,1,50.0,HIGH
Student_902,600,40.8,21.4,0.068,1,55,21,93.9,2,92.3,0.0,0.0,0.0,0.0,0.0,0.0,0.0,1.6,0.0,0.0,4,1,50.0,50.0,50.0,50.0,1,1,1,1,50.0,HIGH
Student_903,400,384.3,96.4,0.961,2,2,32,84.3,6,0.0,0.0,1.8,40.4,19.4,0.0,0.0,0.0,11.6,4.8,6.4,29,8,89.5,90.6,93.3,89.6,1,1,1,1,90.52,LOW
Student_904,300,213.1,86.4,0.71,0,6,45,183.1,6,0.0,0.0,0.0,61.3,0.0,29.1,0.8,20.0,62.2,0.0,9.7,5,1,89.4,86.5,82.2,93.4,1,1,1,1,88.98,LOW
Student_905,240,124.3,75.9,0.518,0,7,69,199.0,8,10.6,8.2,0.0,40.6,0.0,4.4,26.9,29.7,37.8,40.7,0.0,18,6,65.3,96.2,93.6,73.4,1,1,1,1,80.38,MEDIUM
Student_906,200,44.1,42.3,0.22,0,15,24,108.8,6,0.0,7.4,0.0,24.4,0.0,16.8,0.0,0.4,0.0,52.5,7.4,9,2,50.0,50.0,59.9,0.0,1,1,1,0,31.98,HIGH
Student_907,240,26.7,39.3,0.111,2,17,7,17.7,2,12.4,0.0,5.3,0.0,0.0,0.0,0.0,0.0,0.0,0.0,0.0,3,0,50.0,56.4,50.0,50.0,1,1,1,1,51.28,HIGH
Student_908,200,67.2,50.0,0.336,0,13,12,56.4,2,0.0,0.0,0.0,29.0,0.0,0.0,0.0,0.0,0.0,27.4,0.0,6,2,50.0,67.1,50.0,68.6,1,1,1,1,60.86,HIGH
Student_909,600,65.9,41.6,0.11,2,45,25,76.2,3,0.0,0.0,31.8,0.0,0.0,0.0,34.6,9.9,0.0,0.0,0.0,12,6,50.0,50.0,50.0,0.0,1,1,1,0,30.0,HIGH
Student_910,300,52.7,41.7,0.176,2,21,19,32.5,2,0.0,9.9,0.0,0.0,0.0,0.0,0.0,0.0,0.0,0.0,22.6,8,3,50.0,50.0,50.0,50.0,1,1,1,1,50.0,HIGH
Student_911,240,36.7,50.0,0.153,1,14,14,37.1,2,0.0,12.2,0.0,0.0,0.0,0.0,0.0,24.9,0.0,0.0,0.0,11,5,50.0,50.0,50.0,55.9,1,1,1,1,52.36,HIGH
Student_912,240,19.0,30.3,0.079,2,23,8,24.7,3,0.0,4.3,10.0,0.0,0.0,0.0,0.0,0.0,10.4,0.0,0.0,6,2,50.0,50.0,50.0,0.0,1,1,1,0,30.0,HIGH
Student_913,486,367.9,100.0,0.757,0,0,48,211.4,10,33.1,2.1,32.6,58.8,11.6,13.0,2.1,1.5,0.0,16.0,40.6,4,1,71.9,89.9,91.4,100.0,1,1,1,1,90.64,LOW
Student_914,400,102.9,58.6,0.257,2,24,29,111.0,6,0.0,1.8,0.0,0.0,24.3,0.8,33.2,0.0,0.0,7.9,42.9,12,4,50.0,50.7,51.5,0.0,1,1,1,0,30.44,HIGH
Student_915,200,27.5,36.0,0.138,1,16,28,46.8,6,2.5,2.5,6.8,18.6,0.0,9.1,0.0,0.0,0.0,7.2,0.0,8,2,50.0,54.0,50.0,0.0,1,1,1,0,30.8,HIGH
Student_916,300,238.7,94.1,0.796,0,2,39,100.0,8,6.7,16.3,14.4,10.4,0.0,0.0,1.5,7.9,12.1,30.6,0.0,13,7,95.1,100.0,100.0,87.9,1,1,1,1,94.18,LOW
Student_917,240,6.3,13.3,0.026,0,26,0,0.0,3,0.0,0.0,0.0,0.0,0.0,0.0,0.0,0.0,0.0,0.0,0.0,2,1,50.0,50.0,50.0,50.0,1,1,1,1,50.0,HIGH
Student_918,200,14.9,25.9,0.074,1,20,1,4.4,2,0.0,0.0,0.0,0.0,0.0,0.0,1.1,0.0,0.0,0.0,3.3,7,1,50.0,50.0,50.0,50.0,1,1,1,1,50.0,HIGH
Student_919,200,50.2,55.6,0.251,1,12,25,106.1,4,0.0,9.5,0.0,0.0,0.0,59.0,0.0,23.4,14.1,0.0,0.0,19,6,50.0,68.7,63.9,68.2,1,1,1,1,63.8,HIGH
Student_920,400,150.9,64.6,0.377,1,17,63,300.1,10,23.7,0.0,49.8,31.3,27.0,27.8,9.1,13.2,10.3,93.0,15.0,7,3,50.0,69.1,78.6,74.9,1,1,1,1,69.5,HIGH
Student_921,200,93.2,80.0,0.466,0,5,24,94.2,2,48.3,0.0,0.0,0.0,0.0,0.0,0.0,45.9,0.0,0.0,0.0,8,1,57.1,71.6,62.8,78.4,1,1,1,1,69.66,HIGH
Student_922,200,119.8,76.0,0.599,0,6,30,57.5,5,0.0,0.8,0.0,11.2,25.1,10.4,10.1,0.0,0.0,0.0,0.0,17,8,68.4,77.7,80.8,93.7,1,1,1,1,82.86,MEDIUM
Student_923,600,47.6,22.1,0.079,3,60,13,61.6,2,0.0,0.0,0.0,0.0,0.0,0.0,17.5,0.0,0.0,0.0,44.1,5,2,50.0,50.0,50.0,0.0,1,1,1,0,30.0,HIGH
Student_924,300,103.0,61.9,0.343,2,16,59,168.0,6,102.8,8.8,0.0,0.0,27.3,0.0,0.0,0.0,9.3,7.3,12.5,1,0,77.8,50.0,50.0,73.7,1,1,1,1,65.04,HIGH
Student_925,200,41.7,37.9,0.209,0,18,2,3.7,3,0.0,1.3,0.0,0.0,1.5,0.0,0.0,0.0,0.9,0.0,0.0,2,1,50.0,70.5,60.9,50.0,1,1,1,1,56.28,HIGH
Student_926,486,165.4,53.2,0.34,2,29,11,26.1,3,0.0,5.4,7.5,0.0,0.0,0.0,13.2,0.0,0.0,0.0,0.0,4,2,50.0,52.9,58.9,50.0,1,1,1,1,52.36,HIGH
Student_927,240,40.5,41.2,0.169,0,20,16,61.8,2,0.0,0.0,0.0,0.0,0.0,2.9,0.0,58.9,0.0,0.0,0.0,5,2,50.0,50.0,50.0,0.0,1,1,1,0,30.0,HIGH
Student_928,300,182.4,75.7,0.608,0,9,61,288.3,8,49.2,0.0,49.5,11.3,2.6,31.7,5.4,0.0,0.0,15.9,122.7,3,0,71.1,75.4,79.7,93.5,1,1,1,1,82.64,MEDIUM
Student_929,600,271.3,62.8,0.452,7,29,13,22.0,3,0.0,0.0,0.0,0.0,0.0,0.0,3.9,12.6,0.0,0.0,5.5,2,1,50.0,50.0,55.7,60.9,1,1,1,1,55.5,HIGH
Student_930,400,79.6,41.8,0.199,2,32,0,0.0,0,0.0,0.0,0.0,0.0,0.0,0.0,0.0,0.0,0.0,0.0,0.0,5,2,50.0,50.0,50.0,50.0,1,1,1,1,50.0,HIGH
Student_931,600,241.2,72.0,0.402,2,21,32,129.8,6,34.9,0.0,28.5,6.9,0.0,0.0,17.2,21.2,0.0,21.2,0.0,3,1,50.0,86.2,64.4,56.2,1,1,1,1,62.6,HIGH
Student_932,240,51.3,45.7,0.214,0,19,57,92.4,9,7.5,16.5,11.5,11.0,7.2,1.7,11.4,0.0,6.2,0.0,19.3,5,2,50.0,61.9,50.4,0.0,1,1,1,0,32.46,HIGH
Student_933,200,27.3,40.0,0.136,2,15,1,4.9,1,4.9,0.0,0.0,0.0,0.0,0.0,0.0,0.0,0.0,0.0,0.0,5,3,50.0,50.0,50.0,0.0,1,1,1,0,30.0,HIGH
Student_934,200,117.6,75.9,0.588,0,7,68,280.1,6,41.6,37.1,64.9,0.0,0.0,0.0,32.2,0.0,0.0,8.8,95.6,5,1,80.4,82.3,81.2,75.4,1,1,1,1,78.94,MEDIUM
Student_935,200,159.9,89.3,0.8,1,3,67,313.0,10,30.2,50.8,39.7,27.2,0.0,32.0,14.6,72.4,20.2,13.8,12.1,4,2,91.0,100.0,100.0,100.0,1,1,1,1,98.2,LOW
Student_936,300,49.1,42.4,0.164,0,19,20,33.0,2,0.0,0.0,0.0,3.2,0.0,0.0,0.0,0.0,0.0,29.8,0.0,6,4,50.0,96.5,84.4,53.0,1,1,1,1,67.38,HIGH
Student_937,200,42.4,48.0,0.212,0,13,34,131.9,3,0.0,63.6,0.0,0.0,0.0,0.0,40.9,0.0,0.0,0.0,27.4,1,0,50.0,50.0,50.0,61.9,1,1,1,1,54.76,HIGH
Student_938,300,48.9,44.1,0.163,1,19,22,94.1,5,2.1,0.0,11.5,0.0,29.9,0.0,0.0,10.8,0.0,39.8,0.0,9,3,50.0,78.7,50.0,0.0,1,1,1,0,35.74,HIGH
Student_939,600,474.7,81.6,0.791,0,14,38,72.4,6,0.0,0.0,0.9,0.0,4.6,0.0,11.0,26.7,15.4,0.0,13.8,29,18,68.8,92.7,100.0,81.2,1,1,1,1,84.78,MEDIUM
Student_940,240,120.4,64.5,0.502,0,11,36,178.1,10,4.0,10.8,0.0,6.2,2.9,14.6,19.7,63.8,3.6,45.1,7.3,10,4,51.4,97.9,97.2,82.7,1,1,1,1,82.38,MEDIUM
Student_941,240,24.5,27.3,0.102,1,24,2,3.9,0,0.0,0.0,0.0,0.0,0.0,0.0,0.0,0.0,0.0,0.0,0.0,5,3,50.0,50.0,50.0,50.0,1,1,1,1,50.0,HIGH
Student_942,240,24.3,34.3,0.101,2,23,0,0.0,0,0.0,0.0,0.0,0.0,0.0,0.0,0.0,0.0,0.0,0.0,0.0,4,2,50.0,50.0,50.0,50.0,1,1,1,1,50.0,HIGH
Student_943,240,131.6,76.7,0.548,1,7,1,5.0,2,0.0,0.0,0.0,3.0,0.0,0.0,0.0,0.0,2.0,0.0,0.0,10,4,50.0,51.4,59.5,50.0,1,1,1,1,52.18,HIGH
Student_944,486,43.8,29.4,0.09,1,48,9,16.9,3,0.0,0.0,1.7,12.3,0.0,2.9,0.0,0.0,0.0,0.0,0.0,4,0,50.0,50.0,50.0,0.0,1,1,1,0,30.0,HIGH
Student_945,240,50.7,53.3,0.211,2,14,27,46.2,3,0.0,26.5,0.0,0.0,0.0,8.9,0.0,0.0,10.9,0.0,0.0,5,1,50.0,58.3,50.0,50.0,1,1,1,1,51.66,HIGH
Student_946,200,3.4,15.4,0.017,0,22,1,2.5,1,0.0,0.0,0.0,0.0,0.0,2.5,0.0,0.0,0.0,0.0,0.0,17,6,50.0,50.0,50.0,50.0,1,1,1,1,50.0,HIGH
Student_947,486,262.9,66.7,0.541,0,20,27,89.6,7,7.5,3.7,0.0,7.8,24.6,9.8,16.0,0.0,0.0,0.0,20.3,7,2,50.0,95.0,97.8,83.7,1,1,1,1,82.04,MEDIUM
Student_948,600,22.4,26.4,0.037,5,53,12,54.6,2,0.0,0.0,0.0,0.0,0.0,0.0,20.6,0.0,0.0,0.0,34.0,5,1,50.0,50.0,50.0,0.0,1,1,1,0,30.0,HIGH
Student_949,600,462.5,89.3,0.771,0,8,74,195.7,8,0.0,0.0,6.0,82.7,14.0,3.6,0.0,1.7,45.0,19.1,23.5,13,4,87.5,66.1,76.1,97.3,1,1,1,1,84.86,MEDIUM
Student_950,486,107.2,44.8,0.221,4,37,23,52.2,2,0.0,3.3,0.0,48.9,0.0,0.0,0.0,0.0,0.0,0.0,0.0,2,0,50.0,63.9,62.6,0.0,1,1,1,0,35.3,HIGH
Student_951,300,9.6,13.5,0.032,0,32,14,23.0,0,0.0,0.0,0.0,0.0,0.0,0.0,0.0,0.0,0.0,0.0,0.0,4,2,50.0,50.0,50.0,0.0,1,1,1,0,30.0,HIGH
Student_952,200,58.8,60.0,0.294,0,10,65,240.1,6,0.0,53.9,47.7,0.0,0.0,48.7,0.0,60.8,5.5,0.0,23.4,2,0,52.6,77.4,89.9,82.8,1,1,1,1,77.1,MEDIUM
Student_953,240,44.2,43.8,0.184,0,18,10,26.3,2,0.0,0.0,22.6,0.0,0.0,3.7,0.0,0.0,0.0,0.0,0.0,18,6,50.0,50.0,50.0,0.0,1,1,1,0,30.0,HIGH
Student_954,240,98.9,65.5,0.412,0,10,31,137.6,7,3.2,10.1,0.0,0.0,21.7,34.9,0.0,17.8,8.8,41.2,0.0,6,2,57.3,85.3,88.5,71.9,1,1,1,1,74.98,HIGH
Student_955,400,49.6,30.8,0.124,1,36,21,56.5,4,0.0,0.0,1.2,30.3,0.0,0.0,0.0,0.0,0.0,3.7,21.2,4,2,50.0,60.2,50.0,0.0,1,1,1,0,32.04,HIGH
Student_956,486,210.9,68.7,0.434,6,21,17,26.0,3,0.0,0.0,0.0,0.0,0.0,3.8,3.4,18.8,0.0,0.0,0.0,2,1,50.0,50.0,50.0,59.0,1,1,1,1,53.6,HIGH
Student_957,240,32.9,35.3,0.137,0,22,30,147.3,6,8.2,0.0,49.0,16.8,0.0,0.0,24.3,0.0,40.7,8.3,0.0,5,1,50.0,61.3,66.6,53.7,1,1,1,1,57.06,HIGH
Student_958,200,42.6,42.9,0.213,1,16,25,88.1,5,12.5,0.4,0.0,0.0,0.0,0.0,15.9,9.5,0.0,49.7,0.0,28,19,50.0,50.0,50.0,59.0,1,1,1,1,53.6,HIGH
Student_959,240,71.0,56.7,0.296,0,13,34,123.1,5,0.0,2.0,28.9,30.2,0.0,0.0,12.1,50.0,0.0,0.0,0.0,5,2,50.0,75.5,67.7,0.0,1,1,1,0,38.64,HIGH
Student_960,200,95.2,68.0,0.476,1,8,45,87.9,6,6.2,12.1,0.0,0.0,0.0,6.5,0.0,49.2,4.1,9.8,0.0,25,6,59.9,61.9,93.0,74.9,1,1,1,1,72.92,HIGH
Student_961,400,127.3,59.6,0.318,2,21,19,65.1,5,5.3,5.8,10.4,31.2,0.0,0.0,0.0,0.0,0.0,0.0,12.4,42,9,50.0,61.9,60.7,61.3,1,1,1,1,59.04,HIGH
Student_962,400,110.7,55.3,0.277,1,21,28,116.5,6,32.6,0.0,6.6,0.0,0.0,25.8,0.0,2.9,0.0,7.6,41.0,3,0,50.0,60.2,57.0,0.0,1,1,1,0,33.44,HIGH
Student_963,400,76.6,33.9,0.191,1,37,15,58.2,5,0.0,0.0,0.0,7.9,0.0,1.0,0.0,34.6,6.7,0.0,8.1,12,3,50.0,50.0,50.0,52.5,1,1,1,1,51.0,HIGH
Student_964,200,0.0,0.0,0.0,0,28,9,15.1,3,0.0,0.0,0.0,5.0,0.0,6.5,0.0,0.0,0.0,3.6,0.0,5,3,50.0,50.0,50.0,50.0,1,1,1,1,50.0,HIGH
Student_965,240,215.3,85.7,0.897,0,5,45,137.0,5,0.0,14.8,13.1,0.0,58.3,0.0,0.0,0.0,23.3,0.0,27.4,1,0,75.3,70.9,88.2,100.0,1,1,1,1,86.88,LOW
Student_966,400,390.4,100.0,0.976,0,0,64,266.9,8,24.6,24.5,17.8,0.0,63.7,17.7,9.9,56.6,51.9,0.0,0.0,6,2,100.0,87.3,91.0,94.6,1,1,1,1,93.5,LOW
Student_967,486,195.4,60.0,0.402,1,28,32,131.3,6,71.6,0.0,0.0,0.0,0.0,3.8,7.3,16.5,13.2,19.0,0.0,20,4,50.0,67.3,60.6,71.0,1,1,1,1,63.98,HIGH
Student_968,240,62.2,39.3,0.259,1,17,9,25.1,3,0.0,2.7,0.0,0.0,0.0,0.0,7.3,0.0,0.0,0.0,15.1,4,1,50.0,56.2,50.0,0.0,1,1,1,0,31.24,HIGH
Student_969,400,293.7,80.7,0.734,0,11,46,177.7,6,15.3,30.4,0.0,0.0,55.7,0.0,0.0,37.2,3.7,35.4,0.0,17,10,66.2,74.8,72.9,98.9,1,1,1,1,82.34,MEDIUM
Student_970,400,344.4,96.1,0.861,3,2,27,82.2,9,4.5,0.0,13.6,10.3,8.2,4.3,3.5,3.3,13.5,21.1,0.0,13,7,56.2,62.4,50.0,92.0,1,1,1,1,70.52,HIGH
Student_971,400,34.6,26.9,0.087,3,38,12,52.2,1,0.0,0.0,0.0,0.0,0.0,0.0,0.0,0.0,0.0,0.0,52.2,17,4,50.0,50.0,50.0,50.0,1,1,1,1,50.0,HIGH
Student_972,300,224.4,81.1,0.748,0,7,49,74.4,7,3.5,11.5,12.6,0.0,3.4,0.0,14.3,0.0,20.6,0.0,8.6,3,1,63.6,67.9,84.5,89.1,1,1,1,1,78.84,MEDIUM
Student_973,200,75.1,48.3,0.375,0,15,53,149.3,8,8.1,0.0,7.9,5.7,32.1,56.5,0.0,4.3,0.0,30.2,4.5,24,12,56.8,56.5,66.3,74.7,1,1,1,1,65.8,HIGH
Student_974,200,44.3,48.1,0.221,0,14,32,52.8,5,0.0,0.0,0.0,30.2,0.0,2.4,8.0,6.8,0.0,5.4,0.0,3,1,50.0,50.0,50.0,0.0,1,1,1,0,30.0,HIGH
Student_975,300,29.7,22.7,0.099,0,34,34,163.1,5,40.4,0.0,0.0,64.1,0.0,0.0,0.0,12.0,33.6,13.0,0.0,12,6,50.0,50.0,50.0,0.0,1,1,1,0,30.0,HIGH
Student_976,300,56.2,56.8,0.187,2,16,25,53.3,5,11.1,20.8,0.0,6.1,0.0,7.9,7.4,0.0,0.0,0.0,0.0,9,5,50.0,50.0,58.1,0.0,1,1,1,0,31.62,HIGH
Student_977,600,117.6,35.6,0.196,3,56,15,27.0,3,0.0,0.0,0.0,0.0,11.6,0.0,6.7,0.0,0.0,8.7,0.0,0,0,50.0,62.3,88.1,0.0,1,1,1,0,40.08,HIGH
Student_978,600,48.1,31.8,0.08,4,58,4,17.2,2,0.0,0.0,0.0,0.0,0.0,0.0,0.0,4.7,0.0,12.5,0.0,3,1,50.0,50.0,50.0,0.0,1,1,1,0,30.0,HIGH
Student_979,200,49.9,48.1,0.25,0,14,34,76.9,4,0.0,0.0,0.0,3.9,0.0,15.2,0.0,12.7,0.0,45.1,0.0,9,4,50.0,50.0,50.0,50.0,1,1,1,1,50.0,HIGH
Student_980,486,184.1,76.3,0.379,4,14,15,32.2,3,4.0,0.0,0.0,0.0,0.0,0.0,0.0,6.0,0.0,0.0,22.1,6,1,50.0,50.0,69.6,51.5,1,1,1,1,54.52,HIGH
Student_981,240,180.3,93.8,0.751,0,2,46,117.0,5,0.0,0.0,25.0,0.0,32.9,3.6,0.0,0.0,27.4,28.1,0.0,7,4,96.2,97.1,100.0,99.7,1,1,1,1,98.54,LOW
Student_982,200,73.4,60.0,0.367,0,10,49,173.9,7,20.6,0.0,40.3,27.7,0.0,26.8,0.0,1.7,18.2,0.0,38.6,15,3,50.0,81.3,83.0,77.1,1,1,1,1,73.7,HIGH
Student_983,486,11.5,13.3,0.024,0,52,1,4.7,1,0.0,0.0,0.0,0.0,0.0,0.0,0.0,0.0,0.0,0.0,4.7,1,0,50.0,50.0,50.0,50.0,1,1,1,1,50.0,HIGH
Student_984,240,193.6,86.2,0.807,0,4,74,358.5,5,26.5,0.0,0.0,0.0,0.0,0.0,49.4,0.0,82.1,129.6,70.9,3,2,91.7,85.6,98.0,93.6,1,1,1,1,92.5,LOW
Student_985,200,64.9,57.1,0.324,1,12,14,38.3,3,16.6,4.0,0.0,0.0,0.0,0.0,0.0,17.7,0.0,0.0,0.0,10,3,50.0,50.0,50.0,50.6,1,1,1,1,50.24,HIGH
Student_986,200,116.3,68.0,0.582,0,8,79,282.1,7,0.0,52.3,78.2,18.4,7.9,33.6,56.9,0.0,0.0,0.0,34.9,16,8,59.9,84.3,78.5,72.8,1,1,1,1,73.66,HIGH
Student_987,300,165.9,75.0,0.553,1,11,29,59.2,8,7.3,8.1,8.4,0.8,3.9,0.0,3.0,6.4,21.4,0.0,0.0,14,3,50.0,51.5,61.6,71.7,1,1,1,1,61.3,HIGH
Student_988,240,31.6,37.9,0.132,1,18,2,8.5,1,0.0,0.0,8.5,0.0,0.0,0.0,0.0,0.0,0.0,0.0,0.0,9,3,50.0,50.0,50.0,50.0,1,1,1,1,50.0,HIGH
Student_989,300,218.5,92.7,0.728,0,3,45,75.1,5,5.2,0.0,19.6,19.8,10.2,0.0,0.0,0.0,20.3,0.0,0.0,14,8,94.2,90.3,92.0,97.7,1,1,1,1,94.38,LOW
Student_990,486,145.4,56.9,0.299,6,31,73,248.6,7,20.4,28.4,21.4,14.6,76.2,0.0,0.0,37.5,50.0,0.0,0.0,10,2,59.7,59.6,66.6,0.0,1,1,1,0,37.18,HIGH
Student_991,300,145.1,73.2,0.484,0,11,20,53.1,4,0.0,23.0,3.9,4.1,0.0,0.0,0.0,0.0,0.0,22.0,0.0,5,1,50.0,79.4,68.6,66.4,1,1,1,1,66.16,HIGH
Student_992,486,212.9,74.6,0.438,3,15,31,119.2,3,0.0,33.9,0.0,0.0,0.0,0.0,0.0,24.9,0.0,60.5,0.0,6,1,50.0,61.7,54.3,68.8,1,1,1,1,60.72,HIGH
Student_993,240,219.5,93.8,0.915,0,2,64,179.7,8,23.4,57.2,0.0,29.3,0.0,31.6,5.9,0.0,1.0,22.7,8.6,10,3,84.0,79.4,74.4,100.0,1,1,1,1,87.56,LOW
Student_994,486,38.9,31.0,0.08,3,40,20,60.6,3,0.0,0.0,0.0,0.0,0.0,8.4,0.0,0.0,0.0,22.3,29.9,6,1,50.0,50.0,50.0,0.0,1,1,1,0,30.0,HIGH
Student_995,486,315.1,82.3,0.648,0,11,47,213.0,6,10.1,0.0,39.4,55.7,0.0,25.7,3.8,78.5,0.0,0.0,0.0,3,1,79.4,91.4,84.2,93.7,1,1,1,1,88.48,LOW
Student_996,200,96.6,80.0,0.483,0,5,38,158.1,5,17.9,84.0,46.2,0.0,0.0,0.0,0.0,6.5,0.0,3.4,0.0,17,4,65.9,100.0,100.0,89.7,1,1,1,1,89.06,LOW
Student_997,400,188.1,70.8,0.47,2,14,61,155.9,5,43.4,31.3,0.0,0.0,0.0,63.0,16.6,0.0,1.6,0.0,0.0,6,2,73.1,70.7,79.9,98.5,1,1,1,1,84.14,MEDIUM
Student_998,486,6.2,11.1,0.013,2,56,14,48.4,2,0.0,0.0,0.0,0.0,0.0,11.4,0.0,0.0,0.0,37.0,0.0,3,1,50.0,50.0,50.0,50.0,1,1,1,1,50.0,HIGH
Student_999,200,75.4,59.3,0.377,0,11,66,214.5,6,0.0,0.0,43.8,21.4,14.1,0.0,42.5,0.0,52.2,40.4,0.0,7,3,55.4,66.4,66.5,55.8,1,1,1,1,59.98,HIGH
Student_1000,200,97.4,64.0,0.487,0,9,50,125.9,8,13.2,0.0,6.8,18.1,12.4,21.5,0.0,0.0,10.2,6.8,36.8,3,2,54.3,63.1,58.9,78.6,1,1,1,1,66.7,HIGH
